:100000000C9446080C9477080C9477080C947708A5
:100010000C9477080C9477080C9477080C94770864
:100020000C9477080C9477080C9477080C94770854
:100030000C9477080C9477080C9477080C94770844
:100040000C9477080C9477080C9477080C94770834
:100050000C9477080C9477080C9477080C94BF875D
:100060000C9477080C94784D0C944E4D0C947708B2
:100070000C9477080C9477080C9477080C94770804
:100080000C9477080C9477080C9477080C947708F4
:100090000C94244D0C94FA4C0C9477080C9448540E
:1000A0000C9477080C9477080C9477080C947708D4
:1000B0000C9477080C9477080C9477080C947708C4
:1000C0000C9477080C9477080C9477080C94D04C17
:1000D0000C94A64C0C9477080C947C4C0C94524CC9
:1000E0000C94770805A84CCDB2D44EB93836A90285
:1000F0000C50B9918688083CA6AAAA2ABE00000026
:10010000803F07634236B79BD8A71A39685618AEA6
:10011000BAAB558C1D3CB7CC5763BD6DEDFD753E3C
:10012000F6177231BF000000803F08000000BE9249
:100130002449123EABAAAA2ABECDCCCC4C3E00002C
:100140000080BEABAAAAAA3E00000000BF000000CB
:10015000803F0000000000084178D3BB4387D113E3
:100160003D190E3CC3BD4282AD2B3E68EC8276BE8B
:10017000D98FE1A93E4C80EFFFBE01C4FF7F3F0055
:10018000000000000C94997A0C94CF920C94164ABB
:100190000C94CE7B0C943D980C9417440C946CA951
:1001A0000C94297A0C947A790C9472840C946D973F
:1001B0000C9498790C94B6490C9402940C942A915E
:1001C0000C9492790C94D3470C941A980C94EAA945
:1001D0000C9440AA0C946D410C9420960C949E496A
:1001E0000C94A6790C94C7980C94DD280C94D2AC8E
:1001F0000C9499A50C94B5AD0C9479460C9421AE51
:100200000C941B990C94AB780C9484840C94E84364
:100210000C9447980C9458AD0C94D0910C94807920
:100220000C941AA40C94604A0C94A9A10C94A07983
:100230000C9400900C94C2460C9449AE0C942E275A
:100240000C9498840C94AA270C945E7A0C941E7CCF
:100250000C9408910C948E780C9438A90C94E7A017
:100260000C9439AD0C9410AB0C940F970C94729FB6
:100270000C94BB840C94C6A70C94FCA80C942998ED
:100280000C94429E0C941B7C0C947E9F0C94D890F2
:100290000C948E840C9491430C94799A0C948798C6
:1002A0000C94D0A50C949E450C94C2910C94568449
:1002B0000C94F47B0C94EEA40C945B970C947691C4
:1002C0000C9428A50C94C29E0C9492A20C940892B3
:1002D0000C9422460C94BB430C941F980C948C45B0
:1002E0000C94197C0C9433980C94F5A10C9481789F
:1002F0000C94D9840C94DE580C94A5AC0C94FE9EFE
:100300000C9415910C94A6AA0C943A990C94DE9E28
:100310000C9492960C943C910C94077A0C9468AED1
:100320000C94197A0C94137A0C9459920C94B09101
:100330000C940D480C94E77A0C9412900C94C145DF
:100340000C94A8780C947D930C94D97B0C94CFA337
:100350000C94D77B0C94DF7B0C94009A0C941AA914
:100360000C940C820C94DC580C949E910C94924347
:100370000C946C480C94B5930C94CDA00C942E98CE
:100380000C94AB8F0C941EAA0C94CC9E0C9420A8B9
:100390000C94409D0C94F09F0C94EB7B0C943928AA
:1003A0000C945F970C949C790C94B38F0C944784B5
:1003B0000C94D69E0C94B1840C949B940C94487A23
:1003C0000C94E2450C94AF450C94E2810C94E37BD1
:1003D0000C940D7A0C941C9F0C94C1A10C946397FF
:1003E0000C94C8450C94C3A80C94D0A90C944298C2
:1003F0000C9484AA0C94E0480C9465940C94C599D0
:100400000C9497940C94AD450C94B0A60C9433A422
:100410000C9438A30C94EE7A0C94EE470C94079A43
:100420000C94F6900C949CA90C94549F0C9457AC8B
:100430000C944E910C9430940C94E07A0C948F436D
:100440000C9482A60C946A840C94FEAD0C946645C0
:100450000C9411820C9465790C9476890C94CF8459
:100460000C94CB490C94F8950C94E57B0C94779400
:100470000C946A9F0C9490430C94B9930C94EA905A
:100480000C94E5950C946CA70C9487AE0C948F415A
:100490000C943C8F0C9438560C949B780C94A24688
:1004A0000C94DA580C9407AC0C940D460C9401A1F2
:1004B0000C94A1A00C94F6450C94D3810C94AA79C9
:1004C0000C94D9AD0C945D270C94DEA60C948A791B
:1004D0000C948E790C9472940C94F87B0C94729812
:1004E0000C94E87B0C940F930C94E79C0C94F28191
:1004F0000C9477790C94C2900C94138F0C947F8F8A
:100500000C9484790C94C6900C94BE900C942FA0FB
:100510000C94F4580C94CF7B0C94D8950C9404AAAA
:100520000C94237A0C94267C0C94A1430C9456A929
:100530000C94E1930C9401A40C940CA70C94EEA5DC
:100540000C9458AB0C94A38F0C944C980C94AF81E2
:100550000C94D1A10C9400470C94247C0C9454A6C8
:100560000C940BAC0C94CB950C9452420C94ED7BF8
:100570000C94D17B0C94E8A30C9445AC0C945F488C
:100580000C949C7A0C94B4450C941AAD0C948499F8
:100590000C9482A90C94A5790C94F8980C943C893D
:1005A0000C9491A10C94D7450C94EF7B0C940F9470
:1005B0000C9440840C943E9F0C94B47A0C94698FF4
:1005C0000C94F8BE0C94D57B0C94BC8F0C94628177
:1005D0000C946A7A0C9476A10C94A3950C9461996E
:1005E0000C9481410C9431460C94537A0C94F65837
:1005F0000C9460840C94C8AA0C940FA00C9454BE64
:100600000C9438980C9499280C94D29D0C9473797E
:100610000C94DB7B0C94C3450C946B790C943AA737
:100620000C94F5950C9424980C9463470C94F17BEE
:100630000C948C910C945A780C94A0AB0C9477ADDC
:100640000C948F920C94F67B0C94F2950C940CA65F
:100650000C945E410C946E9F0C94F3A70C94C958B3
:100660000C94539A0C94767A0C949C810C9462AA04
:100670000C94E17B0C947C960C947D450C94959D98
:100680000C9499A70C94D5450C9496AD0C94B44356
:100690000C941BA10C94A7840C94B87A0C94364744
:1006A0000C949B3F0C9432420C94C2490C941B3F17
:1006B0000C94C7AC0C944C840C946F790C94DA9E17
:1006C0000C9402280C9461450C94C5840C94860803
:1006D0000C94D77A0C9464910C943D7A0C94849782
:1006E0000C940FAC0C94E5410C942D9A0C94217C45
:1006F0000C94BC7A0C947A840C949D970C94E3A18E
:100700000C94CE7A0C94F0900C9440AE0C944694D9
:100710000C9445930C94F9490C94D5580C948AA8E0
:100720000C94B6A90C94D37B0C941841C4DFE9EF68
:10073000F3F6F9FBFDFE00010203040506070809B4
:100740000A32002D280023001E00001900001400AA
:1007500000000F00000000000A0000000000000080
:10076000000005645F5A55504B46413C3732002D1E
:10077000280023001E0000190000140000000F00D4
:10078000000000000A000000000000000000053228
:10079000373C41464B50555A5F645761726E696EE3
:1007A000673A2043616C63756C61746564206D7594
:1007B00073696320636F756E742065786365656423
:1007C00073206D6178696D756D20706F73736962E8
:1007D0006C653B205344206361726420636F7272C6
:1007E000757074696F6E206C696B656C7921005748
:1007F00061726E696E673A20547261636B20636F39
:10080000756E7420646F6573206E6F74206D6174F3
:100810006368206669726D776172652120506C652E
:100820006173652075706461746520746865206DFE
:100830006963726F5344206361726420736F756ED5
:100840006420656666656374732E00010203040507
:10085000060708090A0B0C0D0E0F101112131415C0
:10086000161718191A1B1C1D1E1F202122232425B0
:10087000262728010203040506070809000A0B0CB5
:100880000D0E0F10111200131415161718191A1B3C
:10089000001C1D1E1F202122232400010203040529
:1008A0000000000000060708090A00000000000B15
:1008B0000C0D0E0F000000000010111213140000A8
:1008C0000000000102030000000000000004050613
:1008D0000000000000000007080900000000000000
:1008E000000A0B0C000000000000000100000000E6
:1008F00000000000000200000000000000000003F3
:1009000000000000000000000004000000000000E3
:10091000000000001C120A041F160D02110C070132
:100920000A0704000A121C040D161F02070C11010D
:1009300004070A57616E642053796E6368726F6EA4
:10094000697A65640057616E642070726F746F63BA
:100950006F6C206D69736D61746368210057616EFF
:10096000642070726F746F636F6C206D69736D615A
:100970007463682100526563762E2057616E64208F
:10098000536D6F6B652050726566730052656376B8
:100990002E2057616E6420436F6E66696720507227
:1009A00065667300526563762E2057616E6420443D
:1009B0006174613A2000526563762E2057616E643F
:1009C00020436F6D6D616E643A2000207C20436F80
:1009D0006E6E2E2053746174653A200057616E6408
:1009E0002053796E63696E67207C20436F6E6E2E94
:1009F0002053746174653A200057616E6420446925
:100A000073636F6E6E6563746564207C20436F6EE4
:100A10006E2E2053746174653A2000417474656EC3
:100A20007561746F722053796E63696E67207C20E4
:100A3000436F6E6E2E2053746174653A20004174CA
:100A400074656E7561746F7220446973636F6E6E46
:100A50006563746564207C20436F6E6E2E20537432
:100A60006174653A2000536176696E6720536D6F3B
:100A70006B6520507265666572656E6365730053C1
:100A80006176696E672057616E6420507265666595
:100A900072656E63657300526563762E20536D6FC9
:100AA0006B6520436F6E66696700526563762E2022
:100AB00057616E6420436F6E6669670052656376A6
:100AC0002E205061636B20436F6E6669670052652C
:100AD00063762E20417474656E7561746F72204D5B
:100AE0006573736167653A2000526563762E204115
:100AF00074742E20436F6D6D616E643A2000207C0B
:100B000020436F6E6E2E2053746174653A2000008E
:100B10000102030405060708090A0B0C0D0E00016B
:100B200002030405060708090A0B0C0E0D0C0B0A3C
:100B3000090807060504030201000C0B0A0908074F
:100B400006050403020100B80BB80BAC0DAC0DA0F8
:100B50000F3075983A10274C1D70173D00640165E1
:100B60000166016701417474656E7561746F72206E
:100B700053796E6320456E6400417474656E7561CF
:100B8000746F722053796E63205374617274207C89
:100B900020436F6E6E2E2053746174653A200054AA
:100BA00068656D65206368616E67656420746F2099
:100BB00046726F7A656E20456D70697265202832C5
:100BC00030323429005468656D65206368616E6752
:100BD000656420746F2041667465726C6966652077
:100BE000283230323129005468656D6520636861B0
:100BF0006E67656420746F2047423220283139388F
:100C00003929005468656D65206368616E676564A5
:100C100020746F204742312028313938342900416F
:100C20007474656E7561746F722053796E63687247
:100C30006F6E697A6564207C20436F6E6E2E205340
:100C4000746174653A2000417474656E7561746FE7
:100C5000722070726F746F636F6C206D69736D6159
:100C600074636821207C2052656365697665643A07
:100C70002000207C2045787065637465643A20000C
:100C8000417474656E7561746F722070726F746FE9
:100C9000636F6C206D69736D6174636821207C20C3
:100CA00052656365697665643A2000207C2045784A
:100CB0007065637465643A200047657474696E6793
:100CC000205061636B20507265666572656E636566
:100CD000730047657474696E6720536D6F6B652090
:100CE000507265666572656E63657300436F6D7003
:100CF0006C6574656420757064617465206F66202E
:100D00007061636B2073657474696E6773005275EC
:100D10006E6E696E67207570646174652066756EAD
:100D20006374696F6E732E2E2E0055706461746942
:100D30006E6720706F7765722063656C6C207661DA
:100D4000726961626C65732E2E2E00557064617439
:100D5000696E6720696E6E6572206379636C6F746B
:100D6000726F6E207661726961626C65732E2E2ED1
:100D7000005570646174696E67206F7574657220C8
:100D80006379636C6F74726F6E20766172696162F1
:100D90006C65732E2E2E005570646174696E672029
:100DA00067656E6572616C207661726961626C65FF
:100DB000732E2E2E00536176696E67205061636B2F
:100DC00020507265666572656E6365730057616E6B
:100DD000642053796E6320456E640057616E642011
:100DE00053796E63205374617274004E6F204175A5
:100DF00064696F20446576696365005761726E6946
:100E00006E673A205253505F53595354454D5F49D2
:100E10004E464F206E6F7420726563656976656417
:100E200021005573696E67205741562054726967D7
:100E3000676572005573696E67204750537461721D
:100E400020417564696F2056657273696F6E3A2030
:100E500000C4D5DFE5E9ECEFF1F3F4F6F7F8F9FAC1
:100E6000FBFCFDFEFF00436F6E66696775726520CF
:100E7000506F776572204D6574657200556E6162C2
:100E80006C6520746F2066696E6420706F77657280
:100E9000206D6F6E69746F72696E67206465766924
:100EA0006365206F6E206932632E20506F77657204
:100EB000206D657465722066656174757265732056
:100EC00077696C6C2062652064697361626C65642B
:100ED0002E00506F776572204D65746572205265E3
:100EE00073756C743A2000496E697420706F776571
:100EF00072206D657465722E2E2E004552524F522F
:100F00003A204E6F2063616C6C6261636B20617686
:100F100061696C61626C6520666F72207061636BE1
:100F200065742049442000000000006410B71DC80B
:100F3000206E3BAC30D9269041DC76F4516B6B5877
:100F400061B24D3C7105502083B8ED44930FF0E839
:100F5000A3D6D68CB361CBB0C2649BD4D2D38678EF
:100F6000E20AA01CF2BDBD00002100240027002AD7
:100F7000002D003000330001010000040107010AC8
:100F800001000020002300260029002C002F003241
:100F900000000100000301060109010102102020E8
:100FA00008081020401020408002010201080402BD
:100FB0000101020408102040808040201008040233
:100FC000018004020180402010080402010804028C
:100FD0000101020408102040800102040810204092
:100FE0008000002200250028002B002E0031003454
:100FF0000002010000050108010B010505050507B8
:101000000508080808020202020A0A080804040483
:1010100004010101010101010103030303030303AF
:1010200003040707070C0C0C0C0C0C0C0C0202023E
:101030000206060606060606060B0B0B0B0B0B0B31
:101040000B00000A0B02090C0D0E08070304010037
:101050000000000000000000000000000000000090
:10106000000000000000000000000000001211104D
:101070000000000000000000000000000000000070
:101080000000000000000000F8BE54BE11241FBE86
:10109000CFEFD1E2DEBFCDBF00E00CBF13E0A0E098
:1010A000B2E0E6E1FDE901E00BBF02C007900D925E
:1010B000A23AB107D9F728E1A2EAB3E001C01D9234
:1010C000A23BB207E1F718E0C5E4D8E000E006C0B3
:1010D00021970109802FFE010E94E8C8C434D1077E
:1010E00080E00807A9F70E9409880C9479CE0C9437
:1010F0000000853608F084E62FEF829FC00111249E
:1011000064E670E00E94D4C8862F089583B7817F7B
:1011100083BF83B7816083BF83B7816083BF8895B6
:1011200083B78E7F83BF83B78E7F83BF08958091FF
:10113000F4039091F5031816190694F48091A8050C
:101140009091A9050197039758F46091880D062E98
:10115000000C770B8091F6039091F7030E941280A8
:1011600086E090E00C94C35C0F931F93CF93DF93C2
:1011700000D000D0CDB7DEB78C01862F643660F189
:10118000D8018C910E94287C69837A838B83CE015D
:1011900001960E94A24D6C837D838E83D801EC91D1
:1011A00080915B1860E0E81740F480916818909196
:1011B0006918E80FF92FF11D6081CE0104960E9495
:1011C000214E26960FB6F894DEBF0FBECDBFDF913D
:1011D000CF911F910F910895642F0E94A97BD4CFC6
:1011E000FF920F931F93CF93DF93EC01F62E0881AC
:1011F0001981C8010E942BC8F81621F06F2DC80173
:101200000E9433C8CE01DF91CF911F910F91FF90C3
:101210000895843008F080E090915002E82FF0E0CB
:1012200080911802882399F0943141F0983261F04E
:101230009C3039F4E15DF64F84910895E55DF64FF9
:10124000FBCFE95DF64FF8CFED5DF64FF5CF94316A
:1012500039F0983259F09C3031F4E15EF64FECCF22
:10126000E55EF64FE9CFE95EF64FE6CFED5EF64F6D
:10127000E3CF8823E9F1809137028823B9F1809187
:101280003B0490913404992339F1811127C0E091F6
:101290007618F0E0EA5FF04F8081811125C08091DF
:1012A0003204811121C080913702882311F180918D
:1012B0003B04909134049923F1F081111EC0E09118
:1012C0007618F0E0EA5FF04F808181111CC08091B8
:1012D0003204811118C00895882309F3E09176182B
:1012E000F0E0E05AFD4FD8CF5F9ADDCF5F98DBCFBB
:1012F0005F9844980895882351F3E0917618F0E0C0
:10130000E05AFD4FE1CF449A08958823E9F1809196
:1013100037028823B9F180913B04909134049923DA
:1013200039F1811127C0E0917618F0E0EA5FF04FC3
:101330008081811125C080913204811121C080916A
:101340003702882311F180913B0490913404992352
:10135000F1F081111EC0E0917618F0E0EA5FF04FE5
:10136000808181111CC080913204811118C00895C0
:10137000882309F3E0917618F0E0E05AFD4FD8CFCA
:10138000429ADDCF4298DBCF4298A29808958823F5
:1013900051F3E0917618F0E0E05AFD4FE1CFA29AC8
:1013A000089580914402882349F081E02091AE0F96
:1013B0003091AF0F232B31F080E008958091C80465
:1013C00091E089270895982F80914102882369F040
:1013D000923049F480911D02882351F081E0909170
:1013E00050029C3029F480E003C081E09230D9F7AC
:1013F0000895E82FF0E0809150028C3089F028F4B5
:10140000843051F0ED58F74F09C0843161F08832D3
:10141000C9F7E55BF74F02C0E551F74F8491089596
:10142000ED53F74FFBCFE556F74FF8CF8823D1F0B8
:1014300080913404882341F0E0917618F0E0EA5F6F
:10144000F04F8081811108C080913B04811104C05C
:1014500080913A04882331F080910B018860809359
:101460000B01089580910B01877FF9CFEAE2FFE03D
:10147000108611868EE18093000290E080E00C944B
:101480000C8490917B189330B9F09530D9F020916D
:101490002002222389F0882379F0923079F4909108
:1014A0003404992349F090910002891759F08093F0
:1014B000000290E00C940C840C94360A9091000287
:1014C0009813F5CF0895BF92CF92DF92EF92FF92DB
:1014D0000F931F93CF93DF93EC01809111020E9431
:1014E0007908B82EF0902218E090231888E198E14E
:1014F0000E946856882309F478C1FE188F2D0E9437
:10150000F909E82E80913502882309F4AEC088EEEF
:1015100097E10E948E4E882389F010923502D09375
:101520003B02C0933A02AE0170E060E088E198E1CE
:101530000E94985680E4809304021BC088EE97E1D5
:101540000E94F84E90933B0280933A02AC0170E007
:1015500060E088E198E10E949856809104028F5FD4
:101560008E3108F480C0809304028091040281349B
:1015700008F78091340481110CC080913B048111E3
:1015800008C080913A04811104C0809104020E9435
:10159000410A8091070290915002943109F4CBC026
:1015A000983209F4C8C09C3009F4C9C0823008F4EC
:1015B000AFC090E08C179D0709F4BAC0C81BD90BC7
:1015C000809173180E94E30981110FC1EF2DF0E0A3
:1015D000ED5FFB4F808181111BC0EE20C9F080912F
:1015E00041028823A9F029E1F29EC00111249C0147
:1015F000285E3F4E690160E0C9010E945E519E0174
:1016000050E040E004E110E06B2DC6010E942B5138
:1016100080912102882309F4F2C080915002843124
:1016200009F493C0883209F4EAC090913C048C30EC
:1016300009F4A7C091110DC080913502811109C034
:1016400080913A04811105C080913104882309F406
:10165000DCC037E28BE1F31609F4A9C083E1F8128C
:10166000D0C08FE0A4C08EE17ECF80913C0488235F
:1016700099F188EE97E10E948E4E882319F010921E
:101680003C0477CF88EE97E10E94F84E90933B029E
:1016900080933A02AC0170E060E088E198E10E943A
:1016A000985620913A0230913B022932310568F078
:1016B00080910402833320F081508093040205C09E
:1016C0002536310510F08F31B8F7809104028E3144
:1016D00008F04FCF8EE12FCFD0933B02C0933A0258
:1016E00080910702823050F090E0AE01481B590B08
:1016F0008C179D0731F441E050E003C0AE01209704
:10170000D1F370E060E088E198E10E94985631CF13
:1017100080913502811109C080913C04811105C07E
:10172000CE01880F991FC80FD91F209709F048CF05
:10173000C1E0D0E045CF823008F03BCFF1CF82301E
:1017400008F037CFCC0FDD1FF0CF80913C04811122
:101750000DC080913502811109C080913A04811138
:1017600005C080913104882309F44FC092E29F158F
:1017700008F477CF81EF8F0D853008F044C089E001
:1017800016C091110CC080913502811108C0809162
:101790003A04811104C0809131048823B1F120E220
:1017A0002F1568F383EF8F0D873088F585E0209142
:1017B000180290912218222309F454C0E11029C084
:1017C0002091E403281728F52F5F2093E40320914C
:1017D00022188091510290E087962817190629F067
:1017E00024F08091231880932218DF91CF911F91CC
:1017F0000F91FF90EF90DF90CF90BF90089580E021
:10180000D6CF85E1D4CF8BE0D2CF83E0D0CF87E0B5
:10181000CECF1092E403C92FE11020C020912318ED
:10182000EC2EF12C822F90E087968E159F057CF28E
:101830008C2F821B0E94F909882319F0C09322186B
:10184000C6CF8091510290E08796E816F90621F400
:101850008091231880932218CF5FE0CF9F5F9093F1
:101860002218B5CFE11012C02091E403281770F4BC
:101870002F5F2093E40390912218809123189817EA
:1018800008F0B3CF80915102895DADCF1092E4038F
:10189000C92FE11010C0809123188C1760F73C2FDE
:1018A000381B832F0E94F909882319F0C09322184E
:1018B000E2CFC150F0CF915090932218DCCF8091AD
:1018C0007218853059F480914102811107C09091BE
:1018D000731881E0992321F0973011F080E008958A
:1018E000089581E08093350280933402809333021F
:1018F000089580917218823020F0843068F085302D
:1019000011F18CE291E090933B0280933A02909324
:10191000390280933802089560913002709131024B
:1019200090E080E00E940CC726E636E646EA5FE3D8
:101930000E946DC70E94FBC970933B0260933A02FC
:101940008CE291E0E4CF88EC90E090933B028093AE
:101950003A02F6CFDF92EF92FF920F931F93CF934D
:10196000DF9383E0E82E84E0F82E0AEB13E0D0E06A
:10197000C0E0DD24D394F70111927F0160E0CE0135
:1019800080509C4E0E945E5160E0CE01885E9F4E6A
:101990000E945E51F801D1928F016996C83EF3E032
:1019A000DF0749F7DF91CF911F910F91FF90EF90E3
:1019B000DF90089580910702811103C081E0809338
:1019C000070280910702853018F084E080930702B7
:1019D00080910602811103C081E08093060280910C
:1019E0000602853018F084E080930602809105029B
:1019F000811103C081E0809305028091050285304A
:101A000018F084E08093050208950F931F93CF93FD
:101A1000DF9300D000D0CDB7DEB78FEF9FEFDC01B2
:101A200089839A83AB83BC8310E000E01E830D831F
:101A3000BE016B5F7F4FCE0101960E94424EBE01F8
:101A40006A5F7F4FCE0101960E94424E0F5F1F4F8B
:101A50000533110559F78CE190E09E838D83BE011B
:101A60006B5F7F4FCE0101960E94424EBE016A5FBE
:101A70007F4FCE0101960E94424E89E190E09E8305
:101A80008D83BE016B5F7F4FCE0101960E94424E57
:101A9000BE016A5F7F4FCE0101960E94424E69816E
:101AA0007A818B819C816095709580959095269622
:101AB0000FB6F894DEBF0FBECDBFDF91CF911F915F
:101AC0000F910895EF92FF920F931F93CF93DF939F
:101AD00000D000D0CDB7DEB70E94050D69837A83B0
:101AE0008B839C83CE0101967C010CEF1FE01E834B
:101AF0000D83F70161917F01CE0105960E94F008E8
:101B00000F5F1F4F0115F0E11F0789F726960FB6EB
:101B1000F894DEBF0FBECDBFDF91CF911F910F9123
:101B2000FF90EF9008950F931F93CF93DF931F9231
:101B30001F92CDB7DEB709E110E01A8309836FEF7A
:101B4000CE0101960E94F0080F5F1F4F053311056B
:101B5000A1F70E94620D0F900F90DF91CF911F911E
:101B60000F910895EF92FF920F931F93CF93DF93FE
:101B7000CDB7DEB76B970FB6F894DEBF0FBECDBF03
:101B80008091EA03A1E0813009F4A2E0809145024E
:101B900093E0813021F094E0823009F092E02091CE
:101BA0001B0230911C0282E02115310529F083E0EF
:101BB0002130310509F084E02091320271E02111D9
:101BC00072E02091E903F1E02111F2E02091CD04CF
:101BD000E1E02111E2E02091EC0361E0211162E0FB
:101BE00020911A0251E0211152E02091EF0341E0CF
:101BF000211142E020911D0231E0211132E02091BB
:101C0000E803211158C021E0B0915102B983B0918D
:101C10005002BA83B0910D02BB83AC83A091130232
:101C2000AD83A0911502AE83A0911702AF83A0915E
:101C30001202A887A0911402A987A0911602AA8770
:101C4000A0910E02AB87A0911102AC87A091100267
:101C5000AD87A0910F02AE87FF87F091CE04F88B7D
:101C6000998BEA8B8B8B7C8B6D8B5E8B4F8B388F3C
:101C7000298FCE0101967C0110E000E01B8F0A8FB6
:101C8000F70161917F01CE014A960E94F0080F5F33
:101C90001F4F0931110591F70E94620D6B960FB627
:101CA000F894DEBF0FBECDBFDF91CF911F910F9192
:101CB000FF90EF90089522E0A7CF0F931F93CF934B
:101CC000DF931F921F92CDB7DEB710E000E01A83BA
:101CD00009836FEFCE0101960E94F0080F5F1F4F3E
:101CE00009311105A1F70E94620D0F900F90DF914D
:101CF000CF911F910F910895CF93DF93CDB7DEB7AA
:101D000064970FB6F894DEBF0FBECDBF2091A80533
:101D10003091A905215031092230310580F4FE01AE
:101D2000319694E1DF011D929A95E9F795E0998348
:101D300081110EC085E18D83CF010E94AE7964963A
:101D40000FB6F894DEBF0FBECDBFDF91CF910895DF
:101D500084E1F1CFCF93DF93CDB7DEB764970FB6B1
:101D6000F894DEBF0FBECDBF2091A8053091A90524
:101D7000215031092230310580F4FE01319694E181
:101D8000DF011D929A95E9F795E0998381110EC0C4
:101D900083E18D83CF010E94AE7964960FB6F894EB
:101DA000DEBF0FBECDBFDF91CF91089582E1F1CFAD
:101DB0008093F9032091F4033091F5031216130672
:101DC0003CF4682F8091F6039091F7030C94137BF9
:101DD00008958091A8059091A9050197039708F0AF
:101DE000A4C16091890D062E000C770B8CE390E066
:101DF0000E9412806091890D062E000C770B89E4F9
:101E000091E00E9412806091890D062E000C770BE4
:101E10008BE490E00E9412806091890D062E000CE8
:101E2000770B8EE790E00E9412806091890D062E5C
:101E3000000C770B8FE790E00E9412806091890D73
:101E4000062E000C770B83EB90E00E9412806091CD
:101E5000890D062E000C770B82E090E00E94128024
:101E600080913104882371F06091890D062E000C59
:101E7000770B80917218853009F00BC187E390E0F1
:101E80000E9412806091890D062E000C770B8091C4
:101E90007218823009F400C1833009F44AC16451D8
:101EA000710980E691E00E94128090917318609110
:101EB000890D80917218062E000C770B923009F074
:101EC00052C16E517109843009F03FC18FE090E03A
:101ED0000E9412806091890D062E000C770B6852CB
:101EE000710980E190E00E9412806091890D062EB8
:101EF000000C770B6E51710981E090E00E94128016
:101F00006091890D062E000C770B6852710982E1F1
:101F100090E00E9412806091890D062E000C770BD4
:101F20006852710983E190E00E9412806091890DEE
:101F3000062E000C770B6852710984E190E00E9434
:101F400012806091890D062E000C770B6852710982
:101F500085E190E00E9412806091890D062E000CB0
:101F6000770B6852710986E190E00E9412806091BF
:101F7000890D062E000C770B685271098DE890E0F0
:101F80000E9412806091890D062E000C770B68521A
:101F900071098FE890E00E9412806091890D062EF1
:101FA000000C770B6852710983E990E00E9412805F
:101FB0006091890D062E000C770B685271098EE82E
:101FC00090E00E9412806091890D062E000C770B24
:101FD0006852710980E990E00E9412806091890D39
:101FE000062E000C770B6852710982E990E00E947E
:101FF00012806091890D062E000C770B68527109D2
:1020000084E990E00E9412806091890D062E000CF8
:10201000770B6852710981E990E00E94128060910B
:10202000890D062E000C770B80917218843009F010
:102030004FC18CE591E00E9412806091890D062EBF
:10204000000C770B83E891E00E9412806091890D6B
:10205000062E000C770B8AE691E00E9412806091B8
:10206000890D062E000C770B89E691E00E94128004
:102070008091C7048823E9F06091890D062E000C39
:10208000770B80912D04882309F42EC18AEB91E00F
:102090000EC08BE691E0F4CE8BE791E00E941280B7
:1020A0006091890D062E000C770B8CE791E00E9461
:1020B000128080917318823009F419C1833009F4B9
:1020C0004BC1813009F432C180913404882369F115
:1020D0006091890D062E000C770B82E690E00E943D
:1020E00012806091890D062E000C770B8FE791E02E
:1020F0000E9412806091890D062E000C770B89E8F2
:1021000091E00E9412806091890D062E000C770BE1
:1021100083E690E00E9412806091890D062E000CEB
:10212000770B88E490E00E94128086E090E00C94A7
:10213000C35C85E290E00E9412806091890D062EBA
:10214000000C770B86E290E0B2CF8DE991E00E941F
:1021500012806091890D062E000C770B6852710970
:1021600085E991E0C0CE843009F0A6C08FE090E010
:102170000E9412806091890D062E000C770B80E181
:1021800090E00E9412806091890D062E000C770B62
:1021900081E090E00E9412808091C7046091890DD7
:1021A000062E000C770B8111E7CE6451710982E194
:1021B00090E00E9412806091890D062E000C770B32
:1021C0006451710983E190E00E9412806091890D51
:1021D000062E000C770B6451710984E190E00E9497
:1021E00012806091890D062E000C770B64517109E5
:1021F00085E190E00E9412806091890D062E000C0E
:10220000770B6451710986E190E00E941280609121
:10221000890D062E000C770B645171098DE890E052
:102220000E9412806091890D062E000C770B64517C
:1022300071098FE890E00E9412806091890D062E4E
:10224000000C770B6451710983E990E00E941280C1
:102250006091890D062E000C770B645171098EE890
:1022600090E00E9412806091890D062E000C770B81
:102270006451710980E990E00E9412806091890D9B
:10228000062E000C770B6451710982E990E00E94E0
:1022900012806091890D062E000C770B6451710934
:1022A00084E990E00E9412806091890D062E000C56
:1022B000770B64517109AFCE8DE991E00E941280D5
:1022C0006091890D062E000C770B85E991E059CFBE
:1022D00082EA91E00E9412806091890D062E000C26
:1022E000770B80E991E0B0CE89EB91E0E0CE609190
:1022F000890D062E000C770B82E390E00E9412807D
:102300006091890D062E000C770B84E591E00E9408
:10231000128080913404882309F407CF6091890DDD
:10232000062E000C770B84E390E0FDCE6091890DC2
:10233000062E000C770B87E390E00E9412808091BC
:102340003404882309F4F1CE6091890D062E000C27
:10235000770B8AE390E0E7CE6091890D062E000CA2
:10236000770B87E491E0DFCEE82F8091C9048823C2
:1023700091F01E163CF40E2E000CFF0BE157F84FA7
:1023800084910895EF3D94F0FF27E1950CF4F095CA
:10239000EF5BF84FF5CFE53D4CF01E164CF0FF27F4
:1023A000E1950CF4F095ED59F84FEACF80E00895EF
:1023B00084E608952F923F924F925F926F927F92A0
:1023C0008F929F92AF92BF92CF92DF92EF92FF9245
:1023D0000F931F93CF93DF93CDB7DEB7A0970FB6C0
:1023E000F894DEBF0FBECDBF80918B0D0E94B4115B
:1023F000282F80912D0488248394882311F072E083
:10240000872E8091180299249394882311F062E01A
:10241000962E80912102AA24A394882311F052E0E1
:10242000A52E80913702BB24B394882311F042E09B
:10243000B42E80912502CC24C394882311F032E07D
:10244000C32E80913602DD24D394882311F092E0CC
:10245000D92E80912C048111CDC0E1E0EF8FE09066
:102460000902F0907018809144048111C6C0E1E027
:10247000E8A38091FC0302E0811101E08091440215
:1024800041E0811142E08091CC0431E0811132E0E1
:1024900080912F0422242394882311F082E0282E97
:1024A00080911E0290911F0268EE73E00E94C0C8E6
:1024B000762E8091C90411E0811112E080912602EC
:1024C00090912702E8EEF3E0BF010E94C0C8362ECB
:1024D0008091280290912902BF010E94C0C8462E17
:1024E00080912A0290912B02BF010E94C0C8562EF3
:1024F00080912C0290912D02BF010E94C0C8662ECF
:1025000080912E0290912F02BF010E94C0C880913D
:102510004902A1E08111A2E080914A0271E081119B
:1025200072E080914B0251E0811152E080914C02A7
:1025300091E0811192E080914D02811161C081E0B2
:10254000253608F05FC02F5FE0911902E150E530B9
:1025500008F05AC0F0E0E45AFD4FE08189829A8287
:10256000AB82BC82CD82DE82FF8DFF83E886F98656
:10257000F8A1FA870B871C872D873E864F86588ADD
:10258000698A6A8BAB8B7C8B5D8B9E8B8F8BE88F84
:10259000498F3A8F2B8E7C8ECE0101967C0109E10A
:1025A00010E01E8F0D8FF70161917F01CE014D96D6
:1025B0000E94F0080F5F1F4F0533110591F70E942D
:1025C000620DA0960FB6F894DEBF0FBECDBFDF91AF
:1025D000CF911F910F91FF90EF90DF90CF90BF9020
:1025E000AF909F908F907F906F905F904F903F90B3
:1025F0002F900895F2E0FF8F32CFF2E0F8A339CFA9
:1026000082E09ECF25E6A0CFE4E0A8CF282F853634
:1026100008F024E6822F65E00E94B4C8992361F097
:10262000822F90E0029665E070E00E94D4C8862F69
:10263000880F880F282F260F822F65E00E94B4C8CC
:10264000E82FF0E08091C904882321F0E45DF84F81
:1026500084910895EF5AF14FFBCFAB012091A8056B
:102660003091A905215031092330310528F421E0AA
:102670006AEB7FEF0C943C7B08958091A8059091C4
:10268000A9050197039798F48091F4039091F503BD
:102690001816190654F48091F6039091F703843FBD
:1026A00021E0920710F00E9438800E94228110924F
:1026B000F8031092FA0361E070E088E390E00E9472
:1026C00013596091F6037091F70385E390E00C9441
:1026D000755A8091F4039091F503181619060CF0C1
:1026E00072C08091F6039091F703843F21E0920736
:1026F00008F469C021E02093FA032091A8053091E5
:10270000A9052230310509F441C02330310519F003
:1027100021303105F9F42091F90361E0211101C064
:1027200060E00E94137B6091880D062E000C770BF1
:102730008091F6039091F7030E94128061E08091EE
:10274000F6039091F7030E94BB7F0E94228181E0F3
:102750008093400E40E157E260E070E08CE89DE03D
:102760000E9498568091FA0361E070E0882311F08E
:1027700062E070E088E390E00E9413596091F603F4
:102780007091F70384E390E00C94755A2091F9035B
:1027900061E0211101C060E00E94137B6091880D0F
:1027A000062E000C770B8091F6039091F7030E94A0
:1027B000128050E040E061E08091F6039091F703D1
:1027C0000E94E27FC2CF0895CF93DF93C091F603BA
:1027D000D091F7038091EB03882309F44CC0C45FC8
:1027E000D140BE0190E080E00E94557E2091B6036A
:1027F0003091B7032617370731F58091B4039091D4
:10280000B5039093B3038093B2036091B2037091C8
:10281000B30390E080E00E94087FC091F403D09160
:10282000F5036C177D07B4F06091B2037091B303A8
:10283000615071097093B3036093B20390E080E03C
:102840000E94087FEECF615071097093B3036093CB
:10285000B203DBCFEB01CC50DE4F8091FA0388232B
:10286000B1F00E943D13D093F703C093F603DF91BC
:10287000CF910C9469132197C43F81E0D80768F782
:10288000C091F403D091F503CD50DE4FE6CFD09345
:10289000F703C093F603BE0185E390E0DF91CF918B
:1028A0000C94755ACF93DF936091F6037091F70300
:1028B000C091F403D091F5038091EB03882309F4D0
:1028C0003FC0645F714090E080E00E94557E20919F
:1028D000B4033091B50326173707D1F41092B30330
:1028E0001092B2036091B2037091B30390E080E064
:1028F0000E94087F6C177D0794F06091B20370917D
:10290000B3036F5F7F4F7093B3036093B203EECF57
:102910006F5F7F4F7093B3036093B203E3CFEB011C
:10292000CC50DE4F8091FA038823B1F00E943D1312
:10293000D093F703C093F603DF91CF910C94691302
:102940006F5F7F4FCD50DE4FC617D70710F0EB01FA
:10295000E9CFC4EFD1E0E6CFD093F703C093F603FD
:10296000BE0185E390E0DF91CF910C94755A2091E0
:10297000A8053091A905215031092330310518F4FB
:1029800060E00C94137B08952091A8053091A9056F
:10299000215031092330310510F40C94388008950A
:1029A000809172188250823020F08AE691E00C9477
:1029B000C4148CE390E0FBCF8DE890E00E94C41437
:1029C0008EE890E00E94C4148FE890E00E94C41446
:1029D00080E990E00E94C41481E990E00E94C41450
:1029E00082E990E00E94C41483E990E00E94C4143C
:1029F00084E990E00E94C41489E491E00E94C41428
:102A00008CE491E00C94C41480917218853061F4C8
:102A10008FE891E00E94C4148DEB91E00E94C414F1
:102A200087E390E00C94C4148BE691E00E94C414F8
:102A30008CE691E0F7CFCF92DF92EF92FF920F9367
:102A40001F93CF93DF936C01F62EC42F14160CF452
:102A5000C0E0CA3B0CF4CAEB8091A8059091A9058F
:102A60008230910591F18330910519F0019709F0B9
:102A700048C00C2E000CDD0B222381F06AEB7FEFA7
:102A8000C6010E9412806E2DC6010E94BB7F20E00D
:102A9000A801BE01C6010E943C7B08C0BE01C60160
:102AA0000E9412806E2DC6010E94BB7F61E0F11072
:102AB00001C060E0C601DF91CF911F910F91FF909F
:102AC000EF90DF90CF900C94137B0C2E000CDD0B5D
:102AD000222361F06AEB7FEFC6010E94128050E072
:102AE00040E06E2DC6010E94E27FD1CFBE01C6013B
:102AF0000E94128050E040E06E2DC6010E94E27FED
:102B0000D5CFDF91CF911F910F91FF90EF90DF9084
:102B1000CF900895EF920F931F9380912E048823F6
:102B200031F080E691E00E94C41410922E040E94BD
:102B30005F0C882361F08EE491E00E94C41489EB5D
:102B400091E00E94C4148AEB91E00E94C414809129
:102B50002F04882309F44FC08091970E882309F42D
:102B60004AC01092970E1092980E8091721883307E
:102B7000A1F0853051F1823099F48CE791E00E9408
:102B8000C41480917318823091F1833009F469C0C4
:102B9000813089F587E390E02CC086E290E0EFCFAA
:102BA00080E190E00E94C4148EE890E00E94C4147A
:102BB00080E990E00E94C41480E691E00E94C41471
:102BC0000E949E5810922E04DCCF0E945F0C882336
:102BD00041F080912D04882339F08AEB91E00E9426
:102BE000C41485E991E0DECF89EB91E0F8CF82E370
:102BF00090E00E94C41480917318823009F47DC162
:102C0000833009F4AEC1813009F491C18091761806
:102C10008150843008F00AC18091FB03882309F4B5
:102C2000F1C04091890D80917218E12C10E000E014
:102C300020E060E08330C1F0853009F4DAC08230F2
:102C400009F0CEC08DE791E00E941B15EE24E394BD
:102C50000AEF10E021E04091890D61E08FE791E0FB
:102C600011C087E491E0C5CF84E690E00E941B1577
:102C7000EE24E39404E619E121E04091890D61E03E
:102C800083E690E00E941B1581E08093F30380911E
:102C9000F203882309F4C7C0809172184091890D0E
:102CA000E12C10E000E020E060E0833009F0ADC0EE
:102CB00084E690E00E941B15EE24E39404E619E1FB
:102CC00021E04091890D61E088E490E00E941B15AD
:102CD00081E08093F10380917318853059F4E12CE1
:102CE00004E610E021E04091890D60E083EA91E084
:102CF0000E941B1580917318863059F4E12C04E66C
:102D000010E021E04091890D60E084EA91E00E94AA
:102D10001B1581E08093340484E190E00E94C35C41
:102D200080912202882309F180912302909124024C
:102D30000297D9F40E946AC628E030E040E050E0F3
:102D40000E9441C8695F7F4F8F4F9F4F28EE33E04D
:102D5000629FA001639F500D729F500D112470E07F
:102D600060E08DEA9EE00E94985680E00E9485090E
:102D7000809173188230A1F0E0917618E150FF0B3A
:102D8000EE0FFF1FEF5AF44F4591549170E060E051
:102D900086E19FE00E9498561092140F1092150F32
:102DA0001092320F1092330F8FEF0E94410A10924F
:102DB000FB0E1092FC0E42E350E060E070E089EE02
:102DC0009EE00E9498561092330448E95AE360E06E
:102DD00070E087EB9EE01F910F91EF900C94985656
:102DE0008BE990E00E941B15EE24E39403E111E0CF
:102DF00031CF8FE491E00E941B15EE24E39408ECA0
:102E000010E028CF1092F30342CF853049F48FE4CD
:102E100091E00E941B15EE24E3940CE211E050CFE8
:102E200085E090E0F6CF1092F10355CF4091890DE7
:102E300080917218E12C10E000E020E060E0833027
:102E400009F43FC0853009F442C08230E9F587E8D3
:102E500091E00E941B158091FB03882309F445C073
:102E600081E08093F303809172184091890DEE24E4
:102E7000E394823079F504EA16E021E061E089E824
:102E800091E00E941B158091F203882361F281E09A
:102E90008093F103809172184091890DEE24E394A0
:102EA0000CEB12E0833021F10CE211E0823001F5ED
:102EB00004EA16E021E061E089E891E00E941B1538
:102EC0000ACF81E690E0C5CF8BE990E0C2CF8FE4D6
:102ED00091E0BFCF0CE211E0833011F40CEB12E073
:102EE00021E061E082E690E0CCCF1092F303CBCFFB
:102EF00021E061E088E490E0E1CF85E390E00E948A
:102F0000C414E12C10E000E020E04091890D60E065
:102F100083E390E00E941B15EE24E39402E513E0A6
:102F200021E04091890D61E084E390E0C7CF8BE31D
:102F300090E00E94C414E12C10E000E020E04091F9
:102F4000890D60E089E390E00E941B15EE24E39474
:102F500008EE13E021E04091890D61E08AE390E002
:102F6000ADCF8091A6059091A7058D36910550F4BF
:102F7000E12C10E000E020E04091890D60E086E463
:102F800091E09CCF86E491E00E94C4148091761871
:102F90008330E1F050F4813091F0823009F09BCE23
:102FA0006091890D85EF90E00EC08430A1F08530EE
:102FB00009F091CE6091890D8DE790E004C0609199
:102FC000890D83E191E00E94B98085CE6091890DE1
:102FD00087ED90E0F8CF6091890D89EB90E0F3CF19
:102FE000EF920F931F9383E591E00E94C41482E354
:102FF00090E00E94C41488E591E00E94C414EE247D
:10300000E39410E000E020E04091890D60E087E566
:1030100091E00E941B15809173188230D9F420E052
:103020004091890D60E083E591E00E941B1581E0ED
:103030008093320440E050E0BA0180E29FE00E94B9
:1030400098560E94986E8CE190E01F910F91EF903E
:103050000C94C35C1092FB0E1092FC0E42E350E005
:1030600060E070E089EE9EE00E949856E0CFEF921B
:103070000F931F934091890D80917318EE24E39470
:1030800010E000E020E060E0823039F583E591E077
:103090000E941B1581E080933B048091731882305D
:1030A000C1F548EB5BE060E070E080E29FE00E94E9
:1030B0009856809172188250823040F48CE291E0F0
:1030C00090933902809338020E94AA0C8AE190E022
:1030D0001F910F91EF900C94C35C88E691E00E94E1
:1030E0001B15809172188450823040F420E040918A
:1030F000890D61E089E691E00E941B15EE24E394BE
:1031000010E000E020E04091890D60E085E591E06D
:10311000BFCF40EA5FE060E070E080E29FE00E94A5
:1031200098561092F10E1092F20E1092FB0E109221
:10313000FC0E42E350E060E070E089EE9EE0B7CF25
:10314000EF920F931F93CF93C82F81E090E090935D
:1031500041048093400410923E0410923D0410926A
:103160003F0480912F04882309F483C040911E02FC
:1031700050911F0270E060E08FE89EE00E94985638
:10318000C11110C00E94D109682F70E089E290E05F
:103190000E9413590E94D109682F70E089E290E0E3
:1031A0000E94755A80917B18853041F480912002ED
:1031B000882321F08FEF90E00E940C848BE490E054
:1031C0000E94C4148EE790E00E94C4148FE790E040
:1031D0000E94C41483E290E00E94C4148CE591E044
:1031E0000E94C41480E991E00E94C41482EA91E034
:1031F0000E94C41480917218833009F43FC0853056
:1032000009F4CAC0823009F056C08BE791E00E94F1
:10321000C4148CE791E00E94C414EE24E39410E0FF
:1032200000E020E04091890D60E08BE791E00E9492
:103230001B1508ED1EE021E04091890D61E08CE74F
:1032400091E00E941B1580917318823009F462C1CD
:10325000833009F47DC1813009F068C1EE24E39424
:1032600004E813E021E04091890D61E087E390E0FC
:103270005BC11092970E1092980E82CF85E290E07B
:103280000E94C41486E290E00E94C414EE24E394E9
:1032900010E000E020E04091890D60E085E290E0E0
:1032A0000E941B1508ED1EE021E04091890D61E0B0
:1032B00086E290E0C6CF80E190E00E94C414CC2367
:1032C000D9F18FE090E00E94C4148091731882308D
:1032D00009F54091890D4E51EE24E39410E000E091
:1032E00020E060E08FE090E00E941B154091890D86
:1032F000485208E91AE321E061E080E190E00E9491
:103300001B1548E95AE360E070E083EA9EE00E9402
:10331000985699CFEE24E39410E000E020E040912D
:10332000890D60E08FE090E00E941B1508E91AE328
:1033300021E04091890DE0CF4091890D8091731873
:103340008230D1F44E51EE24E39410E000E020E00E
:1033500060E081E090E00E941B154091890D485289
:1033600004EF11E021E061E080E190E00E941B1594
:1033700040E050E0BA01C9CFEE24E39410E000E051
:1033800020E060E081E090E00E941B1504EF11E076
:1033900021E04091890DE7CF85E991E00E94C414B6
:1033A0000E945F0C882309F44DC081E090E00E94E8
:1033B000C414EE24E39410E000E020E04091890D75
:1033C00060E081E090E00E941B1504EF11E021E035
:1033D0004091890D61E085E991E00E941B15809183
:1033E0002D04882391F08AEB91E00E94C41400ED33
:1033F00017E021E04091890D61E08AEB91E00E94A5
:103400001B1581E08093C704B3CF8EE491E00E9446
:10341000C41489EB91E00E94C414EE24E39410E0FC
:1034200000E020E04091890D60E08EE491E00E9490
:103430001B150CEF18E021E04091890D61E089EB4C
:1034400091E0DDCF8DE991E00E94C414CC2389F195
:103450004091890D809173188230D9F44E51EE2439
:10346000E39410E000E020E060E08DE991E00E944C
:103470001B154091890D485200E117E221E061E0FF
:1034800085E991E00E941B1540E157E260E070E0A1
:103490003CCFEE24E39410E000E020E060E08DE912
:1034A00091E00E941B1500E117E221E04091890D97
:1034B000E6CF81E090E00E94C414809173188230BE
:1034C000B9F44091890D4E51EE24E39410E000E0F0
:1034D00020E060E081E090E00E941B154091890DA2
:1034E000485204EF11E021E061E085E991E03ECF30
:1034F000EE24E39410E000E020E04091890D60E0CC
:1035000081E090E00E941B1504EF11E021E0409162
:10351000890DEACFEE24E39404E813E021E0409122
:10352000890D61E082E390E00E941B1510920C1857
:1035300010920D18109238048AE090E00E94805991
:103540008AE090E0CF911F910F91EF900C94C35CB3
:10355000EE24E39404E813E021E04091890D61E05A
:1035600087E491E0E1CFEF920F931F9380912F04B6
:10357000882309F479C08091970E811106C080914B
:103580007218843079F0853059F140911E025091C3
:103590001F0270E060E08FE89EE01F910F91EF90B6
:1035A0000C94985680E190E00E94C41480917318A6
:1035B000823071F44091890D4852EE24E39410E07A
:1035C00000E020E061E080E190E00E941B15DDCF8B
:1035D000EE24E39410E000E020E04091890DF2CF6A
:1035E00085E991E00E94C41480917318823029F516
:1035F0004091890D4852EE24E39410E000E020E071
:1036000061E085E991E00E941B150E945F0C882310
:1036100009F4BBCF80912D048823B9F08AEB91E0A7
:103620000E94C414EE24E39410E000E020E04091F6
:10363000890D61E08AEB91E0C8CFEE24E39410E0BD
:1036400000E020E04091890DDBCF89EB91E00E9402
:10365000C414EE24E39410E000E020E04091890DD2
:1036600061E089EB91E0B1CF1F910F91EF90089548
:10367000EF920F931F9380917318823009F472C0F8
:10368000833091F1813009F474C080917218909167
:1036900076189150943008F04FC0833069F085302F
:1036A00009F447C0823009F041C08DE791E00E94E3
:1036B000C4148FE791E006C084E690E00E94C41431
:1036C00083E690E00E94C41480912202882321F0B6
:1036D00089E090E00E94C41488E490E00E94C41441
:1036E00082E690E00E94C41480912302909124020B
:1036F000009709F445C0019709F466C01092F303DE
:103700001092F10380917318853021F483EA91E0DF
:103710000E94C41480917318863009F071C084EA45
:1037200091E01F910F91EF900C94C41480E690E00B
:10373000BECF8FE491E0BBCF833059F0853079F074
:10374000823051F487E891E00E94C41489E891E046
:10375000B9CF81E690E0B6CF8BE990E0B3CF8FE4AC
:1037600091E0B0CF83E390E00E94C41484E390E042
:10377000B9CF89E390E00E94C4148AE390E0B2CF0D
:1037800082E090E090932402809323028091A80528
:103790009091A905039741F48AE490E00E94C41433
:1037A00089E490E00E94C4148091D30E8111A6CFC9
:1037B000E12C10E000E020E04091890D60E089E418
:1037C00090E00E941B159ACF82E090E09093240233
:1037D000809323028EE690E00E94C4148FE690E06E
:1037E0000E94C4148091D30E811188CFE12C10E087
:1037F00000E020E04091890D60E08FE690E0E1CFAD
:103800001F910F91EF900895EF920F931F93809166
:103810004602853010F51092460280E490E00E9446
:10382000C414E12C10E000E020E040E060E080E41F
:1038300090E00E941B15809146022CE3829FC001FC
:10384000112464E670E00E94D4C86C536093880D24
:103850001F910F91EF900C9497088550809346022A
:10386000EACFEF920F931F9380914602803618F1B2
:1038700084E68093460280E490E00E94C414E12C28
:1038800010E000E020E040E060E080E490E00E9492
:103890001B15809146022CE3829FC001112464E62F
:1038A00070E00E94D4C86C536093880D1F910F91F3
:1038B000EF900C9497088B5F80934602EACFEF92CB
:1038C0000F931F9380914702853010F510924702A5
:1038D00080E490E00E94C414E12C10E000E020E0BD
:1038E00040E060E080E490E00E941B158091470278
:1038F0002CE3829FC001112464E670E00E94D4C8CA
:103900006C536093890D1F910F91EF900C94E90E09
:10391000855080934702EACFEF920F931F938091D7
:103920004702803618F184E68093470280E490E0F5
:103930000E94C414E12C10E000E020E040E060E0D0
:1039400080E490E00E941B15809147022CE3829F47
:10395000C001112464E670E00E94D4C86C536093E7
:10396000890D1F910F91EF900C94E90E8B5F80935E
:103970004702EACFEF920F931F93CF93C82F809106
:10398000A8059091A9050197039738F48091480202
:10399000082E000C990B0E94AB82C1113EC0809191
:1039A00048020E94B4118093080220914004309193
:1039B000410421303105E1F090913704911118C094
:1039C0009091FA03992321F09091F803992381F0C3
:1039D0008233B1F48FE390E00E94C414E12C10E034
:1039E00000E020E040E060E08FE390E00E941B15E3
:1039F00086E090E0CF911F910F91EF900C94C35C03
:103A000080E490E00E94C414E12C10E000E020E08B
:103A100040E060E080E490E0E9CFCF911F910F910A
:103A2000EF9008958093C9049AE0811101C090E05D
:103A30009093E503882339F080910802833318F0CE
:103A400082E380930802809108020E94061380930B
:103A5000480280938A0D81E00C94BA1C9091480230
:103A60009A3B49F4811112C080918A0D80934802DB
:103A700080E00C94BA1C882349F090938A0D8AEB5D
:103A8000809348021092080281E0F3CF089580915C
:103A90004802843CA9F080910802853068F41092B5
:103AA0000802809108020E940613809348028093C6
:103AB0008A0D80E00C94BA1C855080930802F1CFE7
:103AC0000895909148028091E5039817A1F08091A4
:103AD0000802803670F084E6809308028091080224
:103AE0000E9406138093480280938A0D80E00C9414
:103AF000BA1C8B5FF1CF0895EF92FF920F931F9343
:103B0000CF93DF93EB01F22E132F042FFC01E08003
:103B10008E2D0E94FE5828E0E29EF0011124EA5802
:103B2000FD4F24813581C217D307C8F4FC012281DF
:103B30003381C217D30798F4212F30E050E040E0E2
:103B4000542F432F322F22274F29202BBE01DF91E4
:103B5000CF911F910F91FF90EF900C94DC56DF9165
:103B6000CF911F910F91FF90EF9008959F92AF9288
:103B7000BF92CF92DF92EF92FF920F931F93CF935A
:103B8000DF9300D000D0CDB7DEB75C018B01D42E1F
:103B9000922EDC01CC908C2D0E94FE587C01B8E066
:103BA000CB9EF0011124EA58FD4F848195810817BE
:103BB0001907D0F5E3E6ED1508F048C0492D6D2D45
:103BC0008C2D0E94287C69837A838B83CE01019699
:103BD0000E94A24D6C837D838E83D501EC918091F0
:103BE0005B1860E0E81740F48091681890916918BC
:103BF000E80FF92FF11D6081CE0104960E94214E3D
:103C0000F701228133810217130770F4272F30E068
:103C100050E040E0542F432F322F2227462B282BF1
:103C2000B801C7010E94DC5626960FB6F894DEBF95
:103C30000FBECDBFDF91CF911F910F91FF90EF90FD
:103C4000DF90CF90BF90AF909F900895692D8D2DFC
:103C50000E94A97BB8CF4F925F926F927F928F9212
:103C60009F92AF92BF92DF92EF92FF92CF937B0130
:103C7000DC01CC918C2F0E94FE58DC0188E0C89FAB
:103C8000F0011124EA58FD4F84819581E816F90668
:103C900008F0F4C012968D919C911397E816F906DE
:103CA00008F0E8C01E968C911E971B96CC911B972E
:103CB00019966D917C911A9718968C901897E82F09
:103CC000F0E01C962C911C9730E01D964C9150E032
:103CD0008C1366C0C701880F991F8E0D9F1D680F3A
:103CE000791FE60FF71FE081260F371FD901FC90DF
:103CF000640F751FDB01CC91882009F446C0912C1C
:103D0000B12CA12C6E2F70E0762F6627072E000CA9
:103D1000880B990BA50194010E9473C839015524A1
:103D200044246F2D70E0762F6627072E000C880B39
:103D3000990BA50194010E9473C8542F432F322F71
:103D40002227422A532A642A752A6C2F70E0762F84
:103D50006627072E000C880B990BA50194010E9481
:103D600073C8D301C201822B932BA42B6A2F792F06
:103D7000CF91FF90EF90DF90BF90AF909F908F908A
:103D80007F906F905F904F9008958F2D90E0B0E0FE
:103D9000A0E0BA2FA92F982F8827AE2B8C2BE6CF27
:103DA000EE0CFF1CEE0CFF1C6E0D7F1DE60FF71FC7
:103DB000D080FB01EC0FF11DF080260F371FF901B9
:103DC000C081640F751FDB01EC90882009F448C0A6
:103DD000912CB12CA12C6D2D70E0762F6627072E2B
:103DE000000C880B990BA50194010E9473C8722ED8
:103DF0006624552444246F2D70E0762F6627072E05
:103E0000000C880B990BA50194010E9473C8A901AD
:103E100033272227422A532A642A6E2D70E0762FF8
:103E20006627072E000C880B990BA50194010E94B0
:103E300073C8422A532A642A6C2F70E0762F6627B3
:103E4000072E000C880B990BA50194010E9473C8E2
:103E5000B42FA32F922F882784299529A62986CFAE
:103E60008F2D90E0B0E0A0E0DC01992788278E2913
:103E70009C2B7CCF80E090E0DC0178CF60E070E0AC
:103E800080E076CFFC0180810E94FE58FC012185F4
:103E90003285232B11F00C9438570895CF93DF937C
:103EA000EC01888190915B18891798F490E0FC01EF
:103EB000EE0FFF1F8E0F9F1FE0916618F09167189D
:103EC000E80FF91FEB0188819981AA818083918392
:103ED000A283DF91CF9108950F931F93CF93DF9328
:103EE000FC018081E6E7F2E026EA32E09081891366
:103EF0003AC00181128100551C4FF8019081911147
:103F00004AC00E94FE58EC018E819F8197FD33C00C
:103F100061E00E94D08360E08E810E94A28381E0F4
:103F200089832885222369F1215039F130E050E05E
:103F300040E06FEF7FEF80E090E00E9441C849854C
:103F40005A85FA016C817D81CF01841B950B861700
:103F50009707B0F46081629FC001639F900D1124A8
:103F600090833196EFCF38962E173F0709F0BECFDA
:103F700010E000E0C0CF1982D4CF30E020E0DFCFE6
:103F8000188689859A85892B19F0CE010E943857A9
:103F900081E0F8018083DF91CF911F910F91089507
:103FA000EF92FF921F93CF93DF93E82EF12CE7015E
:103FB000CC0FDD1FFE01EC55FC4F20813181232BFE
:103FC000B1F481E090E00E945CCCFC01E0822091A1
:103FD0005B18E21638F4E0916818F0916918EE0D5C
:103FE000FF1D1082FE01EC55FC4F91838083CC5560
:103FF000DC4F88819981DF91CF911F91FF90EF90E5
:1040000008952F923F924F926F927F928F929F923C
:10401000AF92BF92CF92DF92EF92FF920F931F93D6
:10402000CF93DF9300D000D000D01F921F92CDB766
:10403000DEB781E00E94D01F9B878A8780911D0296
:1040400015E0882331F06091731881E00E94B25826
:10405000182F809111020E947908E82E80E00E94BA
:10406000090990902318980E81E00E940909A090F8
:104070002318A80E82E00E940909B0902318B80EF8
:1040800083E00E94090990912318F82EF90E80917F
:1040900073182BEF280F223008F4E2C0843009F4A3
:1040A000DFC080901A02292D30E03A8329836A2DDF
:1040B00070E07C836B838110D8C04E2D612F8A8580
:1040C0009B850E94B4086D837E838F834E2D612F64
:1040D0008A859B850E94B4081B01482E4E2D612FB6
:1040E0008A859B850E94B4083B01882E4E2D612F46
:1040F0008A859B850E94B4086B01E82E2D813E8144
:104100004F8169817A818A859B850E947C1D442D1F
:1041100091016B817C818A859B850E947C1D8B2D02
:1041200090E099878887482D9301BC018A859B85FB
:104130000E947C1D0F2D10E04E2D9601B8018A853E
:104140009B850E947C1D8091EC03811149C169818E
:104150007A816F5F7F4F2D813E814F818A859B855C
:104160000E947C1D8091231829813A8160916F18EB
:1041700068508217130614F46FEF690D70E02D81FB
:104180003E814F818A859B850E947C1D6B817C814D
:104190006F5F7F4F442D91018A859B850E947C1D16
:1041A000809123186B817C81861717060CF45AC006
:1041B00060916F18685070E0442D91018A859B854D
:1041C0000E947C1D688579856F5F7F4F482D930124
:1041D0008A859B850E947C1D8091231828853985BE
:1041E00060916F1868508217130614F46FEF6B0D0F
:1041F00070E0482D93018A859B850E947C1DB80143
:104200006F5F7F4F4E2D96018A859B850E947C1D96
:104210008091231860916F1868508017110614F46C
:104220006FEF6F0D70E04E2D96018A859B852B9662
:104230000FB6F894DEBF0FBECDBFDF91CF911F91B7
:104240000F91FF90EF90DF90CF90BF90AF909F9035
:104250008F907F906F904F903F902F900C947C1D8B
:1042600015E01FCF6FEF6A0DA6CF892F90E0CB2C02
:10427000D12C6F2D70E07E836D83E981FA81E81B7C
:10428000F90BED5FFB4F20812223C9F0EB81FC810C
:10429000E81BF90BED5FFB4F2081222381F0F60133
:1042A000E81BF90BED5FFB4F2081222341F0FB015E
:1042B000E81BF90BED5FFB4F80818111A9C00E94C3
:1042C000AA0C609130027091310290E080E00E946F
:1042D0000CC720E030E040EC5FE30E946DC70E9415
:1042E000FBC99B01AC018091231869817A81681B0D
:1042F0007109F9E17F2E769EC001779E900D112401
:1043000001E010E06E2D885E9F4E0E942B5160915F
:1043100030027091310290E080E00E940CC720E0F2
:1043200030E040EC5FE30E946DC70E94FBC99B0137
:10433000AC01809123186B817C81681B7109769E8A
:10434000C001779E900D11246E2D885E9F4E0E94B5
:104350002B51609130027091310290E080E00E9418
:104360000CC720E030E040EC5FE30E946DC70E9484
:10437000FBC99B01AC0180912318B601681B710930
:10438000769EC001779E900D11246E2D885E9F4E03
:104390000E942B51609130027091310290E080E0D8
:1043A0000E940CC720E030E040EC5FE30E946DC744
:1043B0000E94FBC99B01AC01809123186D817E8115
:1043C000681B7109769EC001779E900D11246E2D99
:1043D000885E9F4E0E942B518091EC03882311F13F
:1043E0002B960FB6F894DEBF0FBECDBFDF91CF91F5
:1043F0001F910F91FF90EF90DF90CF90BF90AF9003
:104400009F908F907F906F904F903F902F90089546
:10441000812CE2CF9A9438C0AA948BC0BA94DCC0A5
:10442000FA942FC1882041F16091300270913102DD
:1044300090E080E00E940CC720E030E040EC5FE3B9
:104440000E946DC70E94FBC949815A814F5F5F4F2F
:1044500020912318421B510929E1249FF001259F37
:10446000F00D112401E010E09B01AC016E2DCF0195
:10447000885E9F4E0E942B5110912318191550F2FF
:1044800090906F1878EF970E882009F449C06091DA
:1044900030027091310290E080E00E940CC720E071
:1044A00030E040EC5FE30E946DC70E94FBC99B01B6
:1044B000AC01892D811B990BBC01E9E17E2E769E12
:1044C000C001779E900D112401E010E06E2D885EF2
:1044D0009F4E0E942B51609130027091310290E00A
:1044E00080E00E940CC720E030E040EC5FE30E94D7
:1044F0006DC70E94FBC94B815C814F5F5F4F20916C
:104500002318421B5109749EF001759EF00D112471
:104510009B01AC016E2DCF01885E9F4E0E942B51F6
:10452000109123181A1508F477CFA0906F1898EF00
:10453000A90E882009F447C06091300270913102C1
:1045400090E080E00E940CC720E030E040EC5FE3A8
:104550000E946DC70E94FBC99B01AC018A2D811B83
:10456000990BBC0199E1A92EA69EC001A79E900DB2
:10457000112401E010E06E2D885E9F4E0E942B51A9
:10458000609130027091310290E080E00E940CC78F
:1045900020E030E040EC5FE30E946DC70E94FBC961
:1045A0009B01AC019FEFC91AD90A80912318C81A40
:1045B000D108AC9CC001AD9C900D11246E2D885E7D
:1045C0009F4E0E942B51109123181B1508F426CFE3
:1045D000B0906F18E8EFBE0E882009F448C06091D3
:1045E00030027091310290E080E00E940CC720E020
:1045F00030E040EC5FE30E946DC70E94FBC99B0165
:10460000AC018B2D811B990BBC0189E1D82ED69E64
:10461000C001D79E900D112401E010E06E2D885E40
:104620009F4E0E942B51609130027091310290E0B8
:1046300080E00E940CC720E030E040EC5FE30E9485
:104640006DC70E94FBC99B01AC016D817E816F5FCC
:104650007F4F80912318681B7109D69EC001D79E99
:10466000900D11246E2D885E9F4E0E942B517091EB
:10467000231879837F1508F4D3CEF0906F1888EF54
:10468000F80E882009F4ACCE6091300270913102AE
:1046900090E080E00E940CC720E030E040EC5FE357
:1046A0000E946DC70E94FBC92F2DE9812E1B330B81
:1046B000A90129E1249FF001259FF00D112401E0BB
:1046C00010E09B01AC016E2DCF01885E9F4E0E94D1
:1046D0002B5186CE8F929F92AF92BF92CF92DF9254
:1046E000FF920F931F93CF93DF93C82F81E00E9417
:1046F000D01F8C01809111020E947908F82E0E942F
:10470000DA0C80911A02CC2ED12C81112DC02FEF02
:1047100040E0B601C8010E94B61D8091EC038111F2
:1047200009C1B6016F5F7F4F2FEF40E0C8010E94C3
:10473000B61D80912318C1508C151D041CF0C0912A
:104740006F18C8506C2F70E02FEF40E0C801DF9168
:10475000CF911F910F91FF90DF90CF90BF90AF90BE
:104760009F908F900C94B61D809123189601281B62
:104770003109F901ED5FFB4F80818F113DC0D9E117
:10478000D29FC001D39F900D11246F2D80509C4E5D
:104790000E945E51609130027091310290E080E0A1
:1047A0000E940CC720E030E040EC5FE30E946DC740
:1047B0004B015C016091070270E090E080E00E9494
:1047C0000EC79B01AC01C501B4010E9489C90E94BA
:1047D000FBC99B01AC0180912318B601681B7109CC
:1047E000D69FC001D79F900D112401E010E060E03A
:1047F00080509C4E0E942B518091EC0381119AC0F5
:1048000086010F5F1F4F809123189801281B3109E3
:10481000F901ED5FFB4F80818F113CC0D9E1D29F40
:10482000C001D39F900D11246F2D80509C4E0E948B
:104830005E51609130027091310290E080E00E9400
:104840000CC720E030E040EC5FE30E946DC74B01F5
:104850005C016091070270E090E080E00E940EC76A
:104860009B01AC01C501B4010E9489C90E94FBC92A
:104870009B01AC0180912318081B1109D09FC00136
:10488000D19F900D112401E010E060E080509C4E1B
:104890000E942B518091231890E0C1508C159D05EA
:1048A0001CF0C0916F18C850D0E09E01281B390B36
:1048B000F901ED5FFB4F80818F113CC019E1129F20
:1048C000C001139F900D11246F2D80509C4E0E94AB
:1048D0005E51609130027091310290E080E00E9460
:1048E0000CC720E030E040EC5FE30E946DC74B0155
:1048F0005C016091070270E090E080E00E940EC7CA
:104900009B01AC01C501B4010E9489C90E94FBC989
:104910009B01AC0180912318C81BD1091C9FC001C9
:104920001D9F900D112401E010E060E080509C4E2E
:104930000E942B51DF91CF911F910F91FF90DF903B
:10494000CF90BF90AF909F908F9008956F927F927D
:104950008F92AF92BF92CF92DF92FF920F931F93ED
:10496000CF93DF93EC010E94DA0C88E198E10E947A
:104970006856882309F4B6C06091070270E0CE0142
:104980000E94C0C8EB0180913502882309F4CBC096
:1049900088EE97E10E948E4E882309F4B0C01092F1
:1049A0003502AE0170E060E088E198E10E9498561F
:1049B000D0933B02C0933A0286E280930402809136
:1049C000340481110CC080913B04811108C0809196
:1049D0003A04811104C0809104020E94410A80912E
:1049E00073180E94E30981117DC080910302811137
:1049F000CAC080914102882321F0809122180E9430
:104A00006A238091E2038F5F843008F0BFC08093F7
:104A1000E2038091E2030E940909C0912318C80FA4
:104A2000C093221880914102882309F45BC081E081
:104A30000E94D01F6C0180911D02D5E0882331F0C7
:104A40006091731881E00E94B258D82F80911102B2
:104A50000E947908F82E809150028C3009F4D1E040
:104A60004F2D6D2FC6010E94B4083B01882EAC2E3D
:104A7000B12C482F9B01B501C6010E947C1D80917D
:104A80002318F501E81BF109ED5FFB4FF0828091DF
:104A9000EC03811127C085010F5F1F4F482D930143
:104AA000B801C6010E947C1D8091231890E0081B6C
:104AB000190BF801ED5FFB4FF082C1508A159B0581
:104AC0001CF0C0916F18C850D0E0482D9301BE0172
:104AD000C6010E947C1D80912318C81BD109CD5F9F
:104AE000DB4FF882DF91CF911F910F91FF90DF9004
:104AF000CF90BF90AF908F907F906F90089588EE89
:104B000097E10E94F84EAC0170E060E088E198E126
:104B10000E94985688EE97E10E94F84E90933B02CF
:104B200080933A0249CF80913C04882321F188EE9A
:104B300097E10E948E4E882319F010923C043FCFDB
:104B400088EE97E10E94F84EAC0170E060E088E1E9
:104B500098E10E94985688EE97E10E94F84E909353
:104B60003B0280933A028091040281508E3108F01A
:104B700024CF8EE122CFAB0170E060E088E198E1C4
:104B80000E9498561CCF109203023BCF1092E20372
:104B900040CFEF92FF920F931F93CF93DF9381E06B
:104BA0000E94D01F8C0180911D028823B1F1609179
:104BB000731881E00E94B258F82E809150028C3018
:104BC00011F4FF24F394809172188250823040F1E6
:104BD000D0E0C0E08C2F0E94F909882399F0FE01F3
:104BE000ED5FFB4FE0808C2F0E94F9096091231844
:104BF000680F7727771F615071092E2D4F2DC8013F
:104C00000E94B61D2196C832D10521F7DF91CF91C0
:104C10001F910F91FF90EF90089585E0F82ECDCF72
:104C2000C0E080915002C81760F4609123186C0FA7
:104C30007727771F2FEF40E0C8010E94B61DCF5F96
:104C4000F0CFDF91CF911F910F91FF90EF900C94D7
:104C5000AA0CFF920F931F93CF93DF93182F80E03E
:104C60000E94D01FEC018091EF0304E1882331F012
:104C70006091731880E00E94B258082F80910E0254
:104C80000E947908F82E80913004082E000C990BB0
:104C9000E12FF0E08E179F071CF120915102281799
:104CA000190689F084F080913202882389F02D3032
:104CB00061F4E65CF44FE4916E2F70E02F2D402FED
:104CC000CE010E94B61D1F5FDECFE55DF44FF3CF2E
:104CD0002D3019F4E25EF44FEECFE15FF44FEBCFED
:104CE000DF91CF911F910F91FF900895FF920F9345
:104CF0001F93CF93DF9383E00E94D01FEC0180913C
:104D00004102811187C280911D0205E0882331F0A4
:104D10006091731883E00E94B258082F80910F02AF
:104D20000E947908182FF090B90380913A048823E3
:104D300009F480C0FF2009F44FC0A59A739A8091AE
:104D4000020188608093020180910201806180935A
:104D50000201809102018062809302018091020130
:104D600080648093020180911B0290911C02009745
:104D700009F450C200E00197F1F4212F45E070E002
:104D800060E0CE010E94B61D212F45E061E070E099
:104D9000CE010E94B61D212F4DE062E070E0CE01F1
:104DA0000E94B61D212F4DE063E070E0CE010E940D
:104DB000B61D212FC6C080914E028150990B602FE5
:104DC00070E0681779070CF025C2212F45E0CE016D
:104DD0000E94B61D0F5FEFCFA598739880910201D6
:104DE000877F80930201809102018F7E8093020170
:104DF000809102018F7D80930201809102018F7B5F
:104E00008093020180911B0290911C02892B09F46E
:104E100001C280914E028150990B6F2D70E068178E
:104E200079070CF0F7C12FEF40E0CE010E94B61DCC
:104E3000F394EFCF87E08F1508F4ECC1EF2DF0E08D
:104E40008827EA5DF84D8F4F0C94E8C82E275D2720
:104E5000AA270228022839289928DD28A5987398BE
:104E600080910201877F80930201809102018F7EF1
:104E700080930201809102018F7D809302018091D5
:104E800002018F7B8093020180911B0290911C0292
:104E9000892B09F4BFC110E080914E028150990B1B
:104EA000612F70E0681779070CF0B4C12FEF40E074
:104EB000CE010E94B61D1F5FEFCFA5987398809119
:104EC0000201877F80930201809102018F7E80938F
:104ED00002018091020180628093020180910201AF
:104EE00080648093020180911B0290911C02892BA7
:104EF00009F490C12FEF40E070E060E0CE010E9425
:104F0000B61D2FEF40E061E070E0CE010E94B61DBB
:104F10002FEF40E062E070E0CE010E94B61D2FEF5F
:104F200040E063E070E0CE010E94B61D80911B025C
:104F300090911C02212F019721F08091731881110B
:104F40004FC04FE064E070E0CE010E94B61D212FFB
:104F50004FE04EC0A59873988091020188608093BD
:104F6000020180910201806180930201809102011F
:104F7000806280930201809102018064809302012B
:104F800080911B0290911C02892B09F443C12FEFE1
:104F900040E070E060E0CE010E94B61D2FEF40E0DF
:104FA00061E070E0CE010E94B61D80911B029091DD
:104FB0001C02212F019709F4EFCE809173188823EA
:104FC00009F4EACE402F62E070E0CE010E94B61DE7
:104FD000212F402F63E070E0CE010E94B61D212FEB
:104FE000402F64E070E0CE010E94B61D212F402FBB
:104FF00065E070E0CE01DF91CF911F910F91FF909E
:105000000C94B61DA59A739A8091020188608093D2
:10501000020180910201806180930201809102016E
:10502000806280930201809102018064809302017A
:1050300080911B0290911C02009709F4EBC001972C
:1050400009F49BCE80917318F12C882309F495CE36
:1050500080914E028150990B6F2D70E0681779078F
:105060000CF0D8C0212F402FCE010E94B61DF39422
:10507000EFCFA59A739A8091020188608093020114
:1050800080910201806180930201809102018F7DF5
:1050900080930201809102018F7B809302018091B5
:1050A0001B0290911C02009709F4B4C0212F0197B4
:1050B00049F180917318882329F1402F70E060E056
:1050C000CE010E94B61D212F402F61E070E0CE017D
:1050D0000E94B61D212F402F62E070E0CE010E9499
:1050E000B61D212F402F63E070E0CE010E94B61D57
:1050F0002FEF40E064E070E0CE010E94B61D2FEF7C
:1051000040E076CF45E070E060E0CE010E94B61D41
:10511000212F45E061E070E0CE010E94B61D212FF5
:105120004DE062E070E0CE010E94B61D212F4DE0FF
:10513000DACFA59A739A80910201877F809302014A
:10514000809102018F7E80930201809102018F7D08
:1051500080930201809102018F7B809302018091F4
:105160001B0290911C02009709F454C0212F019753
:10517000D9F0809173188823B9F0402F70E060E077
:10518000CE010E94B61D212F402F61E070E0CE01BC
:105190000E94B61D2FEF40E062E070E0CE010E9459
:1051A000B61D2FEF40E09FCF45E070E060E0CE01FC
:1051B0000E94B61D212F45E0E8CFA59873988091F5
:1051C0000201877F80930201809102018F7E80938C
:1051D0000201809102018F7D809302018091020182
:1051E0008F7B8093020180911B0290911C02892B7E
:1051F00089F010E080914E028150990B612F70E090
:10520000681779073CF42FEF40E0CE010E94B61DED
:105210001F5FF0CFDF91CF911F910F91FF90089505
:105220000F931F93CF93DF9381E08093390480E045
:105230000E94D01F8C0167E080E00E94B258D82FF6
:10524000C0E080915102C81748F46C2F70E02FEF36
:105250004D2FC8010E94B61DCF5FF3CF81E00E94A1
:10526000D01F8C0167E081E00E94B258D82FC0E0C7
:1052700080915002C81760F4609123186C0F772753
:10528000771F2FEF4D2FC8010E94B61DCF5FF0CFC3
:1052900084E00E94D01F8C0167E084E00E94B25835
:1052A000D82FC091F10F8091F00F8C1748F06C2F20
:1052B00070E02FEF4D2FC8010E94B61DCF5FF3CFD6
:1052C00085E090E0DF91CF911F910F910C94C35C2A
:1052D0001092390480E00E94D01FFC0180810E945E
:1052E000FE58FC014481558170E060E08185928523
:1052F0000E946BCE84E00E94D01FFC0180810E943E
:10530000FE58FC014481558170E060E08185928502
:105310000C946BCE0F931F93CF93A59873988091A5
:105320000201877F80930201809102018F7E80932A
:105330000201809102018F7D809302018091020120
:105340008F7B8093020180914102882311F02C9879
:105350002D981092B90383E00E94D01F8C01809198
:105360001B0290911C02892B11F180914102C0E037
:10537000882369F080914E028C17C8F06C2F70E082
:105380002FEF40E0C8010E94B61DCF5FF3CF8091A0
:105390004E028150990B6C2F70E0681779073CF42E
:1053A0002FEF40E0C8010E94B61DCF5FF0CFCF9134
:1053B0001F910F910895EF920F931F93CF93DF9357
:1053C00084EE9FE00E946856882309F46FC18091A3
:1053D00041028111DEC00E945F0C9091C7048823B6
:1053E00009F497C080913A04811193C080913B04E5
:1053F00081118FC080913C0481118BC08091310458
:10540000811187C08091D30E811183C091113EC05C
:1054100080912D04882309F48EC08AEB91E00E94CC
:10542000C414EE24E39400ED17E021E04091890DCF
:1054300061E08AEB91E00E941B150E94FB8281E0F3
:105440008093C70480912F04882301F140911E02AC
:1054500050911F0270E060E08FE89EE00E94985635
:105460008091C704811112C00E945F0C882309F447
:105470007BC080913C04811109C080913A04811164
:1054800005C080913104882309F46EC00E948A29E6
:1054900000910102109102026091060270E0C801C1
:1054A0000E94C0C8EB01809172188250823008F4CB
:1054B000D7C083EA9EE00E94F25520913502672B07
:1054C000682B692B09F4BFC0222309F4ACC0C0913A
:1054D0000102D091020288EE97E10E94F84EC45D6D
:1054E000DE4FC81BD90B80913A04882331F0C0915C
:1054F0000102D0910202CC0FDD1FAE0170E060E02E
:1055000084EE9FE0DF91CF911F910F91EF900C946B
:105510009856992309F4A8CF8EE491E00E94C41410
:1055200089EB91E00E94C4148AEB91E00E94C414BC
:105530001092C70495CF89EB91E00E94C414EE2429
:10554000E39410E000E020E04091890D60E08EE4FB
:1055500091E00E941B150CEF18E021E04091890DAD
:1055600061E089EB91E067CF8091B90390913A04B3
:10557000992359F0882329F01092B9030E947626C6
:1055800087CF81E08093B903F9CF8730A8F78F5F89
:10559000F9CF0E948A298091C704882309F478CF23
:1055A00080912F04882351F180913A04811126C003
:1055B00080913B04811122C080913C0481111EC066
:1055C0008091310481111AC085E991E00E94C414D0
:1055D000EE24E39410E000E020E04091890D61E0CA
:1055E00085E991E00E941B1540911E0250911F0217
:1055F00070E060E08FE89EE00E9498568EE491E0B3
:105600000E94C41489EB91E00E94C4148AEB91E0DB
:105610000E94C4141092C7040E94E90E8BED90E022
:105620000E94805935CF80913C04882309F45BCFD8
:1056300088EE97E10E94F84EC0910102D0910202DB
:10564000C80FD91F50CF222371F3C0910102D0910E
:10565000020288EE97E10E94F84ECA56DF4F41CF12
:1056600080913502882381F088EE97E10E94F84E00
:10567000409101025091020220913002309131029A
:10568000421B530BEA01DCCF80913C04882309F4D0
:105690002ACF88EE97E10E94F84EEC01C80166E03F
:1056A00070E00E94C0C8C60FD71F1DCFDF91CF91F9
:1056B0001F910F91EF9008950F931F93CF9380E068
:1056C0000E94D01F8C01C0E080915102C81748F49D
:1056D0006C2F70E02FEF40E0C8010E94B61DCF5F35
:1056E000F3CF10923004CF911F910F910895EF9254
:1056F0000F931F93CF93DF9384E298E10E94685643
:10570000882309F451C1C09130048C2F0C2E000C59
:10571000990B209151022817190611F00CF06AC05C
:105720000E945C2B10923004D0E0C0E080913B04DA
:10573000811118C080913C04811114C08091350200
:10574000811110C080913A0481110CC080917218AF
:10575000853021F480913104811104C00E945F0CD6
:10576000882351F080912E04882331F080E691E067
:105770000E94B71410922E0440912E18042F10E0AE
:1057800090913502809172188250823008F09BC04F
:10579000911104C080913C04882361F088EE97E168
:1057A0000E94F84E2091300230913102021B130BFF
:1057B000080F191F80913A04882339F085E0980179
:1057C000829F8001839F100D112480910502AE01FC
:1057D000400F511F823058F0843009F4BEC008F0E9
:1057E0007EC0823009F48EC0833009F4A3C090E0FB
:1057F00080E093C0809172188530D9F50E945F0CCB
:10580000811139C080913104811135C080913502F8
:10581000811131C080913C0481112DC080913404EC
:10582000811129C080913A04811125C080913B04E7
:10583000811121C080912E0481111DC0C1111BC096
:1058400080912F04882321F08091970E882399F06E
:105850004091890D4451EE24E39408E715E021E0DE
:1058600061E080E691E00E941B1581E080932E04A8
:1058700002C0843059F28091EE03811155CF80919E
:1058800030040E942926809130048F5F8093300479
:10589000909172189450923008F046CF90913A044B
:1058A000911142CF082E000C990B2091510228171C
:1058B000190611F00CF038CF80912E18CDE4D1E00C
:1058C000C81BD10933CF911105C080913C048823B6
:1058D00009F470CF88EE97E10E94F84E69CF8530C9
:1058E00009F44EC0863009F082CF8091721884503E
:1058F000823008F442C0CA014333510570F082E39C
:1059000090E00BC08091721884508230C0F4CA01BC
:105910004630510510F085E090E0481B590B70E0CF
:1059200060E084E298E1DF91CF911F910F91EF90B9
:105930000C949856809172188450823038F4CA01C1
:105940004B30510550F38AE090E0E7CFCA01453172
:10595000510518F384E190E0E0CF809172188450F3
:10596000823038F4CA0140315105B8F28FE090E03E
:10597000D4CFCA014F31510580F28EE190E0CDCFF6
:10598000809172188450823038F4CA014A3151052E
:1059900020F289E190E0C1CFCA014932510508F4F3
:1059A000BCCF88E290E0B9CFDF91CF911F910F91EA
:1059B000EF9008950F931F93CF9380913804811136
:1059C0001AC081E00E94D01F8C01C0E0809150027B
:1059D000C81760F4609123186C0F7727771F2FEF9B
:1059E00040E0C8010E94B61DCF5FF0CFCF911F915C
:1059F0000F910C94AA0CCF911F910F910895FF92D3
:105A00000F931F93CF93DF93F82E82E00E94D01F55
:105A10008C016091731882E00E94B258D82FF092E6
:105A20002B04C0916E18FF2009F448C080914102F8
:105A3000882309F443C080913404882341F0E09125
:105A40007618F0E0EA5FF04F9081911104C09091D8
:105A50003B04992371F080917318811120C08091CB
:105A60007618D3E08230D9F0A0F4813081F0D1E013
:105A700016C0882341F0E0917618F0E0EA5FF04F1D
:105A800080818823C9F080913A04882341F0D5E0D1
:105A900006C0DDE0833019F0D3E1843041F7809116
:105AA0006F18C817C0F46C2F70E02FEF4D2FC8018E
:105AB0000E94B61DCF5FF3CFD0E0F1CF80916F1879
:105AC000C81748F46C2F70E02FEF40E0C8010E9427
:105AD000B61DCF5FF3CFDF91CF911F910F91FF9054
:105AE00008950F931F93CF938091CE04882399F04C
:105AF00085E00E94D01F8C01C091EF0F8091EE0FC6
:105B00008C1748F06C2F70E02FEF40E0C8010E9426
:105B1000B61DCF5FF3CFCF911F910F910895BF9224
:105B2000CF92DF92EF92FF920F931F93CF93DF9369
:105B3000EC0184E00E94D01F8C018EE090E10E9475
:105B40006856882309F4B0C180913302882309F490
:105B50008CC082EF9FE00E948E4E882309F4A4C07F
:105B600010923302AE0170E060E08EE090E10E949E
:105B70009856D0933902C093380280911D0295E067
:105B8000D92E882331F06091731884E00E94B258B6
:105B9000D82EF09010028F2D0E947908B82E0E9406
:105BA0005F0C882359F080917318811107C08F2DE5
:105BB00086950E947908B82E8BE0D82E9091E90343
:105BC0002091180280914102C090E303222309F43E
:105BD000A8C09111A8C081111AC0EC2C0C2C000C8B
:105BE000FF082B2D4D2DB701C8010E94B61D8091D5
:105BF000F10F6091F00F70E08E151F0419F0B701DE
:105C0000615071092FEF40E0C8010E94B61D81E08C
:105C10008C0D8093E303082E000C990B2091F00F5C
:105C20002817190624F48091F10F8093E3038091E3
:105C3000CE04882309F438C18091E30380FD34C188
:105C400080913504811130C18091C60481112CC12D
:105C500080910702863008F094C0843008F02EC18D
:105C6000823008F02DC1219790C08091350488239F
:105C700079F10E94712D82EF9FE00E948E4E882361
:105C800099F0109235048091D30E882309F475CFD2
:105C900080914102811171CF8091C60481116DCF35
:105CA00081E08093C60469CF82EF9FE00E94F84EA6
:105CB000AC0170E060E08EE090E10E94985682EFC7
:105CC0009FE00E94F84E909339028093380255CF9E
:105CD000D0933902C0933802809107028230B8F025
:105CE000853040F0CE010497C430D10559F4C1E0AD
:105CF000D0E00FC090E08C179D07C9F39E01281BD0
:105D0000390BC901C817D90790F3EC0102C02097DD
:105D100071F3AE0170E060E08EE090E10E94985671
:105D20002CCF911158CF81111BC0EC2C0C2C000CE6
:105D3000FF082B2D4D2DB701C8010E94B61D809183
:105D4000F00F6091F10F70E08E151F0421F01CF030
:105D5000B7016F5F7F4F2FEF40E0C8010E94B61D73
:105D60008FEF8C0D8093E303082E000C990B20918C
:105D7000F10F2817190609F00CF459CF8091F00F94
:105D800054CF8A3008F06FCF2497C230D10510F479
:105D9000C2E0D0E085E00E94D01F7C010091EF0FAF
:105DA0001091CE0416958FEF800F180F809110027E
:105DB0000E947908C82E202F30E0C9014496D02EC9
:105DC0001817190609F01CF4011708F4D12E809158
:105DD000B803082E000C990B8217930714F4009354
:105DE000B803009173181091B803063029F00E948F
:105DF0005F0C40E0882301F1812F012E000C990BEC
:105E0000D816190609F0BCF4063009F45FC0909169
:105E1000D4049F5F953008F055C0892F837009F432
:105E200051C09093D4048091D4044BE0813021F090
:105E3000823009F44BC04DE08091CD04909118025E
:105E4000992309F445C0811145C0A897E8F48091D1
:105E50004102811119C0C12F012E000CDD0B2C2D28
:105E6000BE01C7010E94B61D8091EF0F6091EE0F39
:105E700070E08C171D0619F0BE01615071092FEFFB
:105E800040E0C7010E94B61D81E0810F8093B803F6
:105E9000082E000C990B2091EE0F2817190624F4F8
:105EA0008091EF0F8093B803DF91CF911F910F91F5
:105EB000FF90EF90DF90CF90BF900895239765CF2C
:105EC000229763CF81E08093D404ADCF41E0B4CF7B
:105ED0008111BBCFA897F0F48091410281111AC0C3
:105EE000C12F012E000CDD0B2C2DBE01C7010E941D
:105EF000B61D8091EE0F6091EF0F70E08C171D06BC
:105F000021F01CF0BE016F5F7F4F2FEF40E0C70113
:105F10000E94B61D8FEF810F8093B803082E000CEE
:105F2000990B2091EF0F2817190609F00CF4BCCF3C
:105F30008091EE0FB7CFEF920F931F9380913404AF
:105F4000882321F00E94381B0E94986E809172185D
:105F50008330A1F1853009F443C08230B1F58CE77C
:105F600091E00E94C4148BE791E00E94C414EE24D7
:105F7000E39410E000E020E04091890D60E082E0D1
:105F800090E00E941B1580917218833009F044C084
:105F900020E04091890D60E087E290E00E941B15AF
:105FA00080917318823009F442C0833009F472C0C2
:105FB000813009F040C087E390E03BC085E290E08B
:105FC0000E94C41486E290E0D0CF81E090E00E946D
:105FD000C4148FE090E00E94C41480E190E0C5CF2B
:105FE00081E090E00E94C41485E991E00E94C4140D
:105FF0008091C704882309F4BACF8EE491E00E940F
:10600000C41489EB91E00E94C4148AEB91E00E94D1
:10601000C4141092C704ABCFEE24E39410E000E068
:1060200020E04091890D60E083E290E0B7CF82E309
:1060300090E00E94C41480913B0481111CC0EE24A6
:10604000E39410E000E020E04091890D61E08BE4F2
:1060500090E00E941B1520E04091890D61E08EE7E1
:1060600090E00E941B1520E04091890D60E08FE7D1
:1060700090E00E941B1580914102811102C00E9494
:10608000712D80917B18853041F41F910F91EF9015
:106090000C94360A87E491E0CCCF1F910F91EF90DA
:1060A00008950F931F93CF9384E00E94D01F8C011B
:1060B000C091F10F8091F00F8C1748F06C2F70E0B9
:1060C0002FEF40E0C8010E94B61DCF5FF3CFCF9104
:1060D0001F910F91089580E00E94FF2C80E00E94A4
:1060E000160A10921618109217180E94DA2C809136
:1060F0003C02882351F080912318809322188091CC
:10610000F10F8093E3031092E40380914004909197
:106110004104009739F420910302211103C021E0CA
:106120002093030220914102211106C020913A04DC
:10613000222311F0892B21F40E9451300E94712DED
:106140000C94986EEF920F931F938091420490915C
:106150004304029721F08BE190E00E948059109255
:10616000050F1092060F83EB90E00E94C41484E5A3
:1061700091E00E94C41480917318823039F14091EB
:10618000890D809172188250EE24E39410E000E0B3
:1061900020E060E0823008F45BC083E691E00E947A
:1061A0001B15809172188450823020F489E691E0AA
:1061B0000E94C414EE24E39410E000E020E040913B
:1061C000890D60E084EB90E00E941B1510923B0467
:1061D00080E00E94850980E00E9439098091721850
:1061E0008250823040F4809173180E94E30981113B
:1061F00002C00E946B3010923A048BE190E00E9442
:10620000C35C80913602882321F00E94986E0E9420
:10621000790C0E94710C80E00E94A01880E00E941E
:10622000FF2C80E00E94160A1092F10E1092F20EDE
:106230001092FB0E1092FC0E40913F0250E070E075
:1062400060E088E198E11F910F91EF900C949856CF
:1062500086E591E0A4CF2F923F924F925F926F928A
:106260007F928F929F92AF92BF92CF92DF92EF92E6
:10627000FF920F931F93CF93DF9384E00E94D01F70
:10628000EC0180913C028823B9F010923C021092FC
:10629000E4038091F10F8093E303809172188250A0
:1062A000823008F4EDC08091231890911802992350
:1062B00009F4E4C0809322180E94D10990913B0414
:1062C0008111E2C02091400430914104232B09F454
:1062D000DBC0809136048111D7C09111D8C0809164
:1062E0003A04811138C0109235021092330281E0D5
:1062F00080933A0480917218825044EF51E060E03C
:1063000070E0823090F4809173180E94E30981114B
:1063100002C00E946B3040E050E0BA0188E198E191
:106320000E94985640E050E0BA0180ED9FE00E9444
:1063300098560E949B2F0E94D109682F70E088E236
:1063400090E00E9413590E94D109682F70E088E202
:1063500090E00E94755A809173180E94E3098111A0
:1063600008C080910B0220E1829FC00111240E948D
:106370008F2D809172188250823008F414C1809160
:106380003F02EAE08E9FC00111240E94630A80ED63
:106390009FE00E946856882309F4EBC080E00E94C9
:1063A000FF2C80E00E94160A409130025091310289
:1063B00070E060E080ED9FE00E9498568AE50E94C0
:1063C000410A809173180E94E309882309F4F2C5F9
:1063D0008091400490914104019759F480911618DE
:1063E000811107C040E050E0BA018EE098E10E94C0
:1063F000985681E00E94D01F8C0184E00E94D01F3B
:106400001C018EE098E10E946856882309F48DC52E
:106410008091400490914104892B09F0CEC4F09002
:106420003C04FF2009F4C9C481E00E94D01F5C0134
:1064300084E00E94D01F6C01E0904102EE2009F43C
:106440006BC4D0E0C0E080915002D81708F080C43F
:10645000009123180D0F1127111FB801C5010E94CB
:106460002B1E611104C0711102C0882329F0B801EC
:10647000C5010E940F7ECE2DDF5FE5CF8E5F1ACF64
:1064800083E08093E20318CF992309F405C2809139
:106490003A04811134C01092350210923302809177
:1064A0007218825044EF51E060E070E0823090F466
:1064B000809173180E94E3098111B9C00E946B306A
:1064C00040E050E0BA0188E198E10E94985640E02F
:1064D00050E0BA0180ED9FE00E949856809136020C
:1064E000882341F08091510281508093300480E0F4
:1064F0000E94292681E080933A040E949B2F80917C
:106500002C04811107C080917318823019F081E04A
:106510000E94850980E29FE00E946856882309F462
:10652000C8C04091890D80917318EE24E39410E067
:1065300000E020E0823009F07DC061E084E591E078
:106540000E941B158091761840912C0250912D02CB
:10655000823009F4A2C008F093C040912E025091FD
:106560002F02813009F499C04091260250912702F0
:1065700094C080ED9FE00E94F2552091300230914E
:10658000310236952795890130E020E060177107C8
:106590008207930708F012CF81E00E94FF2C81E070
:1065A0000E94160A0BCF80913002909131029C011B
:1065B000220F331F820F931F0E94A62480ED9FE0BD
:1065C0000E9468568823A1F0409130025091310218
:1065D0005695479570E060E080ED9FE00E949856E8
:1065E00080E00E94FF2C80E00E94160A8EE1E7CE38
:1065F00080ED9FE00E94F2552091300230913102EF
:106600003695279536952795890130E020E060176B
:1066100071078207930708F0D4CE86E20E94410AF0
:1066200081E00E94FF2C81E00E94160ACACE0E94DF
:10663000AA0C46CF60E082EB90E00E941B15C0914F
:10664000890D0E946AC625E030E040E050E00E94DB
:1066500041C8FB01EE0FFF1FE55AF44F859194915D
:1066600008E710E021E04C2F60E00E941B1508EEC7
:1066700013E021E04091890D61E083EB90E060CF71
:1066800040912A0250912B02833039F04091280228
:1066900050912902843009F067CF70E060E08DEFFF
:1066A0009EE00E94985680912C04811102C00E94A5
:1066B0008509809173180E94E309811110C08091AF
:1066C0003602882321F080913004181644F480911A
:1066D0000B02F0E18F9FC00111240E948F2D809149
:1066E00072188250823008F462C0809136028111A3
:1066F0004FC080913F022AE0829FC00111240E9476
:10670000630A8CE30E94410A8091050F8823B1F14E
:1067100080917318823091F180912C04882319F0B4
:1067200081E00E94850981E00E94390989EE9EE09E
:106730000E946856882309F495C01092F10E1092B9
:10674000F20E42E350E060E070E083EF9EE00E94D2
:10675000985680912502882339F081E00E94FF2C11
:1067600080912502811107C080912B04811103C003
:1067700081E00E94FF2C81E00E94160A8DEF9EE0CE
:106780000E946856882309F41CCE0E94A23019CEBC
:106790008091300418160CF05FC080913F02EAE04F
:1067A0008E9FC00111240E94630A8EE1ABCF80ED61
:1067B0009FE00E946856882331F140913002509149
:1067C00031025695479570E060E080ED9FE00E94B1
:1067D0009856809173180E94E309811195CF80919A
:1067E0001A02C0E0811103C00E946B308DCF8C2F44
:1067F0000E94090990912318890F0E946A23CF5F94
:10680000C430A9F781CF80ED9FE00E94F25520911E
:1068100030023091310236952795369527958901BA
:1068200030E020E0601771078207930708F06CCF13
:106830008091360281110CC08EE10E94410A809144
:1068400073180E94E30981115FCF0E9401205CCF81
:1068500080913004181684F380E00E94410A0E945F
:10686000513052CF83EF9EE00E946856882309F48E
:1068700077CF1092FB0E1092FC0E42E350E060E0E6
:1068800070E089EE9EE00E94985680912502882350
:1068900009F46ACF80E062CF60913A0270913B02C6
:1068A00080913402882309F4C8C01092340288EE23
:1068B00097E10E94EC4E609138027091390282EFAC
:1068C0009FE00E94EC4E8091721882508230D0F48A
:1068D000609130027091310205E110E028EB3BE05D
:1068E00040E050E088EE97E10E94B34E60910C02C8
:1068F00070E028EB3BE040E050E082EF9FE00E9438
:10690000B34E41C083EA9EE00E94F25510913F02CF
:10691000672B682B692BA1F0612F70E009E010E074
:1069200020E737E140E050E088EE97E10E94B34E67
:1069300060910B0270E020E737E140E050E0DDCFEE
:106940000E945F0C612F70E0882391F003E010E05B
:106950002CED35E040E050E088EE97E10E94B34E28
:1069600060910B0270E02CED35E040E050E0C5CFC7
:1069700070933B0260933A0280910B0290E09093F7
:1069800039028093380220913A0230913B02909173
:1069900072189250923008F00EC1C9010E94A624CC
:1069A0008091D30E882309F44BC1809172188530F1
:1069B00009F046C180911618811107C040E050E0EF
:1069C000BA018EE098E10E94985681E00E94D01FA3
:1069D0006C0184E00E94D01F7C018EE098E10E944F
:1069E0006856882309F42CC180914102882309F458
:1069F000E6C010E000E1802E912CA12CB12C8091FA
:106A00005002181708F014C10E946AC6A50194012B
:106A10000E9441C89B01AC012B5F3F4F4F4F5F4F1E
:106A200080912318E82FE10FFF27FF1FBF0143E1EB
:106A3000C6010E94B61D1F5FE2CF809136048823F5
:106A400009F4A1CF1092360488EE97E10E94EC4E33
:106A5000609138027091390282EF9FE00E94EC4E03
:106A600010917218123009F5609130027091310264
:106A700090E080E00E940CC726E636E646EA5FE337
:106A80000E946DC70E94FBC904E110E024EC39E0CC
:106A900040E050E088EE97E10E94B34E24EC39E0EC
:106AA00040E050E06CE271E028CF1330F9F46091DF
:106AB00030027091310290E080E00E940CC726E61F
:106AC00036E646EA5FE30E946DC70E94FBC904E117
:106AD00010E024E630E040E050E088EE97E10E94CC
:106AE000B34E24E630E040E050E0DCCF8091D30E9E
:106AF000882331F16091CB0E7091CC0E8091CD0E38
:106B00009091CE0E23E0C22ED12CE12CF12CA701C6
:106B100096010E9473C808E010E06CE271E088EE14
:106B200097E10E94B34E6091CB0E7091CC0E809194
:106B3000CD0E9091CE0EA70196010E9473C8B2CFE0
:106B40000E945F0C153099F4811113C008E010E029
:106B500021E43AE040E050E06CE271E088EE97E139
:106B60000E94B34E21E43AE040E050E09BCF8823FE
:106B700089F008E010E020E632E240E050E06CE20C
:106B800071E088EE97E10E94B34E20E632E240E0E9
:106B900050E088CF08E010E024E039E240E050E027
:106BA0006CE271E088EE97E10E94B34E24E039E296
:106BB00040E050E077CFC9010E94630AF1CED12CAA
:106BC000B0E18B2E912CA12CB12C80910D02D81606
:106BD00078F50D2D10E02091F10F200F312F311D90
:106BE0008091E303082E000C990B019728173907B1
:106BF00041F48091C604811119C08091350481113E
:106C000015C00E946AC6A50194010E9441C89B015B
:106C1000AC012B5F3F4F4F4F5F4F8091F10FB80199
:106C2000680F711D43E1C7010E94B61DD394CDCFFB
:106C300045E050E060E070E08EE098E10E949856F8
:106C400010914102809173180E94E3091111B9CB90
:106C5000811106C080913802909139020E948F2DD7
:106C60008091C604882309F4ACCB0091CB0E10911F
:106C7000CC0E8BEC9EE00E94F2552091CB0E309111
:106C8000CC0E4091CD0E5091CE0E021B130B600F17
:106C9000711FE4E6E69FC001E79F900D1124BC013F
:106CA00090E080E00E9473C82F30310518F41092F4
:106CB000C60420E0822F0E947908282F8091E903E2
:106CC000909118026091E303992371F081110EC035
:106CD000062E000C770B8091F10F8617170691F4A2
:106CE0006091F00F70E010C08111F2CF062E000C01
:106CF000770B8091F00F8617170609F054F4609116
:106D0000F10FF0CF615071094BE0CE010E94B61D2A
:106D100058CB6F5F7F4FF8CFC0E0D0E080910D027D
:106D2000D817B0F40091F10F0D0F1127111FB80102
:106D3000C6010E942B1E611104C0711102C088237C
:106D400029F0B801C6010E940F7ECF2DDF5FE6CF8C
:106D5000CC23D1F04EE150E060E070E08EE098E1AD
:106D6000DF91CF911F910F91FF90EF90DF90CF9027
:106D7000BF90AF909F908F907F906F905F904F905B
:106D80003F902F900C949856109216181092171846
:106D900010923C04DF91CF911F910F91FF90EF90E3
:106DA000DF90CF90BF90AF909F908F907F906F902B
:106DB0005F904F903F902F900895809134048823E6
:106DC00009F452C080917618C7E9823061F028F446
:106DD000C9E7813041F0CDED06C0C5EB833019F035
:106DE000C9EC8430C1F7D8E280914102882309F4CC
:106DF0004DC0212C4C2E512C712C612C80915002B5
:106E0000281608F07CC080911D02A5E03A2E882348
:106E100031F06091731881E00E94B258382ECD2E67
:106E2000D12CF12CE12CC414D504E604F70484F42D
:106E3000530142018C189D08AE08BF080E946AC623
:106E4000A50194010E9441C8C60ED71EE81EF91E76
:106E500060912318620D7727771F2C2D432DC801D1
:106E60000E94B61D2394CACF80913A0481110BC0B1
:106E700080913B04811107C080913204C9E7D2E3BD
:106E8000882309F4B1CFC9E2D4E1AECF00E04C2EA3
:106E9000512C712C612C80910D02081780F5809186
:106EA0001D0215E0882331F06091731884E00E9480
:106EB000B258182FCD2ED12CF12CE12CC414D504AE
:106EC000E604F70484F4530142018C189D08AE08CF
:106ED000BF080E946AC6A50194010E9441C8C60E5F
:106EE000D71EE81EF91E6091F10F600F7727771FFC
:106EF0002C2D412FC1010E94B61D0F5FCCCFD23384
:106F0000B1F5C937A1F50E946AC62FE130E040E033
:106F100050E00E9441C8AB01BC014A5B5F4F6F4F1C
:106F20007F4F8EE098E10E94985680913404811141
:106F300031CF80913B0481112DCF80913A04811192
:106F400029CF80910402DF91CF911F910F91FF9083
:106F5000EF90DF90CF90BF90AF909F908F907F90F9
:106F60006F905F904F903F902F900C94410A8091CA
:106F700076184AE550E060E070E0823091F258F413
:106F800044E650E060E070E0813059F24CE350E0BC
:106F900060E070E0C6CF40E550E060E070E0833034
:106FA00009F4BFCF46E450E060E070E0843009F4BB
:106FB000B8CFECCF80914102882309F4EBCE81E079
:106FC0000E94D01F7C0180911D02F5E07F2E882356
:106FD00031F06091731881E00E94B258782E809150
:106FE00050028C3011F4772473948091721882507F
:106FF000823008F4C8C068E1862E60E1962E73E006
:10700000A72E74E0B72EEAEBCE2EE3E0DE2EC0E032
:10701000D4E1612C44244394C4010E941C51882370
:10702000E1F0F6014082C4010E946A51182FF50177
:107030008083862D0E94F909882379F0862D0E948D
:10704000F90960912318680F7727771F615071093C
:10705000212F472DC7010E94B61D809111020E9469
:107060007908582EC4010E94F7508823D1F1F50108
:1070700080818515B0F1F6018081882391F1F501B9
:107080005082F6011082652DCE010E945E518091E2
:10709000500220913A0230913B028C3009F470C0CA
:1070A000C901880F991F280F391F50E040E005E102
:1070B00010E060E0CE010E942B51862D0E94F9095C
:1070C000882379F0862D0E94F90960912318680FB2
:1070D0007727771F61507109252D472DC7010E9421
:1070E000B61DCE010E941C518823D1F0CE010E9412
:1070F0006A51182FF5018083862D0E94F909882393
:1071000079F0862D0E94F90960912318680F77277E
:10711000771F61507109212F472DC7010E94B61DAD
:10712000CE010E94F7508823E1F0F60180818111A1
:1071300018C0F5011082F6014082862D0E94F909DF
:10714000882379F0862D0E94F90960912318680F31
:107150007727771F615071092FEF40E0C7010E9428
:10716000B61D6394F9E18F0E911C2FEFA21AB20A9B
:107170008FEFC81AD80A699698E269124DCF0ACEE5
:10718000220F331F92CF80911A02882309F402CE76
:1071900080913B04882351F0809173189BEF980FE6
:1071A000923008F4A1C0843009F49EC0809111028D
:1071B0000E947908882E912C89E1582E66246394C8
:1071C000E82DE150FF0B6F0180915002981608F0F6
:1071D000E1CDC92DD0E0959C80011124C801885EC5
:1071E0009F4E5C010E941C518823D9F0FE01E65499
:1071F000FC4F6082C5010E946A51482E482F672DBE
:10720000C7010E94B4089B01482F609123186C0F9E
:107210007D2F711DC7010E947C1DFE01ED5FFB4F9C
:107220004082C5010E94F7508823F9F0FE01ED5F0E
:10723000FB4F5F0180818C151D04B9F4FE01E654FB
:10724000FC4F8081882389F0482D672DC7010E945B
:10725000B4089B01482F609123186C0F7D2F711D7E
:10726000C7010E947C1DF501808200501C4EC801A0
:107270000E941C518823D9F0C8010E946A51B82E7F
:10728000482F672DC7010E94B4089B01482F6091C9
:1072900023186C0F7D2F711DC7010E947C1DFE01FC
:1072A000ED5FFB4FB082FE01E654FC4F1082C80137
:1072B0000E94F7508823B1F08E0106541C4FF8014C
:1072C000808181110FC0609123186C0F7D2F711D7B
:1072D0002FEF40E0C7010E94B61DCD5FDB4F188243
:1072E000F8016082939470CF95E0792E5FCF0E9471
:1072F0005C2B0E948A291092050F1092060F1092A3
:107300003B041092320410923C0410923604109206
:10731000350481E080933C020E946B300E94710C26
:10732000809172188250823008F45EC080914F02C2
:1073300080932E1886E990E09093020280930102D8
:1073400040912E1850E070E060E084E298E10E94E5
:107350009856409101025091020270E060E084EE84
:107360009FE00E94985640913F0250E070E060E03C
:1073700088E198E10E9498564CE251E060E070E0AC
:107380008EE090E10E9498560E94360A8EE180932A
:10739000040280913704882389F01092370470E04A
:1073A00060E08BE090E00E9413596091370470E038
:1073B0008BE090E00E94755A0E94AA0C80913A04DA
:1073C0008823C9F010923A040E94D109682F70E016
:1073D00089E290E00E9413590E94D109682F70E061
:1073E00089E290E00C94755A80910A0280932E18DD
:1073F00088E592E0A1CF0895EF920F931F93CF936A
:10740000DF9386EB9FE00E946C558CE99FE00E9421
:107410006C5582E89FE00E946C5588E69FE00E94D0
:107420006C5586E59EE00E946C558EE49FE00E94BC
:107430006C5584E39FE00E946C5583E00E94D01F4E
:10744000EC018091C70481110EC00E945F0C88235B
:1074500051F080913C04811106C080913A04811161
:1074600002C08091310490914102911150C281116A
:107470004EC280910F020E947908182F80917218D5
:107480009EEF980F923008F01DC28AED9FE00E9497
:10749000F255643F71408105910508F004C22C9AB1
:1074A00080911B0290911C02009799F060914E020E
:1074B0006150770B019719F4212F4FE007C080919D
:1074C0007218212F45E0823009F043E0CE010E947E
:1074D000B61D80912002882351F08AED9FE00E9422
:1074E000F255643F71408105910508F002C22D9A62
:1074F00080911B0290911C02892B41F060914E02F9
:1075000070E0212F4DE0CE010E94B61D8AED9FE074
:107510000E946856882321F08AED9FE00E94AB56B6
:107520008091CC04882309F405C280914102811125
:107530000FC081E08093410286E290E00E94805972
:1075400086E290E00E94C35C0E9451300E94712D3F
:107550008EE49FE00E94E055811106C08EE49FE01A
:107560000E94CE558823A9F18FE390E00E94C414B5
:1075700080E490E00E94C41486E590E00E94C41468
:1075800087E590E00E94C41480911802882309F4D2
:107590008FC210921802EE24E39410E000E020E085
:1075A0004091890D60E080E490E00E941B1580917D
:1075B000400490914104019761F020E04091890DD1
:1075C00060E087E590E00E941B1583E690E00E9452
:1075D000805984E39FE00E94E055811106C084E356
:1075E0009FE00E94CE558823B1F185E590E00E948E
:1075F000C41484E590E00E94C4148091370288236B
:1076000009F477C21092370280E00E9485098CE26B
:1076100090E00E94C414EE24E39410E000E020E027
:107620004091890D60E08CE290E00E941B158091F2
:10763000400490914104019771F020E04091890D40
:1076400060E085E590E00E941B1570E060E08DE051
:1076500091E00E94135988E69FE00E94E055811155
:1076600006C088E69FE00E94CE558823D1F180E5D0
:1076700090E00E94C41481E590E00E94C41420911F
:107680007A0F30917B0F90912002232B09F056C284
:107690002091400430914104232B61F42091AE0FDE
:1076A0003091AF0F2130310529F480913F048F5F75
:1076B00080933F04911115C061E070E086E191E094
:1076C0000E94135981E080932002EE24E39410E09D
:1076D00000E020E04091890D60E080E590E00E94AC
:1076E0001B1582E89FE00E94E055811106C082E8E8
:1076F0009FE00E94CE55882391F084E490E00E94A0
:10770000C414EE24E39410E000E020E04091890DE1
:1077100060E084E490E00E941B151092ED038CE978
:107720009FE00E94E055811106C08CE99FE00E9415
:10773000CE55882309F110923F048091440288239A
:10774000D9F00E94D109882309F40EC28091400427
:1077500090914104892B81F488E290E00E94C41446
:10776000EE24E39410E000E020E04091890D60E019
:1077700088E290E00E941B1586EB9FE00E94E05596
:10778000811106C086EB9FE00E94CE558823D1F17F
:1077900010923F04809172188250823008F4F3C135
:1077A00081E691E00E94C414EE24E39410E000E02E
:1077B00020E04091890D60E081E691E00E941B1578
:1077C0008091C80F9091C90F892B09F0F5C182E013
:1077D0008093711880917018813061F48091400419
:1077E00090914104892B31F482E090E090933E0423
:1077F00080933D0480E890E00E94805980E890E00A
:107800000E94C35C8091400490914104892B09F04F
:1078100091C28091370481118DC280913904811108
:1078200089C2909172188091ED03811150C220910C
:10783000940F3091950F232B09F0F8C18CEF890F2D
:10784000823040F5943009F0CCC183E08093721807
:1078500080937A0E83E590E00E94805983E590E062
:107860000E94C35C82E89FE00E94E055811106C03F
:1078700082E89FE00E94CE55882361F0EE24E394D5
:1078800010E000E020E04091890D60E08EE490E09F
:107890000E941B150E94790CDF91CF911F910F91CF
:1078A000EF900C9477392C9880911B0290911C02D8
:1078B000892B09F40ECE60914E026150770B2FEFA9
:1078C00040E004CE2C9A20911B0230911C0221151D
:1078D000310509F4FECD60914E026150770B2130E5
:1078E000310509F4E9CD212F43E1843009F4E4CDD9
:1078F000EDCD2D9880911B0290911C02892B09F4EB
:1079000005CE60914E0270E02FEF40E0FCCD2C9848
:107910002D9880911B0290911C02892B09F4F6CDC1
:1079200060914E026150770B2FEF40E0CE010E9434
:10793000B61DE7CF86E59EE00E94CE55882309F468
:1079400059C08DE390E00E94C41484E691E00E9447
:10795000C41485E691E00E94C41486E691E00E947A
:10796000C41487E691E00E94C4148EE390E00E9464
:10797000C41488E290E00E94C41482E490E00E9463
:10798000C41484E490E00E94C414EE24E39410E054
:1079900000E020E04091890D60E08EE390E00E94DD
:1079A0001B15C091890D0E946AC625E030E040E0B9
:1079B00050E00E9441C8FB01EE0FFF1FE55AF44F53
:1079C0008591949108E710E021E04C2F60E00E943F
:1079D0001B158091400490914104019709F05AC011
:1079E00010E000E020E04091890D60E082E490E04A
:1079F0000E941B1586E59EE00E94E055882351F108
:107A000088E290E00E94C4148CE290E00E94C414CA
:107A1000EE24E39410E000E020E04091890D60E066
:107A200088E290E00E941B1520E04091890D60E003
:107A30008CE290E00E941B158091400490914104DB
:107A4000019779F520E04091890D60E082E490E0B3
:107A50000E941B15809141022091680E3091690EA1
:107A6000232B09F464CD882309F472CD10924102CE
:107A70000E94DA2C87E290E00E94805987E290E031
:107A80000E94C35C80913904882309F461CD0E946F
:107A900010295ECD809139048111ACCF10923C0247
:107AA000A9CF809139048111D5CF10923C02D2CF59
:107AB00081E080931802EE24E39410E000E020E0DF
:107AC0004091890D60E08FE390E00E941B1580914A
:107AD000400490914104019709F47BCD20E040914E
:107AE000890D60E086E590E00E941B1582E690E03B
:107AF0006ECD81E0809337028DE390E00E94C41444
:107B0000EE24E39410E000E020E04091890D60E075
:107B10008DE390E00E941B158091400490914104F8
:107B2000019709F498CD20E04091890D60E084E54B
:107B300090E00E941B1561E070E089CD992309F463
:107B4000D0CD63E070E086E191E00E94135910927D
:107B50002002EE24E39410E000E020E04091890D43
:107B600060E081E590E0BBCD87E791E00E94C4141E
:107B7000EE24E39410E000E020E04091890D60E005
:107B800087E791E0F7CD8091C80F9091C90F0197D9
:107B900009F016CE8091400490914104019709F0BC
:107BA0000FCEEE24E39410E000E020E04091890D38
:107BB00060E082E090E002CE81E0809371188091D5
:107BC0004004909141048130910521F490933E044A
:107BD00080933D0481E890E00E94805981E890E024
:107BE0000FCE82E08093721880937A0E82E590E047
:107BF0000E94805982E590E00E94C35C82E89FE089
:107C00000E94E055811107C082E89FE00E94CE5596
:107C1000882309F43FCEEE24E39410E000E020E056
:107C20004091890D60E08DE490E032CE8EEF890FB7
:107C3000823008F02FCE923029F584E080937218BC
:107C400080937A0E84E590E00E94805984E590E06C
:107C50000E94C35C82E89FE00E94E055811107C04A
:107C600082E89FE00E94CE55882309F413CEEE24CB
:107C7000E39410E000E020E04091890D60E08EE5A3
:107C800090E006CE85E08093721880937A0E85E5A9
:107C900090E00E94805985E590E00E94C35C82E8F4
:107CA0009FE00E94E055811107C082E89FE00E949A
:107CB000CE55882309F4EECDEE24E39410E000E0E5
:107CC00020E04091890D60E083E091E0E1CD80917A
:107CD0007A0E891779F1833079F08530B1F08230EE
:107CE000E9F48093721882E590E00E94805982E561
:107CF00090E00E94C35CCECD8093721883E590E043
:107D00000E94805983E590E0F4CF8093721885E556
:107D100090E00E94805985E590E0EBCF84E080936D
:107D2000721880937A0E84E590E00E94805984E571
:107D300090E0DFCFDF91CF911F910F91EF900895E9
:107D40008F929F92AF92BF92DF92EF92FF920F932A
:107D50001F93CF93DF9300D01F921F92CDB7DEB752
:107D6000DC011296DC901297D0FADD24D0F812963E
:107D70008C9112978E7F12968C93129712968C91FB
:107D800012978D7F12968C931297FB0110829F960B
:107D9000ED90FC90D097E114F104B9F1DD20A9F148
:107DA0009996ED91FC919A97309779F15B018D014D
:107DB000BA83A9831D828091A2039091A3039C831F
:107DC0008B83CE0101969093A3038093A203D701E6
:107DD00014968D909C90159715961C930E9314975E
:107DE00019958B819C819093A3038093A2038D812D
:107DF0008823E9F00815190511F4912C812CF7015D
:107E00009582848281E0D5018C938D2D0F900F9007
:107E10000F900F900F90DF91CF911F910F91FF90D6
:107E2000EF90DF90BF90AF909F908F900895F701F3
:107E300095828482EACF0F931F93CF93DF931F9293
:107E4000CDB7DEB78C0181E393E0D8018D939C938D
:107E5000E091A203F091A30381E0309751F02081DB
:107E600031812017310709F484830280F381E02DEA
:107E7000F4CFF801828180FF06C0BE016F5F7F4FA3
:107E8000C8010E94A03ED8019F96ED91FC913097C9
:107E900059F1228582E082878789908DA18DB28DEC
:107EA0000197A109B109878B908FA18FB28FD8015B
:107EB0009D964D915C91868197810817190711F461
:107EC00057834683D801D0961C921E929F979B960B
:107ED0008D919C910097B1F44115510559F411828F
:107EE00010821382128222870F90DF91CF911F910F
:107EF0000F910895DA019C961C921E929B975183D4
:107F00004083F1CFDC014115510539F49E961C9256
:107F10001E929D9793838283E6CF9E965C934E93A9
:107F20009D97D8019D964D915C91DA019C969C930A
:107F30008E939B97D8CFCF93DF93EC010E941B3F8A
:107F4000CE01DF91CF910C94F8CC0E94DE84CB015E
:107F50000895BF92CF92DF92EF92FF920F931F93FB
:107F6000CF93DF9300D000D0CDB7DEB79C01215C6A
:107F700031403093F5032093F4032115310509F4C2
:107F800033C137FF12C01092F5031092F40381E061
:107F90008093CA046FEE77E0CE0101960E940A4CEE
:107FA000CE0101960E94024C1FC1409142025091A5
:107FB0004302BA01615C7140261737070CF024C1F7
:107FC0004817590708F420C184EF91E09093F70314
:107FD0008093F6030E94B3876B017C010E946AC6FE
:107FE00020E031E040E050E00E9441C89B01AC013C
:107FF0002C0D3D1D4E1D5F1D65E979EE81ED9BE564
:108000000E94A4C8292F332744275527262737271E
:108010004827592765E979EE81ED9BE50E94A4C8C0
:108020009B01AC01E7EC2E27E1E03E27E1E14E2782
:10803000E3E55E2769EB70E98AE698E20E94A4C84E
:10804000DC01CB0127E5822723E792272AE2A2273A
:108050002AEAB2279C01AD016DE056954795379508
:1080600027956A95D1F7282739274A275B2765E99D
:1080700079EE81ED9BE50E94A4C88B019C01EFE0A5
:108080003695279517950795EA95D1F7AB01BC0171
:1080900040275127622773270091F4031091F503BD
:1080A0006801012E000CEE08FF0884E090E0A0E0DB
:1080B000B0E08C159D05AE05BF0540F432E0880F99
:1080C000991FAA1FBB1F3A95D1F7F3CF0197A109BA
:1080D000B109C12CD12C76010097A105B10551F051
:1080E000B695A79597958795EFEFCE1ADE0AEE0A1B
:1080F000FE0AF2CFF694E794D794C794C092AA05EB
:10810000D092AB05E092AC05F092AD0581E090E035
:1081100002C0880F991FCA94E2F70197092E000C3C
:10812000AA0BBB0B8093AE059093AF05A093B0054F
:10813000B093B1054093B2055093B3056093B40575
:108140007093B5051092B7031092B6031092B50361
:108150001092B403F12CE12CBB24B394680121E00C
:10816000C21AD108E016F1068CF56091B403709143
:10817000B50390E080E00E94087F601771075CF013
:108180006091B4037091B5036F5F7F4F7093B50337
:108190006093B403EECFBB2041F08091B403909183
:1081A000B5039093B7038093B603EC14FD0449F034
:1081B0008091B4039091B50301969093B503809399
:1081C000B4038FEFE81AF80AB12CCCCF6091F60314
:1081D0007091F703615C714090E080E00E94557EF1
:1081E0007093B3036093B20326960FB6F894DEBF84
:1081F0000FBECDBFDF91CF911F910F91FF90EF90F8
:10820000DF90CF90BF9008951092F5031092F40381
:1082100081E08093CB046AE977E0BECEFB01019058
:108220000020E9F73197AF01461B570B0C94E14B47
:10823000AF92BF92CF92DF92EF92FF920F931F9374
:10824000CF93DF936C017B018B01040F151FEB01B2
:108250005E01AE18BF08C017D10759F06991D60169
:10826000ED91FC910190F081E02DC6011995892BCB
:1082700079F7C501DF91CF911F910F91FF90EF909A
:10828000DF90CF90BF90AF900895FC01A089B18995
:108290008C91A689B78982FD0FC09C91818D8F5FDB
:1082A0008F73228D821749F0A18DAE0FBF2FB11DA4
:1082B0005D969C93818F08958C910895FC01538D58
:1082C000448D252F30E0842F90E0821B930B5417B0
:1082D00010F0CF96089501970895FC01918D828D3D
:1082E000981761F0A28DAE0FBF2FB11D5D968C91D6
:1082F000928D9F5F9F73928F90E008958FEF9FEF15
:108300000895FC01918D828D981731F0828DE80FD0
:10831000F11D858D90E008958FEF9FEF0895FC018A
:10832000918D228D892F90E0805C9F4F821B910957
:108330008F739927089586EB95E00E948F4121E085
:10834000892B09F420E0822F089583E596E00E94AE
:108350008F4121E0892B09F420E0822F089580EFDE
:1083600096E00E948F4121E0892B09F420E0822FC2
:1083700008958DE897E00E948F4121E0892B09F450
:1083800020E0822F0895FC01A48DA80FB92FB11D04
:10839000A35ABF4F2C91848D90E001968F7399273B
:1083A000848FA689B7892C93A089B1898C91837019
:1083B00080648C93938D848D981306C00288F38912
:1083C000E02D80818F7D80830895EF92FF920F933F
:1083D0001F93CF93DF93EC0181E0888F9B8D8C8D71
:1083E00098131AC0E889F989808185FF15C09FB765
:1083F000F894EE89FF896083E889F9898081837028
:10840000806480839FBF81E090E0DF91CF911F91D6
:108410000F91FF90EF900895F62E0B8D10E00F5FF7
:108420001F4F0F731127E02E8C8D8E110CC00FB6CD
:1084300007FCFACFE889F989808185FFF5CFCE0165
:108440000E94C341F1CFEB8DEC0FFD2FF11DE35ADC
:10845000FF4FF0829FB7F8940B8FEA89FB898081E8
:108460008062CFCFCF93DF93EC01888D8823B9F062
:10847000AA89BB89E889F9898C9185FD03C080812F
:1084800086FD0DC00FB607FCF7CF8C9185FFF2CFAC
:10849000808185FFEDCFCE010E94C341E9CFDF91FE
:1084A000CF91089580E090E0892B29F00E94B94196
:1084B00081110E94000080E090E0892B29F00E9449
:1084C000AF4181110E94000080E090E0892B29F0EB
:1084D0000E94A54181110E94000080E090E0892B5C
:1084E00029F00E949B4181110C9400000895FA012B
:1084F00080818150982F9F3FC9F0292F30E0FB01E8
:10850000E20FF31F40814E3711F09150F4CF8F3FAF
:1085100069F0482F50E0FB01E40FF51F90819E3772
:1085200019F4281B2083282F8150F1CF0895BF9282
:10853000CF92DF92EF92FF920F931F93CF93DF932F
:108540001F92CDB7DEB78C016B01B42EDB018D918C
:108550009C91F801E15FFD4F7F018F3F910508F489
:1085600075C08FEF80836801F80180E091919E379C
:1085700009F067C0D7018C9346EA52E0B801C80100
:108580000E947742409186085091870898012250B6
:108590003F4F80E0D601ED916D01E827E40FF52F04
:1085A000F11D80812A173B07A9F7F801E350FE4F20
:1085B000B082F7019081F801E250FE4F90839EEF68
:1085C00031969083319680838EEFF82E6801B5EE58
:1085D000CB1ABDEFDB0AF60180819181B8016450AE
:1085E0007E4FDC01ED91FC910280F381E02D44E0AF
:1085F00050E01995F601808191814F2D50E0DC010A
:10860000ED91FC910280F381E02DB8011995F601FE
:1086100080819181B8017E5FDC01ED91FC91028047
:10862000F381E02D42E050E019958F2D0F90DF91FE
:10863000CF911F910F91FF90EF90DF90CF90BF905F
:1086400008958F5F8E3F09F091CF96CF982F8FEFCF
:108650008083F80180E0891728F421912E3719F5DD
:10866000F7018083D6018C918983AE014F5F5F4F04
:10867000B801C8010E947742F60120813181409102
:10868000860850918708D80180E03327BD01601B20
:10869000710B6217730748F4ED91E827E40FF52F8B
:1086A000F11D8081F3CF8F5FD6CFF801E350FE4FED
:1086B000B082D7019C9131969083F6019081F801A8
:1086C000E150FE4F908331968083D601FC907ECF9F
:1086D00020911005260F3327331F21323105ECF48A
:1086E00020917D05FC0190E080E0243069F082E07B
:1086F0000895A09110052191AC0142515B4FA40F48
:10870000B52FB11D2C930196861798F38091100513
:10871000680F6093100580E0089581E00895089542
:1087200008950895E091360580913505E81730F4F5
:10873000F0E0E95CFA4F808190E008958FEF9FEFC1
:10874000089590913605809135052FEF3FEF9817EA
:1087500048F4E92FF0E0E95CFA4F208130E09F5FB8
:1087600090933605C901089580913505909136059D
:10877000891B990B0895CF92DF92EF92FF920F938E
:108780001F93CF93DF937C01CB018A012091A50534
:10879000222389F0EB016B01C40ED51ECC15DD053B
:1087A00069F06991D701ED91FC910190F081E02D84
:1087B000C7011995F3CF642F0E946843C801DF9168
:1087C000CF911F910F91FF90EF90DF90CF90089580
:1087D000CF93DF931F92CDB7DEB769832091A505B4
:1087E0002223F9F02091A305203258F021E030E057
:1087F000FC013383228390E080E00F90DF91CF91E2
:1088000008958091A405E82FF0E0ED57FA4F998183
:1088100090838F5F8093A4058093A30581E090E00F
:10882000ECCF61E0CE0101960E946843F7CF90E063
:1088300080E008950F931F93CF93DF93EC0188811D
:108840009981009759F02A813B812617370730F02C
:1088500081E0DF91CF911F910F9108958B016F5FA0
:108860007F4F0E9481CD009759F0998388831B83A5
:108870000A832C813D81232B59F7FC011082E8CF1C
:1088800080E0E7CFCF93DF93EC0188819981009757
:1088900011F00E94F8CC198218821D821C821B8262
:1088A0001A82DF91CF910895FB0101900020E9F732
:1088B0003197AF01461B570BDC01ED91FC91028013
:1088C000F381E02D19948F929F92AF92BF92EF9215
:1088D000FF920F931F93CF93DF93CDB7DEB7A1978E
:1088E0000FB6F894DEBF0FBECDBF7C01FA01CB01FD
:1088F00019A2223008F42AE08E010F5D1F4F822E4C
:10890000912CB12CA12CBF01A50194010E9473C828
:10891000F901CA016A300CF5605DD8016E938D01D2
:10892000232B242B252B79F790E080E0109721F062
:10893000BD01C7010E945444A1960FB6F894DEBF52
:108940000FBECDBFDF91CF911F910F91FF90EF90A0
:10895000BF90AF909F908F900895695CDECF0F938A
:108960001F93CF93DF93EC010E9454448C0165E385
:1089700073E0CE010E945444800F911FDF91CF918C
:108980001F910F9108958F929F92AF92BF92CF92B5
:10899000DF92EF92FF92CF93C42F9B01AC010E9414
:1089A00018C96B017C016C2F70E090E080E00E94A0
:1089B0000CC74B015C0120E030E040E85FE3C701F9
:1089C000B6010E9407C787FF16C0A5019401C70121
:1089D000B6010E946ECA20E030E040E05FE30E94F2
:1089E0006DC7CF91FF90EF90DF90CF90BF90AF9089
:1089F0009F908F900895A701960160E070E080E05D
:108A000090E40E9417C9A50194010E946ECA9F7745
:108A100020E030E040E05FE30E946DC79B01AC01C5
:108A200060E070E080E89FE30E9417C9DACF8F9280
:108A30009F92AF92BF92CF92DF92EF92FF92CF932D
:108A4000DF936B017C01EA0120E030E0A9010E9484
:108A500007C7882309F469C120E030E040E85FE3FC
:108A6000C701B6010E9407C7882309F45EC1FE0151
:108A70003297EE31F10508F058C18827ED5BFA4BCB
:108A80008F4F0C94E8C8614566457D458C459E45F1
:108A9000AD45AF45B445C145C345C845D545D745A6
:108AA000E245F6450D46224631467946A246C24683
:108AB000004736476347D347EE470D485F486C4849
:108AC000E048A7019601C701B601A4C0A70196011D
:108AD00060E070E080E89FE30E9417C99B01AC0151
:108AE0000E946DC79B01AC0160E070E080E89FE3ED
:108AF0000E9417C96B017C0118C142E0C701B60191
:108B0000DF91CF91FF90EF90DF90CF90BF90AF902B
:108B10009F908F900C94C34420E030E040E450E4F8
:108B2000C701B601DF91CF91FF90EF90DF90CF901A
:108B3000BF90AF909F908F900C946ECAA701960142
:108B400060E070E080E89FE30E9417C920E030E019
:108B500040E450E40E946ECAC5CF43E0CFCF20E08E
:108B600030E040E850E4DCCFA701960160E070E01F
:108B700080E89FE30E9417C920E030E040E850E41D
:108B8000E9CF44E0BBCF20E030E040EA50E4C8CF7A
:108B9000A701960160E070E080E89FE30E9417C99A
:108BA00020E030E040EA50E4D5CF45E0A7CF2BED00
:108BB0003FE049EC5FE3C701B6010E946DC70E9428
:108BC00084C990CF2BED3FE049EC5FE3C701B601CC
:108BD0000E946DC7DF91CF91FF90EF90DF90CF9013
:108BE000BF90AF909F908F900C94BECA2BED3FE04A
:108BF00049E450E4C701B6010E946DC70E9484C9D0
:108C000020E030E040E85FE30E9417C920E030E058
:108C100040E05FEB0E946DC76DCF20E030E040E8A0
:108C20005FE3C701B6010E9417C920E030E040E2CF
:108C300051E40E946DC79B01AC0160E070E080E0F0
:108C400090E470CF20E030E040E251ECC701B60183
:108C50000E946DC79B01AC0160E070E080E090E491
:108C600079CFA7019601C701B6010E9418C94B012F
:108C70005C0120E030E040E85FE30E9417C96B012F
:108C80007C0120E030E040E85FE3C501B4010E94D0
:108C900007C787FF15C020E030E040E251E4C7017C
:108CA000B6010E946DC79B01AC0160E070E080E0FE
:108CB00090E40E946ECA20E030E040E05FE3AACF7B
:108CC00020E030E040E251ECC701B6010E946DC7E0
:108CD0009B01AC0160E070E080E090E40E946ECA0D
:108CE0009B01AC0160E070E080E090E40E9417C955
:108CF000E2CFA7019601C701B6010E946DC79B0193
:108D0000AC0160E070E080E89FE30E9417C90E9418
:108D1000CCCA20E030E040E85FE30E9417C96B0155
:108D20007C01F7FAF094F7F8F094C701B601DF91EF
:108D3000CF91FF90EF90DF90CF90BF90AF909F903A
:108D40008F90089520E030E040E85FE3C701B6016E
:108D50000E9417C99B01AC010E946DC79B01AC0129
:108D600060E070E080E89FE30E9417C9DF91CF9137
:108D7000FF90EF90DF90CF90BF90AF909F908F903B
:108D80000C94CCCAA7019601C701B6010E9418C96C
:108D90006B017C0120E030E040E85FE30E9407C700
:108DA00087FF11C0A7019601C701B6010E946DC7D8
:108DB0009B01AC0160E070E080E89FE30E9417C96E
:108DC0000E94CCCA1DCF20E030E040E050E4C70153
:108DD000B6010E9417C99B01AC010E946DC79B019F
:108DE000AC0160E070E080E89FE30E9417C90E9438
:108DF000CCCA20E030E040E85FE30E9418C95BCFB6
:108E000020E030E040E85FE3C701B6010E9417C9E7
:108E10004B015C0120E030E040E251E40E946DC76C
:108E20009B01AC0160E070E080E090E40E946ECABB
:108E30006B017C0127E636E646EE5DE3C501B40131
:108E40000E9417C92BED3FE049EC50E40E946DC72A
:108E500027E636E646EE5EE30E9489C90E94BECA56
:108E60009B01AC01C701B6019058D4CE20E030E0A0
:108E700040E251ECC701B6010E946DC79B01AC01F5
:108E800060E070E080E090E40E946ECA4B015C01FB
:108E90002AE939E949E95DE3C701B6010E9417C92A
:108EA0002BED3FE049EC50E40E946DC72AE939E917
:108EB00049E95EE30E9489C90E94BECA9B01AC01D8
:108EC000C501B40167C0A7019601C701B6010E94A0
:108ED00018C920E030E040E85FE30E9417C96B0149
:108EE0007C0127E636E646EE5DE30E9417C92BEDCE
:108EF0003FE049EC50E40E946DC727E636E646EEB7
:108F00005EE30E9489C90E94BECA4B015C0120E059
:108F100030E040E85FE3C701B6010E9418C920E0D5
:108F200030E040E85FE30E9407C787FF19C020E0F8
:108F300030E040E251E4C701B6010E946DC79B01D9
:108F4000AC0160E070E080E090E40E946ECA20E036
:108F500030E040E05FEB0E946DC7A50194015ACE5E
:108F600020E030E040E251ECC701B6010E946DC73D
:108F70009B01AC0160E070E080E090E40E946ECA6A
:108F80009B01AC01C501B4010E946DC720E030E037
:108F900040E05FE30E946DC720E030E040E85FE31F
:108FA0000E9418C9A7CD20EB36EE4CE250E4C70171
:108FB000B6010E946DC720E63DEC49ED5FE30E94DB
:108FC00017C94B015C01A7019601C701B6010E94B8
:108FD0006DC79B01AC01C501B4011CCE20E030E09F
:108FE00040E85FE3C701B6010E9417C96B017C012D
:108FF00020EB36EE4CE250E40E946DC720E63DECDB
:1090000049ED5FE30E9418C94B015C01A70196017D
:10901000C701B6010E946DC751CFA7019601C701D4
:10902000B6010E9418C96B017C0120E030E040E8E5
:109030005FE30E9407C787FF1DC020E030E040E0EB
:109040005FE3C701B6010E946DC7A70196010E94A8
:109050006DC74B015C012FEF32E146E650E4C701DA
:10906000B6010E946DC72FEF32E146E250E40E9444
:1090700017C9AFCF20E030E040E050E4C701B601AF
:109080000E9417C96B017C0120E030E040E05FE303
:109090000E946DC7A70196010E946DC74B015C013C
:1090A0002FEF32E146E650E4C701B6010E946DC7DA
:1090B0002FEF32E146E250E40E9418C9FFCEA7012B
:1090C000960160E070E080E89FE30E9417C94EE1DE
:1090D00050E00E94174506CD2CE83EE24AEB5EE3E5
:1090E000C701B6010E9407C787FF0BC020E030E030
:1090F00042EF50E4C701B6010E946DC79B01AC016D
:10910000E2CC2CE83EE24AE35FE3C701B6010E94ED
:1091100007C787FF19C029EE32EA4BE05FE3C701BA
:10912000B6010E9417C96B017C0120E030E042EFDC
:1091300050E40E946DC7A70196010E946DC720E010
:1091400030E040E45FE32CCF2FE23AEB48E65FE308
:10915000C701B6010E9407C787FF19C02DE534E794
:1091600041E55FE3C701B6010E9417C96B017C01AD
:1091700020E030E042EF50E40E946DC7A701960165
:109180000E946DC720E030E040E75FE309CF27E1B0
:109190003DE544E75FE3C701B6010E9417C96B01D3
:1091A0007C0120E030E042EF50E40E946DC7A7014F
:1091B00096010E946DC720E030E04CE75FE3F0CEFF
:1091C000A7019601C701B6010E9418C94B015C01B5
:1091D00020E030E040E05FE3C701B6010E9407C72E
:1091E00087FF07C04DE150E0C501B4010E9417455B
:1091F00062CD20E030E040E85FE3C501B4010E94A9
:1092000017C94EE150E00E94174520E030E040E0F1
:109210005FE30E946DC720E030E040E05FE3C0CE36
:109220002EEFDC01E22F1D92EA95E9F7FC01E250F6
:10923000FF4FDF011D922A95E9F7EC5FFE4F108288
:109240008F5E9D4FFC01108211821282138208955D
:109250008F929F92AF92BF92CF92DF92EF92FF9246
:109260000F931F93CF93DF93EC017B018A016C0175
:109270008FEEC81A8DEFD80AF60180819181A28104
:10928000B381892B8A2B8B2B61F4D8018C918111AE
:109290003DC0FE01EE5FFD4F1082CD5FDD4F81E0EE
:1092A00063C00E94B387F60180809180A280B38062
:1092B000681979098A099B09FE01EB5EFD4F8080E0
:1092C0009180A280B380681579058A059B05E8F234
:1092D0003A978081882339F068E373E03297808180
:1092E00091810E94AF44FE01EE5FFD4F10823296E5
:1092F00011821082CD5FDD4F8DEF8883D6011D92E4
:109300001D921D921C92139780E0CDC08E010C5FC0
:109310001D4FD801ED91FC911197E730F10508F050
:1093200060C18827E956F64B8F4F0C94E8C89E49D8
:10933000B649C249CB49F949164A604AF7018081CA
:109340008E3759F481E090E08D939C930E94B3870F
:10935000F6016083718382839383FE01EE5FFD4F8C
:109360001082CD5FDD4F83E08883CECFD7018C9113
:10937000FE01E25FFD4F808382E090E0F80191837F
:109380008083EBCFD7018C91FE01E05FFD4F80839E
:1093900083E090E0F3CFD7018C919FEF980F9E3F31
:1093A00048F4FE01E45FFD4F80833196108284E033
:1093B00090E0E4CF7E01F2E0EF0EFF1ED7011C9299
:1093C000F801118210828FEFFE01ED5FFD4F808367
:1093D00038968081882339F06CE473E0329780817D
:1093E00091810E94AF44CE010E941049D7018C9117
:1093F0005AC0DE01A35FBD4F8C91FE01E45FFD4FBB
:109400009081891708F0A9CFF7012081FE01E80FAC
:10941000F11DE250FF4F20838F5F8C9398139DCFF7
:1094200085E090E0D8018D939C9397CFFE01E45F97
:10943000FD4F20816091860870918708AE014250EF
:109440005F4FDA0180E030E0FD01E41BF50BE2172D
:10945000F30738F4ED91E827E60FF72FF11D80812F
:10946000F3CFF7019081981303C086E090E0DACF44
:109470007E01B2E0EB0EFB1EF7011082D8011D92B7
:109480001C923196108238968081882339F061E6EB
:1094900073E03297808191810E94AF44CE010E9497
:1094A0001049F7018081DF91CF911F910F91FF90BB
:1094B000EF90DF90CF90BF90AF909F908F900895E6
:1094C0001D921C92F7018081813809F073C0FE0162
:1094D000E05FFD4F80818F3F79F0AE0142505F4FDA
:1094E0002EE7FA01E80FF11D9081992319F02083EE
:1094F000890FF7CF8EE780838E01045F1D4FD8015F
:109500008C91FE01EE5FFD4F808382E03196808377
:1095100033962081318121153105A1F07E01B2EF12
:10952000EB1ABDEFFB0AF70180813697908189170E
:1095300080F490E0880F991F820F931FDC01ED915A
:10954000FC911995F6011082118212821382D801C2
:109550004ECFFE01E55FFD4F8081882399F35E01C8
:10956000B7EFAB1ABDEFBB0AF50180809180CBEF5E
:10957000DEE0FE016491662359F0D401ED91FC9187
:109580000190F081E02DC40119952196892B89F76E
:10959000F501C081D181D7014C9150E070E060E0CD
:1095A0002AE0CE010E94634465E373E0CE010E948D
:1095B0005444C8CF8E010E5F1D4FF80110828EEF0C
:1095C0003196808338968081882339F062E773E092
:1095D0003297808191810E94AF44CE010E94104950
:1095E000B6CFFE01E55FFD4F80818823A1F169E8D8
:1095F00073E07E01B7EFEB1ABDEFFB0AF701808144
:1096000091810E945444D701AD90BC90F801C08074
:10961000D1800D2C000CEE08FF082AE0B701A6014E
:10962000F7FE11C0D501ED91FC910190F081E02D84
:109630006DE2C501199544275527BA014C195D09FA
:109640006E097F092AE0C5010E94634465E373E067
:10965000C5010E945444CE010E941049F8011182B4
:1096600010827BCE0F931F93CF93DF93EC018C017D
:10967000055E1D4FD8018D919C91DC01ED91FC910F
:109680000084F185E02D1995892B59F0F80180812E
:109690009181DC01ED91FC910284F385E02D199517
:1096A000E9CFCE010E941049FE01E65EFD4FCD5F7D
:1096B000DD4F88818083DF91CF911F910F910895B5
:1096C00010927D0581E080937C051092570561E042
:1096D00084E10E94A28361E085E10E94A283E9EB1C
:1096E000F0E080818E7F808380818D7F808388E41D
:1096F0008093B80085E48093BC000895CF92DF92F8
:10970000EF920F931F93CF93DF9368EE73E00E9465
:10971000C0C8EB016B0184EBC80ED11CCB018D548A
:109720009F4F0E94C414C6010E94C414CE018B54E2
:109730009F4F0E94C414EE24E39410E000E020E068
:109740004091890D60E0C6010E941B15DF91CF9109
:109750001F910F91EF90DF90CF900895EF92FF92BD
:109760000F931F93CF93DF93EC01FB01E080F18017
:10977000E114F10411F10481158101151105A9F01D
:109780008C819D81080F191FB801CE010E941A44D7
:10979000882399F0288139818C819D81B701820FBE
:1097A000931F0E9472CE1D830C83CE01DF91CF9157
:1097B0001F910F91FF90EF900895CE010E944244B7
:1097C000F4CFEF92FF920F931F93CF93DF93EC01AF
:1097D0007B018A01BA010E941A4481110BC0CE019B
:1097E0000E944244CE01DF91CF911F910F91FF90D3
:1097F000EF9008951D830C83B701888199810E94A1
:1098000072CEF0CFFC0180819181009711F00C9411
:10981000F8CC0895EF92FF920F931F93CF93DF93AD
:10982000EC018B01198218821B821A821D821C8214
:10983000CB010E94C9C67C01BC01CE010E941A4422
:10984000811109C0CE01DF91CF911F910F91FF903F
:10985000EF900C944244FD82EC82B801888199819A
:10986000DF91CF911F910F91FF90EF900C94C2C6A2
:10987000FB01DC0111961C921E9213961C921E9203
:10988000129715961C921E9214978617970749F007
:10989000608171816115710521F0448155810C94BD
:1098A000E14B08951F920F920FB60F9211240BB641
:1098B0000F922F933F934F935F936F937F938F9369
:1098C0009F93AF93BF93EF93FF9386EB95E00E9436
:1098D000C341FF91EF91BF91AF919F918F917F9184
:1098E0006F915F914F913F912F910F900BBE0F9011
:1098F0000FBE0F901F9018951F920F920FB60F92E8
:1099000011240BB60F922F933F934F935F936F9356
:109910007F938F939F93AF93BF93EF93FF9386EBC8
:1099200095E00E944541FF91EF91BF91AF919F91CA
:109930008F917F916F915F914F913F912F910F90F8
:109940000BBE0F900FBE0F901F9018951F920F9295
:109950000FB60F9211240BB60F922F933F934F9394
:109960005F936F937F938F939F93AF93BF93EF9387
:10997000FF9383E596E00E94C341FF91EF91BF9171
:10998000AF919F918F917F916F915F914F913F9197
:109990002F910F900BBE0F900FBE0F901F90189538
:1099A0001F920F920FB60F9211240BB60F922F93A6
:1099B0003F934F935F936F937F938F939F93AF9357
:1099C000BF93EF93FF9383E596E00E944541FF919B
:1099D000EF91BF91AF919F918F917F916F915F9127
:1099E0004F913F912F910F900BBE0F900FBE0F9094
:1099F0001F9018951F920F920FB60F9211240BB65D
:109A00000F922F933F934F935F936F937F938F9317
:109A10009F93AF93BF93EF93FF9380EF96E00E94E5
:109A2000C341FF91EF91BF91AF919F918F917F9132
:109A30006F915F914F913F912F910F900BBE0F90BF
:109A40000FBE0F901F9018951F920F920FB60F9296
:109A500011240BB60F922F933F934F935F936F9305
:109A60007F938F939F93AF93BF93EF93FF9380EF79
:109A700096E00E944541FF91EF91BF91AF919F9178
:109A80008F917F916F915F914F913F912F910F90A7
:109A90000BBE0F900FBE0F901F9018951F920F9244
:109AA0000FB60F9211240BB60F922F933F934F9343
:109AB0005F936F937F938F939F93AF93BF93EF9336
:109AC000FF938DE897E00E94C341FF91EF91BF9112
:109AD000AF919F918F917F916F915F914F913F9146
:109AE0002F910F900BBE0F900FBE0F901F901895E7
:109AF0001F920F920FB60F9211240BB60F922F9355
:109B00003F934F935F936F937F938F939F93AF9305
:109B1000BF93EF93FF938DE897E00E944541FF913B
:109B2000EF91BF91AF919F918F917F916F915F91D5
:109B30004F913F912F910F900BBE0F900FBE0F9042
:109B40001F901895CF92DF92EF92FF920F931F9381
:109B5000CF93DF93FC0141812281622F822F442326
:109B600009F45EC03081832F6BE20E94B4C8182FC5
:109B700055ED5103B0011124630F711D362F330FC2
:109B8000360F330FC22FD0E0042F10E0EFEFF0E0DC
:109B9000BF01601B710B6C9FD0016D9FB00D7C9F4E
:109BA000B00D11249B2F439FA0011124452F550F69
:109BB000550BBF01641B750B6C9FA0016D9F500D71
:109BC0007C9F500D1124652F6F01C31AD108C09ED0
:109BD0007001C19EF00CD09EF00C1124EF2CFF0CF4
:109BE000FF08EE19FF09EC9F8001ED9F100DFC9F0F
:109BF000100D11248230F1F040F4882371F081308F
:109C000071F0622F2B2F952F0AC08330B1F0843072
:109C1000C1F7922F2B2F612F02C0622F212F892F86
:109C2000722FDF91CF911F910F91FF90EF90DF90F6
:109C3000CF9008956B2F912FF2CF6B2F922F252F5E
:109C4000EECFFC016330B9F040F4613069F062306E
:109C500071F06081718182810895643081F0653096
:109C6000C1F76281718105C061817081F4CF61812A
:109C700072818081089560817281818108956281FD
:109C80007081FBCF0F931F93CF93DF93DC01EB0128
:109C90004D915D916D917C911397E881E427EF7070
:109CA00084E0E89FF0011124E95DF04F05911591E2
:109CB0002591349184E076956795579547958A95D7
:109CC000D1F740275127622773274D935D936D93FA
:109CD0007C931397E881E295EF70E427EF7084E0BE
:109CE000E89FF0011124E95DF04F05911591259150
:109CF000349194E076956795579547959A95D1F765
:109D000040275127622773274D935D936D937C9372
:109D10001397DF91CF911F910F9108950F931F9388
:109D2000FC01828D938D009781F481E00081118187
:109D3000228133814481558166817781041715071B
:109D40002607370769F080E00BC00197E1F781E053
:109D50004081518162817381452B462B472B99F7B6
:109D60001F910F910895CF92DF92EF92FF920F9380
:109D70001F93CF93DF93EC0169017A018E859F8554
:109D8000998B888B7B8B6A8B198F088FCC82DD82B5
:109D9000EE82FF820E94B387688779878A879B87D4
:109DA000CD28CE28CF2821F48A899B899F878E874A
:109DB000188219821A821B821B8E1A8E1F8A1E8A93
:109DC0001D8A8E859F85DF91CF911F910F91FF9006
:109DD000EF90DF90CF9008950F931F9310E000E075
:109DE00020E030E0A9010E94B34E1F910F91089529
:109DF0002F923F924F925F926F927F928F929F929B
:109E0000AF92BF92CF92DF92EF92FF920F931F9388
:109E1000CF93DF93CDB7DEB762970FB6F894DEBF6E
:109E20000FBECDBF9A8B898BDC0154968C915497D1
:109E30008111C9C01C964D905C90712C612C60E022
:109E400070E0CB0121E0A989BA8958962D903C9009
:109E500059972114310409F498C0222309F495C0BC
:109E6000FD016087718782879387CD010E948E4EA6
:109E7000882371F0A989BA8956968D919C91823078
:109E8000910509F4C1C008F0B9C0019709F4CDC02B
:109E9000E989FA898589811178C004811581268133
:109EA00037810D871E872F87388B828D938D009782
:109EB00009F4D4C0019709F42AC1E989FA89E28832
:109EC000F3880D851E852F853889012B022B032BE6
:109ED00009F488C1C088D188CE14DF0409F482C196
:109EE00060817181828193810E940CC74B015C016A
:109EF0006D857E858F8598890E940CC79B01AC017A
:109F0000C501B4010E9489C9A1010E9417454B01F6
:109F10005C012601712C612CEC14FD0408F43EC197
:109F2000EC18FD08B70190E080E00E940CC7A50185
:109F300094010E946DC76B017C01C301B2010E94B4
:109F40000CC79B01AC01C701B6010E9418C96B0187
:109F50007C0120E030E0A9010E9407C787FD36C1DF
:109F600020E03FEF4FE757E4C701B6010E9469CAFE
:109F700018160CF42FC1C701B6010E94FBC9A989AC
:109F8000BA891F967C936E931E97A989BA891E96EB
:109F90008D919C9162960FB6F894DEBF0FBECDBF37
:109FA000DF91CF911F910F91FF90EF90DF90CF90B5
:109FB000BF90AF909F908F907F906F905F904F90E9
:109FC0003F902F9008950E94B387E989FA89C08451
:109FD000D184E284F3842B013C014C185D086E08A7
:109FE0007F08C484D584F12CE12C21E04C145D045D
:109FF0006E047F0408F027CF20E025CF8430910540
:10A00000D9F0059709F044CFA989BA895A968D915C
:10A010009C910097E1F0019709F03ACFA989BA899C
:10A020005B961C921E925A9733CFE989FA89108267
:10A030001182128213822CCFE989FA898481958159
:10A04000A681B78180839183A283B38321CF81E0EE
:10A0500090E0E989FA89938F828F1ACFA989BA890A
:10A060000D911D912D913C91139709871A872B878C
:10A070003C87A9019A014B833C83530198014B8192
:10A080005C8160E070E080E090E06B82BC82520115
:10A09000CB80DC80E12CF12C00E010E00E94F0C8C5
:10A0A000F9010D851E852F85388948015901C12C7C
:10A0B000D12C76019F0189829A82AB82BC82CD82AB
:10A0C000DE82EF82F8865401CB80DC80E12CF12C1B
:10A0D00000E010E00E9402C974F429853A854B859E
:10A0E0005C85420E531E641E751E4D925D926D92EC
:10A0F0007C921397E2CE0D851E852F853889A9891C
:10A10000BA890D931D932D933C931397D6CEA989AD
:10A11000BA890D911D912D913C9109871A872B8742
:10A120003C87A9019A014B833C8353014201C12C16
:10A13000D12C760198014B815C8160E070E080E079
:10A1400090E049829A826B82BC82CD82DE82EF826D
:10A15000F8865201CB80DC80E12CF12C00E010E08D
:10A160000E94F9C8A0E00E940BC981F07CF08985AB
:10A170009A85AB85BC8584199509A609B709E98933
:10A18000FA8980839183A283B38397CEA989BA8900
:10A190001D921D921D921C9213978FCEC301B60182
:10A1A0000E940CC72B013C01CE18DF08B60190E0DD
:10A1B00080E00E940CC7A50194010E946DC79B011D
:10A1C000AC01C301B2010E9417C9C1CEC12CD12C70
:10A1D0007601D1CEC12CDD24DA948FE7E82E87E416
:10A1E000F82EC9CEE989FA89F786E686CECE0F9396
:10A1F0001F93FC018789908D009781F481E0008195
:10A2000011812281338144815581668177810417D0
:10A2100015072607370769F080E00BC00197E1F7C3
:10A2200081E04081518162817381452B462B472B10
:10A2300099F71F910F910895CF93DF93EC010E943E
:10A24000F750811106C08A8991E08927DF91CF916B
:10A25000089580E0FBCFCF92DF92EF92FF920F93B1
:10A260001F93CF93DF93EC0169017A018E858F876D
:10A27000688B1E8B0D8BCC82DD82EE82FF820E946A
:10A28000B387688779878A879B87CD28CE28CF2890
:10A2900011F488898E87188219821A821B82188E7F
:10A2A0001F8A1C8A1B8A1A8A8E85DF91CF911F9183
:10A2B0000F91FF90EF90DF90CF9008950F931F9331
:10A2C00010E000E020E030E0A9010E942B511F9136
:10A2D0000F9108952F923F924F925F926F927F92CB
:10A2E0008F929F92AF92BF92CF92DF92EF92FF92A6
:10A2F0000F931F93CF93DF93CDB7DEB762970FB65F
:10A30000F894DEBF0FBECDBF9A8B898BDC015196CE
:10A310008C9151978111CAC01C964D905C90712C04
:10A32000612C60E070E0CB0121E0A989BA895596E3
:10A330002D903C9056972114310409F49AC02223A1
:10A3400009F497C0FD016087718782879387CD01EB
:10A350000E94F750882371F0A989BA8953968D918C
:10A360009C918230910509F4C2C008F0BAC00197EF
:10A3700009F4CEC0E989FA89828981117AC0048101
:10A380001581268137810D871E872F87388B878916
:10A39000908D009709F4D5C0019709F42BC1E98984
:10A3A000FA89D0880D851E852F853889012B022BCF
:10A3B000032B09F48BC1C784CD1409F487C16081D4
:10A3C0007181828193810E940CC74B015C016D8574
:10A3D0007E858F8598890E940CC79B01AC01C501C1
:10A3E000B4010E9489C9A1010E9417454B015C017B
:10A3F0000C2D10E0ED2CF12C2801012E000C66082C
:10A400007708DC1408F43DC1B701601B710B072EFF
:10A41000000C880B990B0E940EC7A50194010E94A5
:10A420006DC76B017C01C301B2010E940EC79B0185
:10A43000AC01C701B6010E9418C96B017C0120E084
:10A4400030E0A9010E9407C787FD35C120E030E058
:10A450004FE753E4C701B6010E9469CA18160CF40D
:10A460002EC1C701B6010E94FBC9A989BA891E96EF
:10A470006C93A989BA891E968C9162960FB6F8944E
:10A48000DEBF0FBECDBFDF91CF911F910F91FF9027
:10A49000EF90DF90CF90BF90AF909F908F907F9084
:10A4A0006F905F904F903F902F9008950E94B387D8
:10A4B000E989FA8900851185228533852B013C01C4
:10A4C000401A510A620A730AC484D584F12CE12C23
:10A4D00021E04C145D046E047F0408F026CF20E0D8
:10A4E00024CF84309105D9F0059709F043CFA9898D
:10A4F000BA8957968D919C910097E1F0019709F0E8
:10A5000039CFA989BA8958961C921E92579732CF93
:10A51000E989FA8910821182128213822BCFE9898C
:10A52000FA8984819581A681B78180839183A283F2
:10A53000B38320CF81E090E0E989FA89908F878BFF
:10A5400019CFA989BA890D911D912D913C9113972D
:10A5500009871A872B873C87A9019A014B833C8383
:10A56000530198014B815C8160E070E080E090E0F5
:10A570006B82BC825201CB80DC80E12CF12C00E0AC
:10A5800010E00E94F0C8F9010D851E852F853889DD
:10A5900048015901C12CD12C76019F0189829A82F0
:10A5A000AB82BC82CD82DE82EF82F8865401CB8002
:10A5B000DC80E12CF12C00E010E00E9402C974F470
:10A5C00029853A854B855C85420E531E641E751E97
:10A5D0004D925D926D927C921397E1CE0D851E8512
:10A5E0002F853889A989BA890D931D932D933C93A2
:10A5F0001397D5CEA989BA890D911D912D913C91C2
:10A6000009871A872B873C87A9019A014B833C83D2
:10A6100053014201C12CD12C760198014B815C8100
:10A6200060E070E080E090E049829A826B82BC82B8
:10A63000CD82DE82EF82F8865201CB80DC80E12C75
:10A64000F12C00E010E00E94F9C8A0E00E940BC9C4
:10A6500081F07CF089859A85AB85BC858419950944
:10A66000A609B709E989FA8980839183A283B38314
:10A6700096CEA989BA891D921D921D921C9213979C
:10A680008ECEC301B2010E940EC72B013C01B8015E
:10A690006E197F09072E000C880B990B0E940EC7BC
:10A6A000A50194010E946DC79B01AC01C301B201D9
:10A6B0000E9417C9C2CEC12CD12C7601D2CEC12C9A
:10A6C000D12C8FE7E82E83E4F82ECBCEE989FA89E6
:10A6D000D686CFCE8F929F92AF92BF92CF92DF92CB
:10A6E000EF92FF920F931F93CF93DF931F921F92CE
:10A6F000CDB7DEB78C0119828FEF8A83680125EE12
:10A70000C21A2DEFD20AD6018D919C91DC01ED91F8
:10A71000FC910084F185E02D1995F801E75EFD4F6D
:10A720007F01892B09F449C081E089834801FDEF4D
:10A730008F1A9F0A580126EEA21A2DEFB20AD601EF
:10A740008D919C91DC01ED91FC910084F185E02DCF
:10A750001995892B09F1F60180819181DC01ED9138
:10A76000FC910284F385E02D19958A83AE014F5F39
:10A770005F4FBE016E5F7F4FC8010E942849F701FD
:10A780008083D4018C91F50180838330C1F2181647
:10A790001CF0C8010E94324BF70180810F900F908E
:10A7A000DF91CF911F910F91FF90EF90DF90CF90AD
:10A7B000BF90AF909F908F900895AE014F5F5F4F15
:10A7C000BE016E5F7F4FC8010E942849D7018C935C
:10A7D000F801ED5FFD4F808177968083D8CFCF93CE
:10A7E000DF9391E09093ED048823B9F0C091B80015
:10A7F000D091BA008091BC008A7B8093BC0060E05D
:10A8000084E10E94A28360E085E10E94A2830E940D
:10A81000604BD093BA00C093B800DF91CF910895F8
:10A8200085ED8093BC0080917F0590918005A0917B
:10A830008105B09182050796A11DB11D23E0B69553
:10A84000A795979587952A95D1F72091BC0024FD6F
:10A8500003C010927D05089540917F0550918005B9
:10A860006091810570918205452B462B472B69F33A
:10A870000097A105B10541F02AE22A95F1F700C041
:10A880000197A109B109E1CF80917E050C94EF53A6
:10A890001F920F920FB60F9211240BB60F922F93A7
:10A8A0003F934F935F936F937F938F939F93AF9358
:10A8B000BF93EF93FF938091B900887F803609F4AE
:10A8C0004DC008F040C0883209F4A9C028F5803195
:10A8D00009F49DC0C8F4882309F4FBC0883009F44A
:10A8E00096C0FF91EF91BF91AF919F918F917F9112
:10A8F0006F915F914F913F912F910F900BBE0F90F1
:10A900000FBE0F901F901895883109F488C08032CF
:10A9100041F780937B0514C0803409F49DC040F456
:10A920008033B9F38833E9F680937B0585ECB0C0BA
:10A93000803509F485C0883509F496C0883489F6D5
:10A940000E941054CECF883909F48CC038F588376E
:10A9500029F050F4883611F0803719F683E080939F
:10A960007D051092340557C0883809F47BC08039C2
:10A9700019F0803809F0B5CF80913405803208F0A5
:10A9800071C0E091340581E08E0F80933405809191
:10A99000BB00F0E0EC5EFA4F80833DC0803B39F0B5
:10A9A000E0F4803A09F479C0883A09F09ACF84E05B
:10A9B00080937D051092110510921005E0910E050F
:10A9C000F0910F0519958091100581110FC081E05C
:10A9D000809310051092EE0409C0803C09F4A6CFC4
:10A9E000883C09F4A3CF883B09F07BCFE0911105A7
:10A9F00081E08E0F80931105F0E0E251FB4F8081E2
:10AA00008093BB00909111058091100529C0809121
:10AA100058058093BB0085EC8093BC0062CF909179
:10AA20007A0580917905981758F5E0917A0581E0CB
:10AA30008E0F80937A05F0E0E75AFA4F8081E9CFD4
:10AA4000E0917A0581E08E0F80937A058091BB00BA
:10AA5000F0E0E75AFA4F808390917A05809179056A
:10AA60009817C8F285E8D8CFE0917A0581E08E0F7B
:10AA700080937A058091BB00F0E0E75AFA4F80831B
:10AA800080917C0581115CCF81E08093570584EA39
:10AA90008093BC0010927D0524CF85EC8093BC0090
:10AAA00010927D0580913405803230F4E0913405B8
:10AAB000F0E0EC5EFA4F10826091340570E0E091B6
:10AAC0001205F091130584E195E019951092340573
:10AAD00008CF10927B0534CFCF92DF92EF92FF9296
:10AAE0000F931F93CF93DF93EC0188810E947983AA
:10AAF0008C010E94B3872C893D892017310731F0E2
:10AB00006E8B7F8B888F998F1D8B0C8BCE88DF8807
:10AB1000E88CF98C6C197D098E099F09CA80DB804D
:10AB2000EC80FD806C157D058E059F0530F08A89CF
:10AB30009B89998B888B1B8B0A8B288939898A89F9
:10AB40009B892817390781F04A855B85423051057A
:10AB5000A1F48E819F81A885B9850196A11DB11DA3
:10AB60008E839F83A887B987DF91CF911F910F9123
:10AB7000FF90EF90DF90CF9008954115510531F48B
:10AB80002130310589F7892B21F3EECF4130510572
:10AB900059F7232B49F7019739F7DBCFFC012089BF
:10ABA0003189848595852817390741F481E04289E8
:10ABB0005389268537854217530709F080E00895A9
:10ABC000FC0120893189868597852817390741F44A
:10ABD00081E042895389248535854217530709F05E
:10ABE00080E008958F929F92AF92BF92CF92DF92B2
:10ABF000EF92FF920F931F93CF93DF93FC01208579
:10AC0000211110C060E070E0CB01DF91CF911F9166
:10AC10000F91FF90EF90DF90CF90BF90AF909F90FB
:10AC20008F900895EC010E94B38729852111EACF06
:10AC30008C809D80AE80BF80088119812A813B81F4
:10AC40006B017C01C818D908EA08FB08C016D106B8
:10AC5000E206F306B8F6080D191D2A1D3B1D680112
:10AC60007901C61AD70AE80AF90AC701B601CDCF99
:10AC700080914504882359F18091440481110FC0CB
:10AC800080E00E94D01F0E94421F84E00E94D01FDB
:10AC90000E94421F8091EE03811117C00895809198
:10ACA0003D02882369F380914204909143048330EC
:10ACB000910531F3029759F085ED9EE00E94F2551F
:10ACC000672B682B692BE1F208951092EE0308952B
:10ACD000CF92DF92EF92FF921F93CF93DF93FC010D
:10ACE000108511110AC010E0812FDF91CF911F91C3
:10ACF000FF90EF90DF90CF900895EC01818588233D
:10AD000019F018861986F0CF0E94B387CC80DD80B9
:10AD1000EE80FF806C197D098E099F09C880D9805B
:10AD2000EA80FB806C157D058E059F0550F7DBCF13
:10AD3000CF93DF93EC01488359836A837B830E941E
:10AD4000B3876C837D838E839F8381E08887198698
:10AD5000DF91CF9108950F931F93CF93DF93EC0171
:10AD60000E94B3878B019C018C819D81AE81BF8144
:10AD7000488159816A817B81081B190B2A0B3B0B87
:10AD8000041715072607370738F4CE01DF91CF9156
:10AD90001F910F910C949856840F951FA61FB71FF3
:10ADA0008C839D83AE83BF8381E088871986DF9182
:10ADB000CF911F910F9108958F929F92AF92BF9262
:10ADC000CF92DF92EF92FF92CF93DF93FC014A0183
:10ADD000AA24BB24C32ED42EE52EFF24DC2DC22FA3
:10ADE0008085982D882391F0C82FD0E0C89DD00190
:10ADF000C99DB00DD89DB00D11249B2F8C9D600175
:10AE00001124DD2D829F90011124C32FA685218559
:10AE100032858385A81321C0AB01440F551F640FF1
:10AE2000751F620F731FA385A60FB72FB11D9C93CB
:10AE3000A485A60FB72FB11DDC938585680F711D02
:10AE4000FB01C083DF91CF91FF90EF90DF90CF9017
:10AE5000BF90AF909F908F900895660F771F660FF9
:10AE6000771F620F731FA60FB72FB11D1C92DBCF88
:10AE7000CF92DF92EF92FF920F931F93CF93DF93C6
:10AE800000D000D000D0CDB7DEB78C010E94DE84A8
:10AE9000D8011F96CD90DD90ED90FC9052976C15E7
:10AEA0007D058E059F0528F4F8016787708B818BDF
:10AEB000928BD8011F96CD90DD90ED90FC9052972B
:10AEC0006C197D098E099F096C32714081059105CD
:10AED000E8F2F894F801848195819A83898301844A
:10AEE000F285E02D7F012FEFE21AF20A80818F8335
:10AEF000D8019C915396ED91FC91549755968C9165
:10AF0000992309F448C09081982B98879081809567
:10AF10008923898789858B8388E08C835885698517
:10AF20004F813C812B8189819A81D701508347FDD4
:10AF3000252F3A952083262F39F0441F00C00000AA
:10AF40006083000000C0F2CF38E04D9160830000C4
:10AF5000019761F7D8015496FC93EE9353974F8372
:10AF60003C832B839A83898378940E94DE84F80142
:10AF70006787708B818B928B29960FB6F894DEBF12
:10AF80000FBECDBFDF91CF911F910F91FF90EF903A
:10AF9000DF90CF9008959081982B9887908180952D
:10AFA0008923898789858D8388E08E835885698583
:10AFB0004F813E812D8189819A81D701508347FD40
:10AFC000252F00C000C0208300C000C000C000C00A
:10AFD00000C060830000262F3A9541F0441F000016
:10AFE00000C000C000C000C000C0E8CF38E04D91F4
:10AFF00000C0608300C0019709F7D8015496FC9304
:10B00000EE9353974F833E832D83ACCFCF92DF9245
:10B01000EF920F931F93CF938091EB049091EC04E8
:10B02000C1E08537910589F0C2E08837910569F064
:10B03000C3E08437910549F40E946AC622E030E0FB
:10B0400040E050E00E9441C8C62F0E946AC622E03C
:10B0500030E040E050E00E9441C86E5F7F4F8F4F6C
:10B060009F4F28EE33E0629F6001639FD00C729F78
:10B07000D00C1124E12C10E000E020E04091890D7B
:10B0800060E0C13071F1A0F1C230F9F0C33009F0D5
:10B0900046C084E790E00E941B1584E790E09093FF
:10B0A000EC048093EB0485E08C9DA0018D9D500DF8
:10B0B000112470E060E08DEA9EE0CF911F910F9126
:10B0C000EF90DF90CF900C94985687E790E00E9425
:10B0D0001B1587E790E09093EC048093EB04A601A6
:10B0E000E8CF86E790E00E941B1586E790E0F3CF5B
:10B0F00085E790E00E941B1520E04091890D60E0FB
:10B1000088E790E00E941B1588E790E09093EC049C
:10B110008093EB0448E057E060E070E0CCCF85E737
:10B1200090E00E941B1585E790E09093EC048093DB
:10B13000EB0444EF51E060E070E0BDCF82E190E0CD
:10B140000E94B71483E190E00E94B71484E190E07C
:10B150000E94B71485E190E00E94B71486E190E068
:10B160000C94B714982F603411F4609174186150E6
:10B17000673088F4E62FF0E08827EE53F74A8F4FC8
:10B180000C94E8C8C958D558DA58F458F658DC5821
:10B19000DE5883E10895923019F1953089F09111CC
:10B1A00027C084E108958DE008958091721883305E
:10B1B00009F508958BE0089584E608959530E1F44B
:10B1C0008091D4048F5F853068F4982F937051F08C
:10B1D0008093D4048091D404813061F3823019F7D4
:10B1E00081E0089581E0F4CF8DE6089585E6089525
:10B1F00085E008958FE008958EEF0895E6E7F2E088
:10B200009081891307C081819281019749F085E47B
:10B2100098E10895389692E0E63AF90789F7F7CF72
:10B220008FE298E10895CF93DF931F921F92CDB7DD
:10B23000DEB7813C910509F1823C910579F18430BA
:10B240009105E1F5E2E4F8E0ABECB8E081918D9393
:10B2500088E0EB34F807D1F789E090E09A8389839E
:10B2600046E0BE016F5F7F4F8BEC98E00E949742F3
:10B270000F900F90DF91CF910895E7E5F8E0ABECE8
:10B28000B8E088E698E021912D938E179F07D9F7B3
:10B2900081E190E09A83898344E0E3CFEBE4F8E036
:10B2A000ABECB8E081918D9388E0E735F807D1F7F2
:10B2B0008CE090E09A83898345E0D3CF22E020930D
:10B2C000E4049093E6048093E5046093E7047093AC
:10B2D000E80494E09093E9042093CB088093CC0891
:10B2E0008091E6048093CD086093CE087093CF08D8
:10B2F0009093D00886E090E09A83898341E0B1CFB3
:10B3000070E060E00C941359EF920F931F93CF936A
:10B31000DF9300D000D0CDB7DEB782E090E090930D
:10B320004304809342041092DD0E1092DE0E6BED0A
:10B330007DE0CE0101960E940A4CCE0101960E944A
:10B34000024C8091450462E070E0811102C061E02E
:10B3500070E083E090E00E941359809144048111D1
:10B3600010C08CE891E00E94C414EE24E39410E035
:10B3700000E020E04091890D60E08CE891E00E94BF
:10B380001B1580913B0481110E94A23080913904E9
:10B39000882361F08091400490914104019731F03D
:10B3A00080913704811102C00E9468298091701831
:10B3B0008093420890917218909343089091751869
:10B3C0009093440890917318909345084091711898
:10B3D0009091761890934608209140043091410452
:10B3E00091E02130310531F0823019F491E04230A2
:10B3F00009F090E080914A0890FB80F99091410219
:10B4000090FB81F980934A0891E02115310509F4F8
:10B4100090E080914A0890FB82F980934A088091DD
:10B42000A605809347088091FA03882309F45BC03E
:10B430008091F803882309F454C084E0809349087C
:10B4400080914A089091F90390FB85F99091EB0364
:10B4500090FB86F99091200290FB83F980934A0833
:10B460002130310511F010923C0280914702809307
:10B47000480891E0809148028A3B09F090E0809171
:10B480004A0890FB84F980934A0884E090E00E9487
:10B49000805980913A04882351F00E94D10981118A
:10B4A00006C070E060E088E290E00E94135987E0F7
:10B4B00090E00E9480596DEC7DE0CE0101960E94E3
:10B4C0000A4CCE0101960E94024C26960FB6F894C3
:10B4D000DEBF0FBECDBFDF91CF911F910F91EF90D7
:10B4E000089583E0ABCF81E0A9CFCF93DF9300D065
:10B4F00000D01F921F92CDB7DEB718861F8286300C
:10B50000910509F41EC150F58430910509F4D8C0A5
:10B510008530910509F4F4C022E02093D70490937C
:10B52000D9048093D8046093DA047093DB0494E028
:10B530009093DC042093EC0A8093ED0A8091D90467
:10B540008093EE0A6093EF0A7093F00A9093F10AE9
:10B5500086E090E098878F8341E0C2C08E3B9105E2
:10B5600009F47AC18F3B910509F486C18D3B9105A1
:10B5700099F669EB7CE0CE0101960E940A4CCE015F
:10B5800001960E94024C80918B0D0E94B411209173
:10B590007F0830918108909170189093680890917D
:10B5A0000902909369089091721890936A088093A9
:10B5B0006C082E7F80912F0480FB21F980911E0260
:10B5C00090911F0268EE73E00E94C0C860936D08FE
:10B5D00080912D0480FB26F98091250280FB27F9BC
:10B5E000809180089091360290FB81F990912C0413
:10B5F00090FB80F9809380088091440480FB25F9BA
:10B600008091440280FB22F98091FC03277F80FF18
:10B61000286020937F08832F8F799091C90490FB35
:10B6200083F99091E80390FB84F9809381088091DD
:10B630001902811180936B088091500280936E08EB
:10B640008091150280936F08809114028093700896
:10B65000809111028093710880917F089091180267
:10B6600090FB84F980937F088091EC0380937208AB
:10B670008091800890911A0290FB82F99091810844
:10B6800020911D0220FB90F9909381089091210256
:10B6900090FB83F99091CC0490FB84F9809380080F
:10B6A00080910F028093740880911B0290911C027C
:10B6B000009709F467C0019709F4C8C083E063C02C
:10B6C000EAE2F8E0ACEEBAE082E498E021912D9352
:10B6D0008E179F07D9F788E190E098878F8346E01F
:10B6E000BE01695F7F4F8CEE9AE00E9497422896D8
:10B6F0000FB6F894DEBF0FBECDBFDF91CF91089596
:10B7000022E02093DD049093DF048093DE0484E044
:10B710008093E304809115028093E0041092E10489
:10B72000EDEDF4E0ACEEBAE084EE94E021912D93DF
:10B730008E179F07D9F787E090E098878F8342E0C4
:10B74000CFCF22E02093DD049093DF048093DE04CA
:10B7500084E08093E304809108028093E004809168
:10B7600047028093E104809146028093E204EDED6C
:10B77000F4E0ACEEBAE081918D9384E0E43EF8070A
:10B78000D1F7D9CF81E08093730880910D02809327
:10B790007508809117028093760880911602809335
:10B7A0007708809110028093780891E08091EA03F5
:10B7B000813009F090E08091800890FB85F99091AC
:10B7C000E90390FB86F9809380088091CE048093F2
:10B7D0007908809145028130D9F18230D9F181E038
:10B7E00080937A08809180089091CD0490FB87F92E
:10B7F000809380088091510280937B08809181081A
:10B800009091320290FB81F99091130290937C0801
:10B810009091120290937D0890910E0290937E0871
:10B820009091EF0390FB82F980938108E8E6F8E0BD
:10B83000ACEEBAE081918D9388E0E238F807D1F759
:10B840008AE190E098878F8343E04ACF82E09BCFE4
:10B8500082E0C6CF83E0C4CFE7E5F8E0ACEEBAE023
:10B8600081918D9388E0E836F807D1F781E190E087
:10B8700098878F8344E034CF62ED7CE0CE0101965F
:10B880000E940A4CCE0101960E94024C80915508FC
:10B890009091490290FB81F990914A0290FB82F9C4
:10B8A00090914B0290FB83F990914C0290FB84F9AC
:10B8B000282F80914D0280FB25F9809126029091DE
:10B8C0002702E8EEF3E0BF010E94C0C860934B0876
:10B8D0008091280290912902BF010E94C0C8609304
:10B8E0004C0880912A0290912B02BF010E94C0C88F
:10B8F00060934D0880912C0290912D02BF010E940F
:10B90000C0C860934E0880912E0290912F02BF0113
:10B910000E94C0C860934F08822F9091370290FB1D
:10B9200080F98093550820914204309143042330DC
:10B930003105C9F080648F7780935508809156084F
:10B940008C7F8B7F809356088EE18093500883E232
:10B950008093510888E28093520882E380935308D1
:10B960008CE380935408EBE4F8E0ACEEBAE081910C
:10B970008D9388E0E735F807D1F78CE090E0988761
:10B980008F8345E0ADCE70E060E00C94755AEF9285
:10B990000F931F9384E490E00E94C414EE24E39478
:10B9A00010E000E020E04091890D60E084E490E048
:10B9B0000E941B1580917A0E8330C9F1853009F4FD
:10B9C0007AC0823009F055C083E080937A0E83E01C
:10B9D00091E00E94C4148EE590E00E94C4148EE4AD
:10B9E00090E00E94C4148DE490E00E94C41420E012
:10B9F0004091890D60E08EE490E00E941B158FE479
:10BA000090E00E94805980913704811176C0809126
:10BA1000400490914104019709F46FC0809139046A
:10BA200081116BC01F910F91EF900C94773984E0D6
:10BA300080937A0E83E091E00E94C4148EE590E03A
:10BA40000E94C4148EE490E00E94C4148DE490E03F
:10BA50000E94C414EE24E39410E000E020E0409142
:10BA6000890D60E08EE590E00E941B1580E590E076
:10BA7000C8CF85E080937A0E83E091E00E94C414E1
:10BA80008EE590E00E94C4148EE490E00E94C414FD
:10BA90008DE490E00E94C414EE24E39410E000E0F2
:10BAA00020E04091890D60E083E091E00E941B1549
:10BAB00081E590E0A6CF82E080937A0E83E091E06A
:10BAC0000E94C4148EE590E00E94C4148EE490E0BD
:10BAD0000E94C4148DE490E00E94C414EE24E39408
:10BAE00010E000E020E04091890D60E08DE490E0FE
:10BAF0000E941B158EE490E084CF1F910F91EF9070
:10BB000008952F923F924F925F926F927F928F9201
:10BB10009F92AF92BF92CF92DF92EF92FF920F93DC
:10BB20001F93CF93DF9300D000D0CDB7DEB780E076
:10BB30000E94D01F7C0181E00E94D01F8C0183E015
:10BB40000E94D01F9E838D8384E00E94D01F6C01D1
:10BB500080E00E940909A09023188A0D898381E062
:10BB60000E94090980902318880D8A8382E00E9430
:10BB7000090960902318860D8B8383E00E940909D0
:10BB800040902318840D8C8380916F1822242A946E
:10BB9000280EB090D60480915002332433948C3018
:10BBA00011F085E0382E80915102B81608F0D3C00C
:10BBB0008FE89EE00E946856882309F4CCC08091EB
:10BBC0005102EB2DF0E090913202992309F48EC0DE
:10BBD0008D3009F088C0E65CF44FE4916E2F70E080
:10BBE0002FEF44E1C7010E94B61D3981E32FF0E039
:10BBF0004A81842E912C5B81A52EB12C8C81682EDC
:10BC0000712C422C512C8091D60465E00E94B4C85E
:10BC10002FEF911144C1432DBF01C8010E94B61DF1
:10BC20002FEF432DB401C8010E94B61D2FEF432D05
:10BC3000B501C8010E94B61D2FEF432DB301C80105
:10BC40000E94B61D2FEF41E0B201C8010E94B61D4F
:10BC500080911B0290911C02892B09F44FC02FEF99
:10BC600045E070E060E08D819E810E94B61D2FEF5F
:10BC700045E061E070E08D819E810E94B61D2FEF4E
:10BC80004DE062E070E08D819E810E94B61D2FEF35
:10BC90004DE063E070E08D819E810E94B61D2FEF24
:10BCA0004FE064E070E08D819E810E94B61D2FEF11
:10BCB0004FE065E070E08D819E810E94B61D60912D
:10BCC0004E026150770B2FEF4FE08D819E810E94D5
:10BCD000B61D60914E0270E02FEF4DE08D819E8188
:10BCE0000E94B61D23C0E55DF44F77CF8D3019F467
:10BCF000E25EF44F72CFE15FF44F6FCFA59A739A73
:10BD0000809102018860809302018091020180612C
:10BD100080930201809102018062809302018091F0
:10BD200002018064809302012C9A2D9A8091D6049E
:10BD30008F5F8093D6049091510289132DC1109288
:10BD4000970E1092980E4EE150E060E070E085E8AA
:10BD50009EE00E949856B090D50480915102B8168A
:10BD600008F059C185E89EE00E946856882309F4CE
:10BD700052C160915102EB2DF0E080913202882394
:10BD800009F414C16D3009F00EC1E65CF44FE49182
:10BD90006150770B6E1B71092FEF40E0C7010E94C5
:10BDA000B61D9981E92FF0E03A81A32EB12C4B8189
:10BDB000842E912C5C81652E712C422C512C80910B
:10BDC000D50465E00E94B4C82FEF911159C2432DEC
:10BDD000BF01C8010E94B61D2FEF432DB501C80158
:10BDE0000E94B61D2FEF432DB401C8010E94B61D5D
:10BDF0002FEF432DB301C8010E94B61D2FEF41E084
:10BE0000B201C8010E94B61D80911B0290911C02D4
:10BE1000892B09F4D3C02FEF45E070E060E08D81FD
:10BE20009E810E94B61D2FEF45E061E070E08D819C
:10BE30009E810E94B61D2FEF4DE062E070E08D8183
:10BE40009E810E94B61D2FEF4DE063E070E08D8172
:10BE50009E810E94B61D2FEF4FE064E070E08D815F
:10BE60009E810E94B61D2FEF4FE065E070E08D814E
:10BE70009E810E94B61D60914E026150770B2FEF9C
:10BE80004FE08D819E810E94B61D60914E0270E050
:10BE90002FEF4DE08D819E810E94B61DA7C040E02E
:10BEA000BF01C8010E94B61D2FEF40E0B401C801D8
:10BEB0000E94B61D2FEF40E0B501C8010E94B61DDB
:10BEC0002FEF40E0B301C8010E94B61D2FEF40E004
:10BED000B201C8010E94B61D80911B0290911C0204
:10BEE000892B09F440C02FEF40E070E060E08D81C5
:10BEF0009E810E94B61D2FEF40E061E070E08D81D1
:10BF00009E810E94B61D2FEF40E062E070E08D81BF
:10BF10009E810E94B61D2FEF40E063E070E08D81AE
:10BF20009E810E94B61D2FEF40E064E070E08D819D
:10BF30009E810E94B61D2FEF40E065E070E08D818C
:10BF40009E810E94B61D60914E026150770B2FEFCB
:10BF500040E08D819E810E94B61D60914E0270E08E
:10BF60002FEF40E0BBCEA598739880910201877FA8
:10BF700080930201809102018F7E80930201809163
:10BF800002018F7D80930201809102018F7B80935B
:10BF900002012C982D98CACE4EE150E060E070E08E
:10BFA0008FE89EE0D6CEE55DF44FF1CE6D3019F40A
:10BFB000E25EF44FECCEE15FF44FE9CEA59A739ABE
:10BFC000809102018860809302018091020180616A
:10BFD000809302018091020180628093020180912E
:10BFE00002018064809302012C9A2D9A8091D504DD
:10BFF0008F5F8093D504909151028913BEC1109236
:10C000008D0E10928E0E4EE150E060E070E08BE7F6
:10C010009EE00E94985690904002992009F412C127
:10C020008BE79EE00E946856882309F40BC1898142
:10C03000A82EB12C292D432DB501C8010E94B61D93
:10C040009A81892E912C20914002432DB401C80180
:10C050000E94B61D3B81632E712C20914002432D1E
:10C06000B301C8010E94B61D4C81442E512C209171
:10C070004002432DB201C8010E94B61D312C20910F
:10C08000400241E0B101C8010E94B61D80911B022F
:10C0900090911C02892B09F44BC02091400245E08D
:10C0A00070E060E08D819E810E94B61D209140026B
:10C0B00045E061E070E08D819E810E94B61D209177
:10C0C00040024DE062E070E08D819E810E94B61DCD
:10C0D000209140024DE063E070E08D819E810E94DE
:10C0E000B61D209140024FE064E070E08D819E819A
:10C0F0000E94B61D209140024FE065E070E08D8106
:10C100009E810E94B61D60914E026150770B209176
:10C1100040024FE08D819E810E94B61D60914E02CB
:10C1200070E0209140024DE08D819E810E94B61DFD
:10C1300080910D02893108F027C1873108F027C1AD
:10C1400065E18C3009F067E09091E90320911802D5
:10C15000809140023091F10F3983222309F419C1F3
:10C16000911119C12FEF30E0A901481B5109CA01F3
:10C1700070E00E94D4C85981560F59838091F00F06
:10C180003981831738F0632F70E02FEF45E0C60147
:10C190000E94B61D8091E90390911802992309F439
:10C1A00000C1811100C18091F10F4981841770F4A1
:10C1B000842F8150990BBC018091F00F86171706D0
:10C1C0002CF02FEF40E0C6010E94B61D8091400286
:10C1D0008150809340028111F1C01092830E109221
:10C1E000840E2FEF40E0B501C8010E94B61D2FEF6D
:10C1F00040E0B401C8010E94B61D2FEF40E0B3013A
:10C20000C8010E94B61D2FEF40E0B201C8010E9494
:10C21000B61D2FEF40E0B101C8010E94B61D0E947B
:10C220008A290E94513081E080934504C7010E9411
:10C23000421FC8010E94421F66E070E080E090E06B
:10C240000E948187C7010E94421FC80126960FB62F
:10C25000F894DEBF0FBECDBFDF91CF911F910F913C
:10C26000FF90EF90DF90CF90BF90AF909F908F9016
:10C270007F906F905F904F903F902F900C94421F53
:10C2800040E0BF01C8010E94B61D2FEF40E0B5019C
:10C29000C8010E94B61D2FEF40E0B401C8010E9402
:10C2A000B61D2FEF40E0B301C8010E94B61D2FEF6D
:10C2B00040E0B201C8010E94B61D80911B0290911E
:10C2C0001C02892B09F440C02FEF40E070E060E0D1
:10C2D0008D819E810E94B61D2FEF40E061E070E0ED
:10C2E0008D819E810E94B61D2FEF40E062E070E0DC
:10C2F0008D819E810E94B61D2FEF40E063E070E0CB
:10C300008D819E810E94B61D2FEF40E064E070E0B9
:10C310008D819E810E94B61D2FEF40E065E070E0A8
:10C320008D819E810E94B61D60914E026150770BF7
:10C330002FEF40E08D819E810E94B61D60914E02DC
:10C3400070E02FEF40E0A6CDA59873988091020190
:10C35000877F80930201809102018F7E809302018A
:10C36000809102018F7D80930201809102018F7B79
:10C37000809302012C982D9839CE4EE150E060E078
:10C3800070E085E89EE045CE8A3109F0DCCE69E0B8
:10C39000DBCE9111E7CE0E94B4C89981980F9983A2
:10C3A000EDCE811100CF8091F00F9981981708F0A0
:10C3B0000DCF692F70E06F5F7F4F03CF45E050E0F6
:10C3C00060E070E08BE79EE00E9498563BCFE7E08C
:10C3D000FFE080914D02808380914C0281838091A7
:10C3E0004B02828380914A02838380914902848335
:10C3F000089580915002843161F0883221F08C30B0
:10C4000031F48FE001C087E080933F02089585E01A
:10C41000FBCF8AE0F9CF80911B0290911C02892BFF
:10C4200021F088E080933E02089510923E02089524
:10C430009091510280915002890F27E0280F20939C
:10C440006F189093231880936E1820910D0280919D
:10C45000CE0440911B0250911C02452BC9F09091D3
:10C460003E023FEF390F30934E029093F10F920F3F
:10C470002FEF290F2093F00F9093EF0F8150890F2A
:10C48000891718F08093EE0F08959093EE0F08959A
:10C4900010924E021092F10F9FEF920F9093F00FB7
:10C4A0002093EF0F820F8150821760F72093EE0FD9
:10C4B00008958F929F92AF92BF92CF92DF92EF92A8
:10C4C000FF920F931F93CF93DF93CDB7DEB7EB9718
:10C4D0000FB6F894DEBF0FBECDBF80E00E94D01F24
:10C4E0000E946C1F84E00E94D01F0E946C1F40E8D5
:10C4F00055E260E070E08DE897E00E94657B40E8DF
:10C5000055E260E070E080EF96E00E94657B40E8D5
:10C5100055E260E070E083E596E00E94657B80EF85
:10C5200096E09093080D8093070D84E690E0A0E0DC
:10C53000B0E08093090D90930A0DA0930B0DB0937A
:10C540000C0D2DE837E03093F60C2093F50C10928B
:10C55000F70C8093010D9093020DA093030DB093FF
:10C56000040D83E596E09093E70A8093E60A82E360
:10C5700090E0A0E0B0E08093E80A9093E90AA093ED
:10C58000EA0AB093EB0A3093D50A2093D40A1092AA
:10C59000D60A8093E00A9093E10AA093E20AB0934E
:10C5A000E30A8091080265E00E94B4C8E82FF0E039
:10C5B000EF5AF14FE491E0934802E0938B0DE09342
:10C5C0008A0D40E051EE60E070E086EB95E00E945D
:10C5D000657B10923C0E10923D0E10923E0E86EB43
:10C5E00095E09093B10D8093B00D1092F30D1092E1
:10C5F000F40DE5EFFDE081E19EE02FEF3FEF2193A9
:10C6000031938E179F07D9F78091B00D9091B10D9E
:10C61000DC01ED91FC910084F185E02D1995892BC9
:10C6200061F08091B00D9091B10DDC01ED91FC9124
:10C630000284F385E02D1995E7CF0E94B3876851F6
:10C640007C4FFE0131966F014B01B12CA12C44E1CE
:10C65000F42E05E011E10E94228180913E0E8111AD
:10C6600018C00E94B387681579058A059B0588F470
:10C67000D601EF2D1D92EA95E9F709831D83C601C6
:10C680000E94AE796AE070E080E090E00E948187CD
:10C69000E2CF0E94228180913E0E882309F421C2BC
:10C6A0008091130E9091140E9093A7058093A60588
:10C6B000009709F409C222E030E03093A9052093E5
:10C6C000A8058D36910518F080E00E947C0E6091DF
:10C6D000130E7091140EC6010E94CF8264E37EE0B7
:10C6E000CE01C6960E940A4CBE016A5C7F4FCE0105
:10C6F0004D960E94384CB601CE014D960E94AE4B2D
:10C70000CE014D960E94024CCE01C6960E94024C6C
:10C71000C6010E94024C0E9422810091110E1091CC
:10C72000120EC8010E94A93F8091E8030E94AA0E40
:10C730008AEB9FEF0E94AB820E948B828091CB0498
:10C74000811104C08091CA04882369F00C3311055B
:10C7500050F0E12C10E000E020E040E060E08CE3ED
:10C7600090E00E941B15109236051092350510922C
:10C77000A4051092A3050E94604B9FE8A92E93E4A4
:10C78000B92EB0920F05A0920E0500E913E41093A4
:10C790001305009312058CE08093B80067EE7EE0ED
:10C7A000C6010E940A4CC6010E94024C80EA9FE02A
:10C7B00090932E0D80932D0D109236051092350515
:10C7C0001092A4051092A3050E94604BB0920F0531
:10C7D000A0920E0510931305009312056FEF7FEFE3
:10C7E00090E080E00E940385182FEFE1FEE431978E
:10C7F000F1F700C0000081110EC08FE999E390931A
:10C80000830D8093820D6FE979E390E080E00E94D0
:10C8100003850E940B861E8E1D8E18A21F8E1AA2E3
:10C8200019A24AE0B601812F90E00E94DDC6B60150
:10C83000CE014D960E940E4162ED7EE0CE01C6967D
:10C840000E940A4CBE016A5C7F4FC6010E94384CB0
:10C85000BE01635E7F4FC6010E94AE4BC6010E94BF
:10C86000024CCE01C6960E94024CCE014D960E940B
:10C87000024C1111EFC181E08093EA0466E67EE08C
:10C88000C6010E940A4CC6010E94024C87E797E04D
:10C890009093830D8093820D67E777E090E080E0CE
:10C8A0000E9403850E940B860E94B3876093630DEC
:10C8B0007093640D8093650D9093660D4091610DAA
:10C8C0005091620D70E060E08BE69DE00E9498560A
:10C8D00040912D0D50912E0D70E060E087E39DE0BA
:10C8E0000E9498566C98749A6D98759A0A9A129844
:10C8F00082E390E0A0E0B0E08093B80F9093B90F8E
:10C90000A093BA0FB093BB0F80939E0F90939F0F8D
:10C91000A093A00FB093A10F8093840F9093850FE5
:10C92000A093860FB093870F80936A0F90936B0F3D
:10C93000A0936C0FB0936D0F8093580E9093590E87
:10C94000A0935A0EB0935B0E8093500F9093510FAB
:10C95000A093520FB093530F8093360F9093370FDD
:10C96000A093380FB093390F80912101887F8460A4
:10C970008093210161E08DE20E94D0839A9A3C9AD3
:10C980003A9A579A80910A01886080930A019D9A89
:10C990006B9A80910101886080930101809101016F
:10C9A0008061809301018091010180628093010187
:10C9B00080910101806480930101249A259A8091DD
:10C9C0007A0F90917B0F892B09F04FC181E0809302
:10C9D00020028091940F9091950F892B09F048C106
:10C9E00082E0809372188091721880937A0E8CEF97
:10C9F0009FE00E942BC88EAB8DEF9FE00E942BC85A
:10CA00008FAB8EEF9FE00E942BC888AF8FEF9FE027
:10CA10000E942BC889AF0E94050D0EA91FA928AD41
:10CA200039AD601771078207930709F033C58E018E
:10CA3000035E1F4FD12CC12CC6010E942BC8D80108
:10CA40008D938D01BFEFCB1ADB0AE9E1CE16D1043D
:10CA500099F78D8D982F9D7F9D3009F00BC18093A4
:10CA600051028F3009F00EC188E280930A0287E2FA
:10CA700080934F028E8D8C3039F0843129F08432CE
:10CA800019F0883209F003C1809350028F8D8C30E9
:10CA900059F099EE980F923038F08A3129F09DEDD7
:10CAA000980F923008F007C180930D02893108F089
:10CAB000F5C0873108F0F5C08C3009F4F7C089E083
:10CAC00080930C0286E0F5C081E090E09093A90588
:10CAD0008093A80584E690E09093A7058093A6052F
:10CAE000F6CD8AEB9FEF0E94AB820E948B8204E11D
:10CAF000D601E02F1D92EA95E9F715E0198381E050
:10CB00008D83C6010E94AE79D6011D920A95E9F780
:10CB1000198382E08D83C6010E94AE796AE070E0DD
:10CB200080E090E00E9481870E94228180913C0EEB
:10CB3000882309F471C0A1E4BEE0F601CE01459658
:10CB40002D9121938E179F07D9F70E942281809102
:10CB50003D0E8E01035E1F4F882309F46CC080E0F8
:10CB600098E090934302809342020E942281A09019
:10CB7000110EB090120EC5010E94A93FFE017F96D2
:10CB800082E1DF011D928A95E9F787E08D8F1F8E84
:10CB90001E8E8CE089A3C8010E94AE7924E1822E0A
:10CBA000F801882D11928A95E9F736E0932E9D8E33
:10CBB00089E089A3C8010E94AE79D8011D928A94A8
:10CBC000E9F79D8E8EE089A381E08BA3C8010E94C6
:10CBD000AE7983E090E09093A9058093A80581E069
:10CBE00090E09093A7058093A60562E27EE0C801DD
:10CBF0000E940A4CC8010E94024C8091CB04811112
:10CC000005C08091CA04882309F4ADCDBCE3AB16FE
:10CC1000B10408F4A8CD9DCD1092A9051092A805E5
:10CC20000E9405816BEE7DE0C6010E940A4CC601A0
:10CC30000E94024C98CD6BEF7DE0C8010E940A4C27
:10CC4000C8010E94024C1092A9051092A8050E94EA
:10CC5000058189CD1092EA046CE77EE0C6010E944E
:10CC60000A4CC6010E94024C33CE10922002B1CE73
:10CC700084E0B7CE8091EA04882309F4FBCE8DE0EE
:10CC8000809351028EE280930A028DE2F1CE809170
:10CC9000EA04882309F4FACE8CE0F6CE8A3109F052
:10CCA0000ECF8CE080930C0289E003C09FE090934C
:10CCB0000C0280930B028CA59FEF980F943110F417
:10CCC0008093CE048DA59EEF980F933040F483306F
:10CCD00009F467C0843009F468C0109245029BA52E
:10CCE0008FEF890F823030F481E0923008F480E0D9
:10CCF0008093E9039EA58FEF890F823030F481E0A5
:10CD0000923008F480E08093CD0498A98FEF890FCA
:10CD1000823030F481E0923008F480E08093320277
:10CD200099A98FEF890F823030F481E0923008F4B6
:10CD300080E08093EC038AA99FEF980F923070F403
:10CD400091E0823008F490E090931A02823079F1F9
:10CD50008CE291E090933102809330029BA98FEF97
:10CD6000890F823030F481E0923008F480E08093C3
:10CD7000EF039CA98FEF890F823030F481E092306D
:10CD800008F480E080931D028FA59EEF980F9330EA
:10CD9000A8F4823079F0833009F455C382E090E042
:10CDA00054C381E0809345029ACF82E0FBCF84EFA9
:10CDB00091E0D0CF10921C0210921B0298A18FEF2D
:10CDC000890F843030F481E0913009F480E0809361
:10CDD000EA0389A19FEF980F9E3F10F480931302FE
:10CDE0008AA19FEF980F9E3F10F4809315028BA1AC
:10CDF0009FEF980F9E3F10F4809317028CA19FEF36
:10CE0000980F9E3F10F4809312028DA19FEF980F10
:10CE10009E3F10F4809314028EA19FEF980F9E3FC7
:10CE200010F4809316028FA19CEE980F913510F4A8
:10CE300080930E0288A59CEE980F913510F4809394
:10CE4000110289A59CEE980F913510F48093100281
:10CE50008AA59CEE980F913510F480930F029DA93E
:10CE60008FEF890F823040F481E0923008F480E047
:10CE70008093E8030E94AA0E0E94F9610E940B624F
:10CE80000E941862CE0101966C0109E110E0C80110
:10CE90000E942BC8D6018D936D010F5F1F4F053384
:10CEA0001105A9F799818FEF890F823030F481E065
:10CEB000923008F480E080932D049A818FEF890FDF
:10CEC000823030F481E0923008F480E080931802E0
:10CED0009B818FEF890F823030F481E0923008F42B
:10CEE00080E0809321029C818FEF890F823030F4A3
:10CEF00081E0923008F480E0809337029D818FEFCB
:10CF0000890F823030F481E0923008F480E0809321
:10CF100025029E818FEF890F823030F481E09230BC
:10CF200008F480E0809336029F818FEF890F823072
:10CF300030F481E0923008F480E080932C048885FE
:10CF40009EEF980F943090F4833029F0853019F0DB
:10CF5000823009F07FC2809372188091721880939A
:10CF60007A0E8093090281E08093ED0389859FEF1B
:10CF7000980F923040F4823009F46EC281E08093C1
:10CF800070180E943B839A858FEF890F823030F4AE
:10CF900081E0923008F480E0809344049B858FEF19
:10CFA000890F823030F481E0923008F080E0809385
:10CFB000FC03998D8FEF890F823030F481E092303D
:10CFC00008F480E0809344029A8D8FEF890F8230BD
:10CFD00030F481E0923008F480E08093CC049B8DA3
:10CFE0008FEF890F823030F481E0923008F480E0D6
:10CFF00080932F048C8D9CEE980F993258F448EE54
:10D0000053E0849F9001859F300D112430931F02BF
:10D0100020931E029C858FEF890F823030F481E0CF
:10D02000923008F480E00E94121D8D858150853673
:10D0300050F4809308020E94061380938B0D809316
:10D040008A0D809348028E859FEF980F9C3358F489
:10D0500048EE53E0849F9001859F300D112430935A
:10D060002702209326028F859FEF980F9C3358F458
:10D0700048EE53E0849F9001859F300D112430933A
:10D0800029022093280288899FEF980F9C3358F437
:10D0900048EE53E0849F9001859F300D112430931A
:10D0A0002B0220932A0289899FEF980F9C3358F412
:10D0B00048EE53E0849F9001859F300D11243093FA
:10D0C0002D0220932C028A899FEF980F9C3358F4ED
:10D0D00048EE53E0849F9001859F300D11243093DA
:10D0E0002F0220932E029B898FEF890F823030F41C
:10D0F00081E0923008F480E0809349029C898FEFB0
:10D10000890F823030F481E0923008F480E080931F
:10D110004A029D898FEF890F823030F481E092308E
:10D1200008F480E080934B029E898FEF890F823054
:10D1300030F481E0923008F480E080934C029F89C3
:10D140008FEF890F823030F481E0923008F480E074
:10D1500080934D02888D9FEF980F953058F4823060
:10D1600009F48DC108F086C1813009F490C184E0D2
:10D17000809319020E94E76181E00E94BA1C0E941C
:10D180000B620E94186280910E02853618F084E6C8
:10D1900080930E0280911102853618F084E6809308
:10D1A000110280911002853618F084E680931002F7
:10D1B0000E94790C0E94773940ED57E060E070E002
:10D1C00080EA9DE00E94985640E45FE160E070E0F4
:10D1D00081EC9EE00E94985648EE53E060E070E0DB
:10D1E0008AED9FE00E94985680914404811163C1AA
:10D1F000EE24E39410E000E020E04091890D60E02F
:10D2000086E791E00E941B1540E050E0BA018FE8EC
:10D210009EE00E94985608E918E01092A808109223
:10D22000A70882E0D82ED092861810928518109206
:10D230007D1810927C1810927F1810927E18109210
:10D2400081181092801810928318109282181092F0
:10D2500084181092871810928818109289181092CA
:10D260008A1810928B1810928C1810928D181092A8
:10D270008E1810928F181092901810929118109288
:10D280009218109293181092941810929518109268
:10D29000961881E0809397180E94A53FB0E0A0E027
:10D2A0008093981890939918A0939A18B0939B180C
:10D2B00010929C1810929D1810929E1810929F1810
:10D2C0001092A0181092A1181092A2181092A318F0
:10D2D000109286188091C7089091C808892BC1F5D3
:10D2E00020918618D09286188CE798E19093C80810
:10D2F0008093C70880917C1890917D18892B09F044
:10D30000F0C010937D1800937C181092C4081092FE
:10D31000C3081092C6081092C50888E998E0909357
:10D320007F1880937E188091931890919418A09103
:10D330009518B09196180196A11DB11D8093931870
:10D3400090939418A0939518B093961820938618EC
:10D35000A091C708B091C808109709F461C0109255
:10D36000B9081092BA081092BB081092BC088091BC
:10D370009A088B7F80939A08E091BF08F091C008CB
:10D38000309709F4B9C080919A0881FDB5C0149610
:10D390000D911C91159788E998E015969C938E93B2
:10D3A000149780919A08826080939A0819959091B9
:10D3B0009A0880FB90F990939A0880919A088D7F43
:10D3C00080939A08E091C708F091C80815830483F8
:10D3D00080919B0890919C08A0919D08B0919E0817
:10D3E00080939F089093A008A093A108B093A208EF
:10D3F0000E94B38700919F081091A0082091A10876
:10D400003091A208601B710B820B930B6093A308F1
:10D410007093A4088093A5089093A60880919A0819
:10D42000EB960FB6F894DEBF0FBECDBFDF91CF9164
:10D430001F910F91FF90EF90DF90CF90BF90AF9032
:10D440009F908F90089581E090E090931C028093CC
:10D450001B02B4CC84E07FCD8093701881E0809370
:10D460007118109273189091781891118CCD809347
:10D47000781889CD833031F0853009F078CE91E08D
:10D48000909320028093190280937B1873CE80932F
:10D490002002F8CFEE24E39410E000E020E0409179
:10D4A000890D60E08FE591E00E941B150E94930DAD
:10D4B0000E945D0E61CE80917018813031F482E05F
:10D4C00090E090933E0480933D0440EA5FE060E08A
:10D4D00070E085ED9EE00E94985681E080934504BF
:10D4E0009ACEE0917E18F0917F18F093C408E093F3
:10D4F000C30816A705A70DCF80919A088160809375
:10D500009A0866CFEF920F931F93CF93DF93CDB717
:10D51000DEB72F970FB6F894DEBF0FBECDBF65EB19
:10D520007DE0CE0101960E940A4CCE0101960E9438
:10D53000024C809168088230B1F081E080937018CD
:10D540000E943B838BE890E00E9480598BE890E03A
:10D550000E94C35C809169088330A9F180F5823014
:10D5600091F181E030C08093701881E08093711850
:10D570001092731890917818911102C080937818C6
:10D5800084E890E00E94805984E890E00E94C35CA7
:10D5900080914204909143040397E1F280917318C3
:10D5A0008823C1F280E00E945383882399F260911E
:10D5B000731870E080E191E00E94755ACBCF8430FF
:10D5C00011F0853071F68093090280916A088330EA
:10D5D00009F4DBC0853009F4F5C0823009F0E3C0FE
:10D5E0008093721880937A0E81E08093ED0382E538
:10D5F00090E00E94805982E590E00E94C35C809197
:10D600006B08823009F4F1C008F0EAC0813009F4F7
:10D61000F0C084E08093190282E080937B188091AF
:10D620007A0F90917B0F892B09F0EAC081E08093FB
:10D63000200267E97DE0CE0101960E940A4CCE01EE
:10D6400001960E94024C80917F0881FB992790F9F6
:10D6500090932F0490916D0848EE53E0949F9001B1
:10D66000959F300D112430931F0220931E0286FBDC
:10D67000992790F990932D0487FB992790F990931F
:10D6800025029091800891FB222720F920933602F1
:10D69000917090932C0485FB992790F99093440402
:10D6A00082FB992790F99093440283FB882780F9A5
:10D6B00091E089278093FC0380916E08843229F0E1
:10D6C000883219F0843109F09EC08093500261E7DE
:10D6D0007DE0CE0101960E940A4CCE0101960E9487
:10D6E000024C20916F08209315029091700890933E
:10D6F0001402809171088093110280917F088295B5
:10D7000081708093180281E030917208311101C05C
:10D7100080E08093EC038FEF89872F83988781E0E7
:10D720000E94D01FBE01695F7F4F0E944E1F8091F3
:10D73000800882FB222720F920931A029091810809
:10D74000917090931D0283FB992790F99093210289
:10D75000829581708093CC0484EF91E0211102C006
:10D760008CE291E0909331028093300280917408B2
:10D7700080930F0280917308813009F446C0823093
:10D7800009F40FC182E090E00EC18093721880937B
:10D790007A0E81E08093ED0383E590E00E9480594A
:10D7A00083E590E02ACF84E08093721880937A0E0C
:10D7B00081E08093ED0384E590E00E94805984E548
:10D7C00090E01BCF8093721880937A0E81E0809353
:10D7D000ED0385E590E00E94805985E590E00DCF4E
:10D7E000833049F0853009F014CF91E09093200206
:10D7F00002C0809320028093190280937B1819CF76
:10D800001092200216CF8CE060CF10921C02109272
:10D810001B026BE47DE0CE0101960E940A4CCE0112
:10D8200001960E94024C8091750880930D02209110
:10D8300076082093170290917708909316028091B2
:10D840007808809310028091800886FB332730F996
:10D850003093E903309179083093CE0487FB332766
:10D8600030F93093CD0485FB882780F98093EA0353
:10D870008FEF8C872A879B8784E00E94D01FBE0190
:10D88000665F7F4F0E944E1F80917A08823009F4B4
:10D890008FC0833009F490C0109245026AE27DE0A7
:10D8A000CE0101960E940A4CCE0101960E94024CC4
:10D8B00080917B08809351028091810881FB992798
:10D8C00090F99093320220917C082093130290915A
:10D8D0007D089093120230917E0830930E0282FBF5
:10D8E000882780F98093EF038FEF8F872D879E879E
:10D8F00080E00E94D01FBE01635F7F4F0E944E1FD9
:10D9000080918108829581708093E8036EE07DE0CC
:10D91000CE0101960E940A4CCE0101960E94024C53
:10D920008091E8030E94AA0E8091810883FB8827DA
:10D9300080F90E94121D80916C080E94061380934A
:10D940008B0D0E940B620E9418620E94F9610E9476
:10D95000790C0E9477398EEF90E00E94C414EE2477
:10D96000E39410E000E020E04091890D60E08EEF4C
:10D9700090E00E941B156CEE7CE0CE0101960E94A7
:10D980000A4CCE0101960E94024C2F960FB6F894D5
:10D99000DEBF0FBECDBFDF91CF911F910F91EF90F2
:10D9A000089581E090E090931C0280931B0231CF98
:10D9B00081E08093450272CF82E0FBCF8330B9F1E2
:10D9C00098F4823009F442C080912E0290912F0287
:10D9D000885E9340803D27E0920708F446C090930C
:10D9E0002F0280932E0212C0843091F0853061F7AF
:10D9F0008091260290912702885E9340803D27E027
:10DA0000920798F190932702809326020C947E4B04
:10DA10008091280290912902885E9340803D27E002
:10DA2000920718F19093290280932802EFCF8091FA
:10DA30002A0290912B02885E9340803D27E0920756
:10DA4000A0F090932B0280932A02E0CF80912C02C9
:10DA500090912D02885E9340803D27E0920728F048
:10DA600090932D0280932C02D1CF08958330B9F189
:10DA700098F4823009F442C080912E0290912F02D6
:10DA800088519C4F81362AEE920708F046C0909349
:10DA90002F0280932E0212C0843091F0853061F7FE
:10DAA000809126029091270288519C4F81362AEE60
:10DAB000920798F590932702809326020C947E4B50
:10DAC000809128029091290288519C4F81362AEE3C
:10DAD000920718F59093290280932802EFCF809146
:10DAE0002A0290912B0288519C4F81362AEE920790
:10DAF000A0F490932B0280932A02E0CF80912C0215
:10DB000090912D0288519C4F81362AEE920728F47D
:10DB100090932D0280932C02D1CF0895EF920F9312
:10DB20001F9380913104882309F4FEC01092D30E14
:10DB30001092D40E40E050E0BA0184EE9FE00E94C3
:10DB40009856109231041092C6040E9404158091D8
:10DB50004004909141040197D1F58091721883306F
:10DB6000E9F1853009F482C0823009F05CC08BE7AE
:10DB700091E00E94C414EE24E39410E000E020E061
:10DB80004091890D60E08BE791E00E941B15809128
:10DB90002F048823E1F08091970E81110EC08CE74D
:10DBA00091E00E94C41408ED1EE021E04091890D2F
:10DBB00061E08CE791E00E941B1540911E0250919C
:10DBC0001F0270E060E08FE89EE00E94985685E2B8
:10DBD00090E01F910F91EF900C94C35C85E290E070
:10DBE0000E94C414EE24E39410E000E020E0409191
:10DBF000890D60E085E290E00E941B1580912F0462
:10DC0000882329F38091970E8111D7CF86E290E087
:10DC10000E94C41408ED1EE021E04091890D61E0EE
:10DC200086E290E0C8CFEE24E39410E000E020E02C
:10DC30004091890D60E08CE691E00E941B15809177
:10DC40002F04882321F28091970E8111C0CF80E1AB
:10DC500090E00E94C41404EF11E021E04091890D8E
:10DC600061E080E190E00E941B15B1CF85E991E071
:10DC70000E94C414EE24E39410E000E020E0409100
:10DC8000890D60E082E691E00E941B158091731877
:10DC9000823009F041C04091890D485204EF11E0F3
:10DCA00021E061E085E991E00E941B1510923C049F
:10DCB000109235040E94710C80917318823041F0EB
:10DCC0000E94DA2C0E9451301092161810921718E8
:10DCD00040E050E0BA0184E298E10E94985640E0AA
:10DCE00050E0BA0188E198E10E94985640E050E087
:10DCF000BA018EE090E10E94985680917B188530A1
:10DD000009F065CF80912002882309F460CF8FEF5E
:10DD100090E00E940C845BCFEE24E39400ED17E0CA
:10DD200021E04091890DBDCF1F910F91EF90089593
:10DD300081E0809307028093060280930502089594
:10DD4000EF920F931F93CF93C82F809134048823B1
:10DD500009F44DC0CC2309F442C08091731882307D
:10DD600009F42DC18330D9F1813009F432C1809199
:10DD70007218833009F4C4C0853009F41CC18230A4
:10DD800009F0E5C080917618853009F48CC087EBE6
:10DD90009EE00E94F255E12C10E000E068387341EB
:10DDA0008105910508F4CCC087EB9EE00E94F255F6
:10DDB000E12C10E000E0603177428105910538F4F4
:10DDC00020E04091890D60E08AE090E006C020E00C
:10DDD0004091890D60E080E891E00E941B158091E0
:10DDE0007318833021F486E491E00E94B7140E94F6
:10DDF000381B1092B50E1092B60E10923404109289
:10DE0000F2031092FB0385E190E00E94C35C109244
:10DE1000F10E1092F20E1092FB0E1092FC0E80E0AA
:10DE20000E94FF2C80E00E94160A1092330480E0CA
:10DE30000E94850980E00E9439091092BF0E10925D
:10DE4000C00E10921E0F10921F0F1092140F1092FE
:10DE5000150F10928D0E10928E0E0E94D014CC23AE
:10DE6000E9F080912F04811119C00E945F0C882372
:10DE7000A9F080912D04882309F4B5C08AEB91E0C4
:10DE80000E94C414EE24E39410E000E020E04091EE
:10DE9000890D61E08AEB91E00E941B15CF911F91E3
:10DEA0000F91EF90089587EB9EE00E94F25568383D
:10DEB00073418105910550F4E12C10E000E020E071
:10DEC0004091890D60E088E891E087CF87EB9EE084
:10DED0000E94F255E12C10E000E0603177428105AC
:10DEE000910538F420E04091890D60E08BE891E0E5
:10DEF00074CF20E04091890D60E08AE891E06DCF19
:10DF000087EB9EE00E94F2556838734181059105C8
:10DF100050F4E12C10E000E020E04091890D60E039
:10DF20008BE090E05ACF87EB9EE00E94F255E12C07
:10DF300010E000E0603177428105910508F040CFA4
:10DF400020E04091890D60E087E490E046CF87EBC8
:10DF50009EE00E94F255683873418105910588F46E
:10DF600080912F04E12C10E000E020E04091890D29
:10DF700060E0882319F08FEB91E02FCF83E891E0E8
:10DF80002CCF87EB9EE00E94F255E12C10E000E0E0
:10DF9000603177428105910538F420E04091890D88
:10DFA00060E082E891E019CF20E04091890D60E0C7
:10DFB00081E891E012CFE12C10E000E0EECFE12CFF
:10DFC00010E000E020E04091890D60E085E390E002
:10DFD00004CFE12C10E000E020E04091890D60E0EA
:10DFE0008BE390E0FACE89EB91E00E94C414EE241A
:10DFF000E39410E000E020E04091890D61E089EBBE
:10E0000091E04ACFEF920F931F93CF93DF9320912C
:10E0100031042111A5C020914004309141042130E8
:10E02000310509F09DC0EC01AC0170E060E08BECC3
:10E030009EE00E9498560E945F0C882321F0109267
:10E04000EC0F1092ED0F80913404882319F080E0DA
:10E050000E94A06E80917318823009F4AEC08330A4
:10E0600049F1813009F4ACC080917218833009F411
:10E0700088C0853009F49BC0823009F08DC0809142
:10E080007618853009F472C08AE090E00E94C414CA
:10E0900087E490E00E94C41480E891E00E94C414D8
:10E0A000809172188250823008F084C089E490E038
:10E0B0000E94C41481E0809331040E940415BE01C3
:10E0C00084E290E00E94755A80917218853009F0C0
:10E0D00047C0EE24E39410E000E020E04091890D79
:10E0E00060E08FE891E00E941B1504EC19E021E04C
:10E0F0004091890D61E087E390E00E941B150E942A
:10E100005F0C8823C1F010E000E020E04091890D11
:10E1100060E08DEB91E00E941B1589EB91E00E947D
:10E12000C4148EE491E00E94C4148AEB91E00E9432
:10E13000C4141092C70481E090E00E94C41485E9E1
:10E1400091E00E94C41480917B18853011F40E94E4
:10E15000360A81E080933C04809336048093350432
:10E16000DF91CF911F910F91EF90089588E891E092
:10E170000E94C4148BE891E00E94C4148AE891E0E4
:10E180008DCF8BE090E00E94C41487E490E00E9461
:10E19000C4148AE090E082CF81E891E00E94C41428
:10E1A00082E891E00E94C41483E891E077CF82E88E
:10E1B00091E074CF8FE690E07BCF85E390E078CF5D
:10E1C0008BE390E075CFEF920F931F93CF93DF9384
:10E1D000CDB7DEB7AC970FB6F894DEBF0FBECDBF9C
:10E1E0008B018B33910509F47EC508F0E6C08832B7
:10E1F000910509F444C408F06DC08D30910509F40F
:10E20000FBC3B0F58330910509F407C278F4019798
:10E2100009F4A1C3AC960FB6F894DEBF0FBECDBF14
:10E22000DF91CF911F910F91EF9008958730910565
:10E2300009F4ADC30C9771F782E080937118809157
:10E240007018813061F48091400490914104892BD1
:10E2500031F482E090E090933E0480933D0480E8A6
:10E2600090E00E94805980E890E00E94C35CD2CF89
:10E270008032910509F4E4C3E0F48E31910509F48C
:10E28000D0C34F9739F6809132048111C3CF80916A
:10E290003B048111BFCF80913A048111BBCF8091A3
:10E2A000420490914304039709F0C0C38FE190E0CA
:10E2B000BAC38432910509F4FFC3859709F0AACF48
:10E2C0008091420490914304039709F018C485E2B9
:10E2D00090E0A9C38D32910509F4B2C580F48A3269
:10E2E000910509F417C508F4DAC38B32910509F4D6
:10E2F00019C58C9709F08ECF0E9452148BCF8333AF
:10E30000910509F4A0C528F58F32910509F436C7A7
:10E31000C19709F07FCF81E06230710509F080E09C
:10E320000E94D80E8091F90362E070E0811102C072
:10E3300061E070E081E390E00E94755A8091F903FA
:10E3400062E070E0811102C061E070E080E390E083
:10E35000C7C48933910509F4A6C4CA9709F05ACFF6
:10E36000653608F004E6802F65E00E94B4C8992362
:10E3700059F0802F90E0029665E070E00E94D4C8CA
:10E38000062F000F000F060F00930802802F0E9437
:10E390000613809348029091E50398170CF0A6C4E9
:10E3A0009093480284E6809308028091480280930B
:10E3B0008A0D80E00E94BA1C2DCF8335910509F4A7
:10E3C0005EC508F05AC08234910509F498C4C0F4BF
:10E3D0008F33910509F49BC430F4CD9709F01ACF1F
:10E3E0000E94471D17CF8034910509F48DC48134F4
:10E3F000910509F00FCF0E948C1C81E490E013C3BB
:10E400008834910509F4ECC668F48634910509F462
:10E41000D4C68734910509F0FDCE87E490E00E94D0
:10E420008059CFC68934910509F4EDC6823591052E
:10E4300009F0F0CE82E08093721880937A0E81E02A
:10E440008093ED0382E590E00E94805982E590E0A0
:10E450000E94C35CEE24E39410E000E020E04091D1
:10E46000890D60E08DE490E00E941B150E94790CFC
:10E470000E94773963E07CE065C28A3B910509F42C
:10E480006DC608F070C08536910509F4ACC358F527
:10E490008435910509F416C58535910509F0BACE84
:10E4A00085E08093721880937A0E81E08093ED036B
:10E4B00085E590E00E94805985E590E00E94C35C6C
:10E4C000EE24E39410E000E020E04091890D60E04C
:10E4D00083E091E00E941B150E94790C0E9477391D
:10E4E0006FE97BE02FC28C3A910509F40BC38D3A9A
:10E4F000910509F08FCE8091200291E08927611566
:10E50000710529F081E06230710509F080E08093A7
:10E51000200280E590E00E94C41481E590E00E9412
:10E52000C41480912002EE24E39410E000E020E087
:10E530004091890D60E0882309F44EC380E590E0A6
:10E540000E941B1561E070E086E191E00E94135982
:10E550008091200262E070E0811102C061E070E011
:10E560008DEA90E099C2833F910509F451C690F479
:10E570008B3B910509F4F5C58C3B910509F04ACE1A
:10E580008091420490914304039709F0F4C58FEB06
:10E5900090E049C28E3021E0920709F457C68031DD
:10E5A000914009F037CE862F0E945383882309F4C7
:10E5B00031CE6091731870E080E191E00E94755A4D
:10E5C0006091731870E080E191E00E94135980918E
:10E5D0007318833041F48091A6059091A7058D367C
:10E5E000910508F492C480917418833009F491C4A1
:10E5F00080917318803409F096C4EE24E39410E0FF
:10E6000000E020E04091890D60E088E290E00E9407
:10E610001B1581E08093F003FDCD6091C9087091D6
:10E62000CA086017710709F448C0CE0187960E9496
:10E63000CF826BEA7CE0CE0181960E940A4CB80141
:10E64000CE014B960E94CF8260E87CE0CE0101961D
:10E650000E940A4CBE016F5F7F4FCE0145960E941B
:10E66000384CBE01655E7F4FCE0145960E94AE4B91
:10E67000BE016F5D7F4F0E94AE4BBE01695D7F4F53
:10E680000E94AE4BCE0145960E94024CCE010196EF
:10E690000E94024CCE014B960E94024CCE01819604
:10E6A0000E94024CCE0187960E94024C81E090E0CD
:10E6B0009093020480930104ADCD80910104909168
:10E6C0000204029709F4A6CD82E090E09093020440
:10E6D000809301041092C90E1092CA0E62E070E09D
:10E6E000CE0101960E940F8369E77BE0CE014B9635
:10E6F0000E940A4CBE01655E7F4FCE0145960E9486
:10E70000384CBE016F5F7F4FCE0145960E94AE4BE5
:10E71000CE0145960E94024CCE014B960E94024CBF
:10E72000CE0101960E94024C6091C9087091CA08FE
:10E7300083E090E00E94755A8091701880932A08B7
:10E740008091721880932B088091751880932C0803
:10E750008091731880932D0891E080917118823018
:10E7600009F090E080913F0890FB80F980933F088A
:10E770008091761880932E0891E080917A188230EB
:10E7800009F090E08091400890FB80F98093400868
:10E79000809141088B7F8093410820914204309101
:10E7A000430491E02330310509F090E080913F0867
:10E7B00090FB86F980933F0891E02130310509F004
:10E7C00090E080913F0890FB87F980933F0880910B
:10E7D00040089091340490FB81F98093400881E0D7
:10E7E0002091400430914104232B09F480E01091E2
:10E7F0003F0880FB12F98091370280FB13F980916A
:10E80000200280FB14F920E030E048EC52E46091F3
:10E81000FD037091FE038091FF03909100040E941C
:10E820006DC70E94FBC970E070933E0860933D087D
:10E8300080911502809330088091140280933108F2
:10E840008091410280FB11F98091180280FB15F93B
:10E8500010933F088091070280932F088091400811
:10E8600090913B0490FB82F92091A6053091A70579
:10E8700030933A08209339082091E6033091E7035A
:10E8800030933C0820933B08909141082091CB04A1
:10E8900020FB90F92091CA0420FB91F99093410844
:10E8A0009091FA0390FB84F99091F80390FB85F91D
:10E8B0009091F90390FB86F99091EB0390FB87F917
:10E8C000809340088091F6039091F7039093360867
:10E8D000809335088091F4039091F5039093380864
:10E8E0008093370891E0809148028A3B09F090E0DC
:10E8F0008091400890FB83F9809340088091080242
:10E9000080933208809147028093330880914602B9
:10E910008093340884E090E00E94C35C80913A04C4
:10E92000882351F00E94D109811106C070E060E097
:10E9300088E290E00E94755A87E090E00E94C35CF4
:10E9400065E67BE0CE0101960E940A4CCE0101965D
:10E950000E94024C5FCC6091C9087091CA0883E0A4
:10E9600090E06017710709F4A3CECE0187960E944C
:10E97000CF8262E77CE0CE0181960E940A4CB8010A
:10E98000CE014B960E94CF8267E47CE05FCE83E0AD
:10E9900090E0909302048093010463E070E0CE0164
:10E9A0004B960E940F836FE17CE0CE0101960E949E
:10E9B0000A4CBE016F5F7F4FCE0145960E94384CD6
:10E9C000BE01655E7F4FCE0145960E94AE4BCE01E3
:10E9D00045960E94024CCE0101960E94024CCE0147
:10E9E0004B960E94024C40E45FE160E070E081ECF5
:10E9F0009EE00E9498560ECC81E080937118809121
:10EA00004004909141048130910521F490933E049B
:10EA100080933D0481E890E00E94805981E890E075
:10EA200024CC8EE190E00E948059F4CB8091400488
:10EA300090914104019709F0EDCB0E943718EACB81
:10EA4000809132048111E6CB80913B048111E2CBAD
:10EA500080913A048111DECB80914204909143046D
:10EA6000039719F480E290E0DECF8091400490910A
:10EA70004104019709F0CECB0E94F017CBCB8091D7
:10EA800044028111C7CB81E08093C8040E94D10960
:10EA9000682F70E088E290E00E94755ABBCB8091AD
:10EAA00044028111B7CB1092C8040E94D109682F8B
:10EAB00070E089E290E0F0CF8091420490914304AD
:10EAC0000397C1F484E290E00E948059809172180B
:10EAD000853009F49FCB0E940415EE24E39404ECE6
:10EAE00019E021E04091890D61E08BE691E00E9400
:10EAF0001B1590CB80E797E10E940270E7CF0E9440
:10EB00008E6D88CB8091370291E089276115710560
:10EB100029F081E06230710509F080E080933702CE
:10EB200085E590E00E94C41484E590E00E94C4143E
:10EB300080913702882379F18DE390E00E94C4141C
:10EB4000EE24E39410E000E020E04091890D60E0C5
:10EB50008DE390E00E941B15809140049091410448
:10EB6000019771F020E04091890D60E084E590E02C
:10EB70000E941B1561E070E08DE091E00E94135946
:10EB80008091370262E070E0811102C061E070E0C4
:10EB90008CEA90E081CF8CE290E00E94C414EE24D5
:10EBA000E39410E000E020E04091890D60E08CE209
:10EBB00090E00E941B1580914004909141040197C0
:10EBC000F9F220E04091890D60E085E590E00E9437
:10EBD0001B1570E060E0D0CF81E590E00E941B152E
:10EBE00063E070E0B1CC8091180291E08927611553
:10EBF000710529F081E06230710509F080E08093B1
:10EC000018028FE390E00E94C41480E490E00E9418
:10EC1000C41486E590E00E94C41487E590E00E9449
:10EC2000C41480911802EE24E39410E000E020E088
:10EC30004091890D60E0882309F18FE390E00E9404
:10EC40001B158091400490914104019761F020E0F0
:10EC50004091890D60E086E590E00E941B1582E6F8
:10EC600090E00E9480598091180262E070E081116A
:10EC700002C061E070E085E690E00ECF80E490E0B5
:10EC80000E941B158091400490914104019759F313
:10EC900020E04091890D60E087E590E00E941B151F
:10ECA00083E690E0DECF81E06230710509F080E01C
:10ECB0000E942E1D8091480262E070E08A3B11F0B4
:10ECC00061E070E089E390E00E94755A809148020B
:10ECD00062E070E08A3B11F061E070E082E890E071
:10ECE0000E94135997CA0E94611D94CA843C0CF07B
:10ECF0005CCB84EC809348021092080256CB0E94B1
:10ED00005F1C82E490E08FCE0E94041C83CA0E94A4
:10ED1000311C80CA8091FA03882309F446C20E94FC
:10ED20003D1378CA8091FA03882309F43EC280918A
:10ED3000F803811150C01092940D1092950D2091FE
:10ED4000A8053091A905C9010197039798F580910D
:10ED5000F6039091F70323303105C1F12091A60508
:10ED60003091A7052A36310588F5209146022436D0
:10ED700020F470E060E00E9412808091F603909190
:10ED8000F7030E94F8C50E942281809146028436D2
:10ED900088F46FE070E080E090E00E9481876091ED
:10EDA000880D062E000C770B8091F6039091F703E7
:10EDB0000E94128081E08093F80364E070E088E3B1
:10EDC00090E00E94135986E390E04FCA0E94F8C574
:10EDD0000E942281EFCF40E45FE160E070E08CE8C8
:10EDE0009DE00E9498568091A8059091A9050197F1
:10EDF0000397D8F481E08093400E8091F6039091C0
:10EE0000F703FE01359620E1DF011D922A95E9F70F
:10EE100028E029839B838A8383E08C838D83CE01C2
:10EE200001960E94AE790E9422811092F80363E05D
:10EE300070E088E390E00E94135987E390E015CAE0
:10EE40000E94E413E7C981E06230710509F080E0B7
:10EE50008093EB030230110511F001E010E0B801DE
:10EE600083E390E00E94755A8091EB0362E070E0CA
:10EE7000811102C061E070E082E390E031CF83E075
:10EE80008093721880937A0E81E08093ED0383E57E
:10EE900090E00E94805983E590E00E94C35CEE24DC
:10EEA000E39410E000E020E04091890D60E08EE402
:10EEB00090E00E941B150E94790C0E94773967EE42
:10EEC0007BE040CD84E08093721880937A0E81E0DD
:10EED0008093ED0384E590E00E94805984E590E002
:10EEE0000E94C35CEE24E39410E000E020E0409137
:10EEF000890D60E08EE590E00E941B150E94790C60
:10EF00000E94773965EC7BE01DCD81E00E947C0E8C
:10EF10006FCB8091A6059091A7058D36910508F0DD
:10EF200067CB80E0F3CF8091F003882371F0EE246B
:10EF3000E39410E000E020E04091890D60E088E279
:10EF400090E00E941B151092F003809174180E94AB
:10EF5000E309882321F00E946B300E94AA0C82E30F
:10EF600090E00E94C41487E390E00E94C41487E4F8
:10EF700091E00E94C4148091400490914104019753
:10EF800009F09EC080912F04882329F18091721886
:10EF9000833009F43CC0853009F46AC0823009F03E
:10EFA00045C08CE791E00E94C414EE24E39410E085
:10EFB00000E020E04091890D61E08CE791E00E9443
:10EFC0001B1540911E0250911F0270E060E08FE817
:10EFD0009EE00E949856E0917318E83008F06EC0E9
:10EFE000F0E0EE24E39410E000E020E04091890D91
:10EFF00060E08827E150F8488F4F0C94E8C85A78B1
:10F0000081788E789B785A78A878AB785A7886E29F
:10F0100090E00E94C414EE24E39410E000E020E0AD
:10F020004091890D61E086E290E0C9CF80E190E0F7
:10F030000E94C41480917318823091F44091890D1C
:10F040004852EE24E39410E000E020E061E080E12B
:10F0500090E00E941B158BED90E00E948059B1CF8B
:10F06000EE24E39410E000E020E04091890DEECF23
:10F0700085E991E00E94C41480917318823091F464
:10F080004091890D4852EE24E39410E000E020E026
:10F0900061E085E991E00E941B150E945F0C8111DF
:10F0A00090CFD9CFEE24E39410E000E020E040912F
:10F0B000890DEECF86E090E00E941B150E94E90EBC
:10F0C00080911D02882351F080917318823021F4C1
:10F0D0000E946B300E94AA0C0E94C9258091EF0308
:10F0E000882361F08091400490914104019731F4AC
:10F0F00081E08093EE0380E00E9429260E9476261C
:10F1000089C885E490E00E941B1500ED17E021E01E
:10F110004091890D61E087E390E0CECF80E390E0FD
:10F120000E941B150CEB12E021E04091890D61E07B
:10F1300082E390E0C1CF86E490E00E941B1502EECE
:10F1400014E021E04091890D61E087E491E0B4CFC3
:10F1500087E991E0B1CF88E991E0AECF8DEB90E007
:10F1600084C88091420490914304039709F052C8E7
:10F170008EEB90E058CC8FEB90E077C88091F40351
:10F180009091F503181619060CF044C8643FB1E0DD
:10F190007B0708F43FC88091FA03882349F00E9456
:10F1A0003D131093F7030093F6030E94691332C8CE
:10F1B0007093F7036093F6032DC80E94B20D0E946E
:10F1C000DA118CE890E00E94C414EE24E39410E07D
:10F1D00000E020E04091890D60E08CE890E087CC71
:10F1E0000E945D0E0E94930D8BE890E00E94C41473
:10F1F000EE24E39410E000E020E04091890D60E00F
:10F200008BE890E074CC89E490E00E948059ECCFC8
:10F2100080911A0291E089276115710529F081E03A
:10F220006130710509F080E080931A0280911A0222
:10F23000882341F084EF91E0909331028093300273
:10F240000C940A710E94AA0C0C940A716115710544
:10F2500011F40C940A716130710521F40E94102997
:10F260000C940A710E9468290C940A71FC01E60F43
:10F27000F11D2181628170E090E080E0CB01772771
:10F280006627722B2081622B2381922B0895815057
:10F29000823108F05AC0E82FF0E08827ED5AF6488E
:10F2A0008F4F0C94E8C87379777965796B796F79AA
:10F2B000A5797A79807984798A798E799279987921
:10F2C0009C79A579A079A679AA79809180008F7719
:10F2D000809380000895809180008F7DF9CF809188
:10F2E0008000877FF5CF84B58F7784BD089584B57E
:10F2F0008F7DFBCF8091B0008F778093B000089511
:10F300008091B0008F7DF9CF809190008F778093AE
:10F3100090000895809190008F7DF9CF80919000AA
:10F32000877FF5CF8091A0008F778093A00008950C
:10F330008091A0008F7DF9CF8091A000877FF5CFCD
:10F34000809120018F778093200108958091200182
:10F350008F7DF9CF80912001877FF5CFCF92DF920B
:10F36000EF92FF920F931F93CF93DF93CDB7DEB74A
:10F37000DC010DB71EB73C91432F50E07A0181E0CC
:10F38000E81AF108EDB7FEB7E41BF50B0FB6F894D9
:10F39000FEBF0FBEEDBF6DB77EB76F5F7F4F20E042
:10F3A0008AEAD82E90EFC92E822F90E08E159F0505
:10F3B0000CF01BC1233030F4FB01213021F122304D
:10F3C00021F1C08213969C911397992309F49AC056
:10F3D000233008F438C0EDEFE20FEC3008F033C012
:10F3E000F0E08827E950F6488F4F0C94E8C8997AE6
:10F3F000077A0D7A137A197A297A3D7A487A537AFC
:10F400005E7A6A7A767AD182DDCF3283DBCF149648
:10F410008C911497FB01848316C011968C911197DF
:10F42000FB01858310C012968C911297FB01868395
:10F430000AC051968C915197882339F052968C913D
:10F440005297FB0187832F5FAFCF16968C9116974B
:10F45000F8CF1A968C911A97882331F01B968C91CD
:10F460001B97FB018087EFCF51968C915197882392
:10F4700051F353968C915397F4CF1A968C911A9717
:10F48000882309F31C968C911C97FB018187DBCFA5
:10F490001A968C911A978823B1F21D968C911D971C
:10F4A000FB018287D0CF1E968C911E97882359F23C
:10F4B0001F968C911F97FB018387C5CF1E968C9159
:10F4C0001E97882309F4BFCF50968C915097FB016B
:10F4D0008487B9CF17968C911797882309F4B3CFF7
:10F4E00018968C911897FB018587ADCF17968C9154
:10F4F0001797882309F4A7CF19968C911997FB01C8
:10F500008687A1CFEDEFE20FE83008F09CCFF0E066
:10F5100014969C9114978827EF56F5488F4F0C94BA
:10F52000E8C8997A9C7ABC7ACE7AD77AE07AE77A78
:10F53000EE7AFB01938387CF95509C3008F083CF00
:10F54000E92FF0E08827E855F5488F4F0C94E8C87C
:10F55000B47A237A237AB47AB87AB47A237AB47AEA
:10F56000237AB87AB87AB47A11968C91119752CFDF
:10F5700016968C9116974ECF9A3031F048F495300C
:10F5800019F0983009F05FCF12968C91129748CFFE
:10F590009C30D1F3903109F056CFF6CF983019F066
:10F5A0009A3009F050CF1B968C911B973FCF983023
:10F5B00019F09A3009F047CF1C968C911C9741CFD7
:10F5C0009A3009F040CF18968C9118974ACF9A300C
:10F5D00009F039CF19968C91199757CF9A3009F0C5
:10F5E00032CF17968C9117975BCF860F971F25E523
:10F5F000DC012C938091B00D9091B10DDC01ED9167
:10F60000FC910280F381E02D19950FB6F8941EBF8E
:10F610000FBE0DBFDF91CF911F910F91FF90EF9023
:10F62000DF90CF900895CF93DF93CDB7DEB7649787
:10F630000FB6F894DEBF0FBECDBFFE01359620E1B8
:10F64000DF011D922A95E9F729E029839B838A83AC
:10F650008DE08C8386E0611185E08D836F83CE0120
:10F6600001960E94AE7964960FB6F894DEBF0FBE85
:10F67000CDBFDF91CF910895CF93DF93CDB7DEB7A4
:10F6800064970FB6F894DEBF0FBECDBFFE01339670
:10F6900032E1DF011D923A95E9F73CE039839B8323
:10F6A0008A838AE08D837D876C875A87498728877C
:10F6B000CE0101960E94AE7964960FB6F894DEBF33
:10F6C0000FBECDBFDF91CF910895CF93DF93EC01B3
:10F6D0009A01AB01E889F98982E08083211581EEE6
:10F6E00038074105510581F160E079E08DE390E054
:10F6F0000E9473C821503109410951095695479517
:10F7000037952795EC85FD851082EE85FF85208352
:10F71000188EEC89FD8986E08083EA89FB898081E7
:10F7200080618083EA89FB89808188608083EA899F
:10F73000FB89808180688083EA89FB8980818F7D55
:10F740008083DF91CF910895E889F989108220E1C3
:10F75000D9CF982F262F883108F04AC0E82FF0E043
:10F760008827EA54F4488F4F0C94E8C81B7CF87B38
:10F77000247C267C1E7CCE7B217CD17BD37BD57BDD
:10F78000D77BD97BDB7BDF7BE17BE37BE57BE87BA6
:10F79000EB7BED7BEF7BF17BF47BF67B60E07FEF37
:10F7A0000CC065E0FCCF6AE0FACF6FE0F8CF64E10F
:10F7B000F6CF60E2F4CF70E86BE2822F089560E448
:10F7C000EECF60E5ECCF60E6EACF7FEF60E6F5CF05
:10F7D00078E760E7F2CF60E8E2CF61E9E0CF60EA86
:10F7E000DECF78EC6AEAE9CF64EBD9CF60ECD7CF13
:10F7F000915064E6953198F6E92FF0E08827EC5FA8
:10F80000F3488F4F0C94E8C8197CCF7BCF7B197CD1
:10F81000CF7B197CCF7BCF7BCF7BCF7BCF7B197C02
:10F82000CF7BCF7BCF7B197C197CCF7BCF7BCF7BF2
:10F83000197C70E0C2CF60E020E0B1CF70E864EFE7
:10F84000BCCF70EC60E0B9CF64E2A9CF64EFA7CF82
:10F85000CF93DF93282F862F90915B18291728F0DC
:10F86000642FDF91CF910C94A97B6E3F79F4E091E6
:10F870006618F091671883E0289FE00DF11D1124B0
:10F88000608171818281DF91CF910895AFEAB2E00A
:10F8900069E073E0FD01843618F39081891741F027
:10F8A00039966E177F07C9F78C918D36F1F4FD01FB
:10F8B00031968081918160915C1870915D180E94F1
:10F8C000C0C8611101C061E08281823009F409C1C0
:10F8D00098F4882309F456C0813009F496C0642F47
:10F8E00081E00E94A97B482F8BC01996EA17FB077D
:10F8F000D9F6E0EBF2E0DDCF833009F461C184306A
:10F9000071F730E0A0916018B0916118A20FB31F99
:10F910009C9183815481951710F0891708F48C937A
:10F92000A0915E18B0915F18A20FB31F5C91852F54
:10F930000E94B4C8911170C1A0916018B091611873
:10F94000A20FB31F8C9181508C93A0916018B0913D
:10F950006118A20FB31F9C918481981710F48381C2
:10F960008C93E0915E18F0915F18E20FF31F81E035
:10F9700080838091601890916118280F391FF901D8
:10F9800060813DC030E0A0916018B0916118A20F75
:10F99000B31F9C918381981719F0548195138C9310
:10F9A000A0915E18B0915F18A20FB31F5C91852FD4
:10F9B0000E94B4C8911126C0A0916018B09161183E
:10F9C000A20FB31F83819C91981301C084818C93F3
:10F9D000A0915E18B0915F18A20FB31F81E08C93C5
:10F9E0008091601890916118280F391FD9016C918E
:10F9F0008781882321F08481861301C046957FEF9B
:10FA0000842F41CF5F5F5C93EBCF30E0A091621811
:10FA1000B0916318A20FB31F8C91811115C083811F
:10FA20008C939481838145E050E0891710F04BEF6F
:10FA30005FEFA0916418B0916518C901880F991FF4
:10FA4000A80FB91F4D935C93A0915E18B0915F18F9
:10FA5000A20FB31F4C91842F0E94B4C891113EC0D5
:10FA6000C0916218D0916318C20FD31FA09164187F
:10FA7000B0916518C901880F991FA80FB91F888117
:10FA80004D915C911197840F952F911D448150E009
:10FA90004817590734F48BEF9FEF11969C938E9380
:10FAA000CA01438150E0841795072CF485E090E06B
:10FAB0008D939C93CA018883A0915E18B0915F18C2
:10FAC000A20FB31F81E08C936581809162189091A1
:10FAD0006318280F391FF901408191CF4F5F4C9374
:10FAE000F3CF30E0A0916018B0916118A20FB31F5E
:10FAF0009C918381981718F05481591770F48C9356
:10FB0000A0916418B0916518C901880F991FA80FBA
:10FB1000B91F81E090E08D939C93A0915E18B09105
:10FB20005F18A20FB31F5C91852F0E94B4C891117A
:10FB300044C0A0916018B0916118A20FB31FC90111
:10FB4000880F991FC0916418D0916518C80FD91FEC
:10FB50005C916881560F5C93A0916018B091611818
:10FB6000A20FB31F5C9164815617D8F0E09164181E
:10FB7000F0916518E80FF91F8FEF9FEF9183808355
:10FB8000E0915E18F0915F18E20FF31F81E080832F
:10FB90008091601890916118280F391FD9016C91DC
:10FBA0002ECF6381651760F3E0916418F0916518BA
:10FBB000E80FF91F81E090E0E1CF5F5F5C93E8CF51
:10FBC00030E0A0915E18B0915F18A20FB31F5C9156
:10FBD000852F0E94B4C891111CC0A0916018B091EB
:10FBE0006118A20FB31F8C919481890F8C93A091FF
:10FBF0005E18B0915F18A20FB31F81E08C938091C3
:10FC0000601890916118280F391FD9016C91768185
:10FC1000F7CE5F5F5C93F3CF5F5F5C93AACEDF921A
:10FC2000EF92FF920F931F93CF93DF938C017B0191
:10FC30000E942B1ED72FC82F70E090E080E00E941A
:10FC40000EC72FEF3EEF4EE75FE30E946DC70E94A5
:10FC5000FBC9D62E6D2F70E090E080E00E940EC7A9
:10FC60002FEF3EEF4EE75FE30E946DC70E94FBC996
:10FC7000D62F6C2F70E090E080E00E940EC72FEF2F
:10FC80003EEF4EE75FE30E946DC70E94FBC9462F1F
:10FC90002D2D3D2FB701C801DF91CF911F910F91FD
:10FCA000FF90EF90DF900C947C1D4F925F926F92CB
:10FCB0007F928F929F92AF92BF92CF92DF92EF92FC
:10FCC000FF920F931F93CF93DF9300D01F921F9249
:10FCD000CDB7DEB72091AA052D834B015C0104C08E
:10FCE000B694A794979487942A95D2F74090AE053E
:10FCF0005090AF056090B0057090B1056B017C012C
:10FD0000C420D520E620F7208091B2059091B3055C
:10FD1000A091B405B091B50589839A83AB83BC8368
:10FD2000F0E0E0E029813A814B815C81282539258A
:10FD30004A255B2565EB77E782E99CE20E94A4C82F
:10FD4000DC01CB018B5F944BA94AB3458C019D012B
:10FD50004CE136952795179507954A95D1F70C5F95
:10FD60001F4F9C01AD0104C05695479537952795C7
:10FD70000A95D2F7282739274A275B2769ED72EFC2
:10FD80008EE890E10E94A4C88B019C0156E1369553
:10FD90002795179507955A95D1F7DC01CB01802758
:10FDA0009127A227B32784219521A621B7218C254D
:10FDB0009D25AE25BF25319675016401E430F1051E
:10FDC00021F50D8004C0880F991FAA1FBB1F0A943C
:10FDD000D2F7BC01CD01682979298A299B290F9086
:10FDE0000F900F900F900F90DF91CF911F910F9177
:10FDF000FF90EF90DF90CF90BF90AF909F908F904B
:10FE00007F906F905F904F9008954C015D018ACF75
:10FE10004F925F926F927F928F929F92AF92BF921A
:10FE2000CF92DF92EF92FF920F931F93CF93DF93C6
:10FE300000D01F921F92CDB7DEB72091AA052D8367
:10FE40004B015C0104C0B694A794979487942A95BB
:10FE5000D2F74090AE055090AF056090B00570901D
:10FE6000B1056B017C01C420D520E620F7208091EC
:10FE7000B2059091B305A091B405B091B505898301
:10FE80009A83AB83BC83F0E0E0E029813A814B8127
:10FE90005C812C253D254E255F2565EB77E782E9C2
:10FEA0009CE20E94A4C8DC01CB018B5F944BA94A61
:10FEB000B3458C019D014CE1369527951795079523
:10FEC0004A95D1F70C5F1F4F9C01AD0104C05695B8
:10FED0004795379527950A95D2F7282739274A2736
:10FEE0005B2769ED72EF8EE890E10E94A4C88B0158
:10FEF0009C0156E136952795179507955A95D1F7A8
:10FF0000DC01CB0180279127A227B32784219521EB
:10FF1000A621B721BC01CD01682579258A259B251D
:10FF2000319646015701E430F10511F50D8004C00A
:10FF3000CC0CDD1CEE1CFF1C0A94D2F76C297D2929
:10FF40008E299F290F900F900F900F900F90DF91A7
:10FF5000CF911F910F91FF90EF90DF90CF90BF90C6
:10FF6000AF909F908F907F906F905F904F9008958B
:10FF70006B017C018ACFCF93DF93CDB7DEB7649757
:10FF80000FB6F894DEBF0FBECDBFFE01359620E15F
:10FF9000DF011D922A95E9F729E029839B838A8353
:10FFA0008DE08C8381E08D836F83CE0101960E946A
:10FFB000AE7964960FB6F894DEBF0FBECDBFDF9169
:10FFC000CF910895CF93DF93CDB7DEB764970FB687
:10FFD000F894DEBF0FBECDBF4115510559F40E9404
:10FFE000BB7F64960FB6F894DEBF0FBECDBFDF9126
:10FFF000CF910895FE01359620E1DF011D922A95EB
:020000021000EC
:10000000E9F72BE029839B838A838BE18C8381E052
:100010008D836F8388875A874987CE0101960E9416
:10002000AE79DFCFCF93DF93CDB7DEB764970FB64E
:10003000F894DEBF0FBECDBFFE01339622E1DF0193
:100040001D922A95E9F729E029839B838A8388E01A
:100050008D837D876C87CE0101960E94AE79649670
:100060000FB6F894DEBF0FBECDBFDF91CF910895DC
:10007000CF93DF93CDB7DEB764970FB6F894DEBFAA
:100080000FBECDBFFE01359620E1DF011D922A95FE
:10009000E9F728E029839B838A8383E08C8384E0CB
:1000A0008D83CE0101960E94AE7964960FB6F894C6
:1000B000DEBF0FBECDBFDF91CF9108959F92AF926B
:1000C000BF92CF92DF92EF92FF920F931F93CF9345
:1000D000DF93CDB7DEB764970FB6F894DEBF0FBEDF
:1000E000CDBFE091A805F091A905329781F51016D2
:1000F0000CF400E00A3B0CF40AEB5901942E7B014E
:100100006C01002E000C110BB8010E941280B80186
:10011000C7010E94128080E1FE013596DF01982F11
:100120001D929A95E9F78983DB82CA828AE18C83E2
:1001300081E08D838F8388878B878F87FD86EC8610
:100140009E86B98AA88ACE0101960E94AE796496ED
:100150000FB6F894DEBF0FBECDBFDF91CF911F91D8
:100160000F91FF90EF90DF90CF90BF90AF909F9056
:1001700008950F931F93CF93DF93CDB7DEB76497A6
:100180000FB6F894DEBF0FBECDBF2091A805309109
:10019000A9052230310571F52091A6053091A705FA
:1001A0002D36310538F116160CF460E06A3B0CF47C
:1001B0006AEB8C01062E000C770B86E491E00E941E
:1001C0001280FE0135968EE0DF011D928A95E9F7D7
:1001D0008AE0898386E491E09B838A8383E08C8331
:1001E00088E08D8381E08A8B1C8B0B8BCE0101967E
:1001F0000E94AE7964960FB6F894DEBF0FBECDBFF5
:10020000DF91CF911F910F91089586EB95E00E94A9
:100210003242E6EBF5E0A289B3898C918F7E8C9314
:10022000A289B3898C91877F8C93A289B3898C91A1
:100230008F778C93A289B3898C918F7D8C93828DDB
:10024000818F08951F93CF93DF938091B00D90918C
:10025000B10D892B09F45BC1CFEFDFEF13E0809183
:10026000B00D9091B10DDC01ED91FC910084F18510
:10027000E02D1995892B09F44AC18091B00D909118
:10028000B10DDC01ED91FC910284F385E02D19950F
:100290009091F30D911106C0803FA1F581E080930C
:1002A000F30DDDCF913031F48A3A11F482E0F7CFCB
:1002B00080E0F5CF923099F4803F21F08A3A11F036
:1002C000853529F41092F30D1092F40DC8CF8134C6
:1002D000C8F781508093F40D1093F30DC0CF209197
:1002E000F40D921778F4E92FF0E0E155F24F808396
:1002F000803F41F38A3A31F3853521F39F5F909334
:10030000F30DADCF2091F40D9213A9CF8535D1F621
:10031000E091B20DE158E830A8F6F0E08827EC56FD
:10032000FE478F4F0C94E8C8D381E2816281AF8190
:100330009C81F2810C8211828091B30D9091B40D59
:100340009093160E8093150E81E09091B50D91114A
:1003500001C080E080933F0E1092400EB3CF809199
:10036000B50D8E3008F0AECF2091B30D3091B40DA5
:100370002F5F3F4F90E04091B60D880F991F4111BC
:100380000CC0FC01EB50F24F808191812817390796
:1003900009F098CFD183C08395CF8B50924FFC0149
:1003A000318320838FCF84E1E3EBFDE0A1E4BEE065
:1003B00001900D928A95E1F71092550E81E080939D
:1003C0003C0E80CF8091B30D8093F20D8091B40DDF
:1003D0009091B50D9093120E8093110E81E0809351
:1003E0003D0E70CF8091B30D8093F20D2091B40D2E
:1003F0003091B50D3093120E2093110E993040F0CC
:100400008091B60D9091B70D9093140E8093130EBA
:1004100081E080933E0E56CF8091B30D8093170EEE
:1004200051CF61E082EB9DE00E9436796093180E17
:100430007093190E80931A0E90931B0E65E082EB59
:100440009DE00E94367960931C0E70931D0E809380
:100450001E0E90931F0E69E082EB9DE00E9436799C
:100460006093200E7093210E8093220E9093230EA2
:100470006DE082EB9DE00E9436796093240E7093CC
:10048000250E8093260E9093270E61E182EB9DE06E
:100490000E9436796093280E7093290E80932A0E5D
:1004A00090932B0E65E182EB9DE00E94367960937C
:1004B0002C0E70932D0E80932E0E90932F0E69E1CB
:1004C00082EB9DE00E9436796093300E7093310E7E
:1004D0008093320E9093330E6DE182EB9DE00E948B
:1004E00036796093340E7093350E8093360E909368
:1004F000370E61E282EB9DE00E9436796093380E00
:100500007093390E80933A0E90933B0EDBCEDF91C1
:10051000CF911F910895CF93DF93CDB7DEB7649746
:100520000FB6F894DEBF0FBECDBFCE01019624E119
:10053000FC0111922A95E9F725E0298324E02D8317
:100540000E94AE7964960FB6F894DEBF0FBECDBFA1
:10055000DF91CF910895CF93DF93CDB7DEB7649746
:100560000FB6F894DEBF0FBECDBFFE01339622E179
:10057000DF011D922A95E9F727E029839B838A836F
:1005800085E08D83CE0101960E94AE7964960FB608
:10059000F894DEBF0FBECDBFDF91CF9108950F93CA
:1005A0001F93CF93DF93CDB7DEB761970FB6F89463
:1005B000DEBF0FBECDBF8C01CB01F80111821082CE
:1005C00013821282158214824AE0BE016F5F7F4F50
:1005D0000E94DDC6BE016F5F7F4FC8010E940E41C1
:1005E00061960FB6F894DEBF0FBECDBFDF91CF91FD
:1005F0001F910F91089582E190E00E94C41483E15D
:1006000090E00E94C41484E190E00E94C41485E14B
:1006100090E00E94C41486E190E00C94C4140F93FF
:100620001F93CF93DF93CDB7DEB762970FB6F894E1
:10063000DEBF0FBECDBF8C01CB01F801118210824D
:1006400013821282158214824AE0BE016F5F7F4FCF
:100650000E94D2C6BE016F5F7F4FC8010E940E414B
:1006600062960FB6F894DEBF0FBECDBFDF91CF917B
:100670001F910F910895809179189091781898178B
:1006800071F0811108C081E0809370181092781881
:10069000109279180895813019F48093781808958C
:1006A000833089F7FACF20917318281701F19091C0
:1006B0007018923011F481111AC090917818992312
:1006C00011F0811114C0EFEFE80FE73050F4F0E0C3
:1006D000E955FD4F9081992321F0309175189323AE
:1006E00031F0209374188093731881E0089580E0AE
:1006F0000895CF93DF93282F30E0F901EF5BFF4E91
:100700008491F901E556F04FD491F901E550F04F8D
:10071000C491CC23A1F081110E944779EC2FF0E025
:10072000EE0FFF1FEF57F04FA591B491EC91ED2321
:1007300081E090E009F480E0DF91CF91089580E0BE
:1007400090E0FACF1F93CF93DF93282F30E0F90189
:10075000EF5BFF4E8491F901E556F04FD491F9011A
:10076000E550F04FC491CC23A9F0162F81110E94BF
:100770004779EC2FF0E0EE0FFF1FEF51F04FA591FE
:10078000B4918FB7F894EC91111108C0D095DE2385
:10079000DC938FBFDF91CF911F910895DE2BF8CFAF
:1007A000CF93DF9390E0FC01E556F04F2491855004
:1007B000904FFC0184918823C9F090E0880F991F25
:1007C000FC01E959F04FA591B491FC01EF51F04FB4
:1007D000C591D49161110DC09FB7F8948C9120956B
:1007E00082238C938881282328839FBFDF91CF9118
:1007F0000895623051F49FB7F8943C91822F809510
:1008000083238C93E8812E2BEFCF8FB7F894EC9154
:100810002E2B2C938FBFEACFCF93DF93EC0161E0B7
:100820008DE20E94D083209731F460E08DE2DF9169
:10083000CF910C94A283CF3FD10511F461E0F6CFA4
:10084000EEE6F0E1E491E150E23108F0B2C0F0E010
:100850008827E25DFB478F4F0C94E8C840844784AB
:100860004C8456846084D9846A8472847A848484B3
:100870008E849884A784B184D984BB84C584CF84B2
:1008800084B5806884BDC7BDDF91CF91089584B5DC
:10089000806284BDC8BDF8CF80918000806880935D
:1008A0008000D0938900C0938800EECF80918000B3
:1008B000806280938000D0938B00C0938A00E4CF45
:1008C00080918000886080938000D0938D00C093D9
:1008D0008C00DACF8091B00080688093B000C09324
:1008E000B300D2CF8091B00080628093B000C093FB
:1008F000B400CACF80919000806880939000D0931C
:100900009900C0939800C0CF80919000806280933E
:100910009000D0939B00C0939A00B6CF8091900036
:10092000886080939000D0939D00C0939C00ACCFD2
:100930008091A00080688093A0008091A0008F7BB0
:100940008093A000D093A900C093A8009DCF809170
:10095000A00080628093A000D093AB00C093AA0057
:1009600093CF8091A00088608093A000D093AD00C9
:10097000C093AC0089CF80912001806880932001D2
:10098000D0932901C09328017FCF809120018062FC
:1009900080932001D0932B01C0932A0175CF8091C1
:1009A0002001886080932001D0932D01C0932C01F9
:1009B0006BCFC038D1050CF041CF37CF3FB7F8949B
:1009C0008091A9189091AA18A091AB18B091AC1879
:1009D00026B5A89B05C02F3F19F00196A11DB11D9A
:1009E0003FBFBA2FA92F982F8827BC01CD01620FD6
:1009F000711D811D911D42E0660F771F881F991F91
:100A00004A95D1F70895CF92DF92EF92FF920F931C
:100A10001F93CF93DF93EB019091750D21E020930D
:100A2000A5059093AD181092A4051092A305682F08
:100A300088E898E00E94E8436D2F88E898E00E94DB
:100A4000E8436C2F88E898E00E94E843D091A30522
:100A500081E0D13208F09CC0C091AD180E94DE84C4
:100A60006B017C0180917D0581116CC082E08093D7
:100A70007D0581E080937C058FEF80937B0510924C
:100A80007A05D0937905A3E8B5E0E9E5F5E080E0E3
:100A9000D81393C01092580580915805CC0FC82BDD
:100AA000C093580580915705813009F08AC0109293
:100AB00057050E94DE846B017C018091580580936C
:100AC000BB0080917F0590918005A0918105B09138
:100AD0008205892B8A2B8B2BA1F00E94DE8400914A
:100AE0007F051091800520918105309182056C1958
:100AF0007D098E099F09061717072807390708F48B
:100B000042C08091BC0083FDD8CF85EC8093BC00AF
:100B10000E94DE846B017C0180917D05823009F4A6
:100B200052C080917B058F3F09F46FC080917B0597
:100B3000803209F46CC080917B05803309F469C070
:100B400084E026C080917F0590918005A091810569
:100B5000B0918205892B8A2B8B2B09F483CF0E94BD
:100B6000DE8400917F0510918005209181053091F0
:100B700082056C197D098E099F090617170728073A
:100B8000390708F06FCF80917E050E94EF5385E012
:100B90001092A4051092A3051092A505EFE9FFE0BD
:100BA0003197F1F700C00000DF91CF911F910F91B5
:100BB000FF90EF90DF90CF9008959D9191938F5F7C
:100BC00067CF85EEA3CF80917F0590918005A0919E
:100BD0008105B0918205892B8A2B8B2B09F49CCF40
:100BE0000E94DE8400917F0510918005209181058F
:100BF000309182056C197D098E099F090617170728
:100C00002807390708F088CFBECF80E0C1CF82E047
:100C1000BFCF83E0BDCF8F929F92AF92BF92CF9212
:100C2000DF92EF92FF92CF93DF938DEC9CECACECD4
:100C3000BDE38093760D9093770DA093780DB093DC
:100C4000790DD0E0C0E0C12CDD24D39480E8E82EFB
:100C500088E3F82EC701B6010E94FBC9C530D10553
:100C600009F052C06F5F7F4F90E080E00E940CC798
:100C700020E030E543EC57E40E9489C960937A0D87
:100C800070937B0D80937C0D90937D0D80907A0DF9
:100C900090907B0DA0907C0DB0907D0D2DEC3CECE8
:100CA0004CEC5DE3C501B4010E946DC79B01AC0132
:100CB0006CEA75EC87E29DE30E9489C90E94FBC93A
:100CC0006B017093850D6093840D20E030E040EA65
:100CD00051E4C501B4010E946DC760937E0D70930D
:100CE0007F0D8093800D9093810DB60185E090E09B
:100CF000DF91CF91FF90EF90DF90CF90BF90AF90BA
:100D00009F908F900C940385219620E030E040E284
:100D100051E4C701B6010E946DC76B017C0120E060
:100D200030E0A9010E9469CA18160CF493CFC09252
:100D30007A0DD0927B0DE0927C0DF0927D0DA6CFC6
:100D4000CF92DF92EF92FF920F931F93CF93DF9397
:100D500070E060E00E940385C091750D0E94DE8402
:100D60006B017C0180917D05811165C081E08093DC
:100D70007D0580937C059FEF90937B0510927A050B
:100D8000809379058093580580915805CC0FC82B26
:100D9000C093580580915705813009F08CC010929E
:100DA00057050E94DE846B017C0180915805809379
:100DB000BB0080917F0590918005A0918105B09145
:100DC0008205892B8A2B8B2BA1F00E94DE84009157
:100DD0007F051091800520918105309182056C1965
:100DE0007D098E099F09061717072807390708F498
:100DF00043C08091BC0083FDD8CF85EC8093BC00BC
:100E00000E94DE846B017C0180917D05813009F4B4
:100E100054C080917A05823008F071C080917A05C3
:100E2000A9E5B5E0E7E3F5E090E0981751F12D91E1
:100E300021939F5FFACF80917F0590918005A091CB
:100E40008105B0918205892B8A2B8B2B09F48ACFDF
:100E50000E94DE8400917F0510918005209181051C
:100E6000309182056C197D098E099F0906171707B5
:100E70002807390708F076CF80917E050E94EF534E
:100E800080E0109236058093350588E898E00E944E
:100E9000A143D82F80E0C82F88E898E00E94A143A2
:100EA0008C2B9D2BDF91CF911F910F91FF90EF9095
:100EB000DF90CF90089585EEA1CF80917F0590912E
:100EC0008005A0918105B0918205892B8A2B8B2BFF
:100ED00009F49ACF0E94DE8400917F05109180056D
:100EE00020918105309182056C197D098E099F0939
:100EF000061717072807390708F086CFBDCF82E00D
:100F00008FCF8F929F92AF92BF92CF92DF92EF924C
:100F1000FF924B015C010E94DE846B017C010E9408
:100F2000DE846C197D098E099F09683E7340810536
:100F30009105A8F321E0821A9108A108B10888EE72
:100F4000C80E83E0D81EE11CF11C81149104A10499
:100F5000B10429F7FF90EF90DF90CF90BF90AF9052
:100F60009F908F9008952FB7F8946091A518709175
:100F7000A6188091A7189091A8182FBF08951F92C6
:100F80000F920FB60F9211242F933F938F939F933D
:100F9000AF93BF938091A5189091A618A091A71820
:100FA000B091A8183091A41823E0230F2D3758F5DD
:100FB0000196A11DB11D2093A4188093A5189093AC
:100FC000A618A093A718B093A8188091A91890917B
:100FD000AA18A091AB18B091AC180196A11DB11D33
:100FE0008093A9189093AA18A093AB18B093AC184B
:100FF000BF91AF919F918F913F912F910F900FBE15
:101000000F901F90189526E8230F0296A11DB11D81
:10101000D2CFCF93DF93CDB7DEB7E6970FB6F89474
:10102000DEBF0FBECDBF789484B5826084BD84B529
:10103000816084BD85B5826085BD85B5816085BDD3
:1010400080916E00816080936E001092810080918B
:101050008100826080938100809181008160809313
:101060008100809180008160809380008091B10038
:1010700084608093B1008091B00081608093B00063
:1010800080919100826080939100809191008160B5
:101090008093910080919000816080939000809176
:1010A000A10082608093A1008091A1008160809363
:1010B000A1008091A00081608093A0008091210117
:1010C00082608093210180912101816080932101C0
:1010D0008091200181608093200180917A0084605A
:1010E00080937A0080917A00826080937A00809168
:1010F0007A00816080937A0080917A008068809382
:101100007A001092C1000E9459628091A8059091C6
:10111000A9050197039710F40E9422818BEC98E0B7
:101120000E946A53882309F4E1C01091D90A11235F
:1011300009F4DCC08091DD0E8823A1F08091420487
:1011400090914304039711F00C9476BD4091D50E15
:101150005091D60E6091D70E7091D80E85ED9EE01D
:101160000E949856123011F40C94ADAE08F0B6C03F
:10117000113009F0BBC09091C90990934E04809141
:10118000CA0980934F048091CB09809350048091C9
:10119000CC09809351048091CD09809352048091B1
:1011A000CE098093530420914F0430915004232B97
:1011B00009F49CC0923009F099C0843009F096C0BF
:1011C0006091420470914304CE0187960E940F8380
:1011D0006BEC79E0CE0181960E940A4C60914F043D
:1011E00070915004CE014B960E94CF8266EB79E05D
:1011F000CE0101960E940A4CBE016F5F7F4FCE0167
:1012000045960E94384CBE01655E7F4FCE014596E3
:101210000E94AE4BBE016F5D7F4F0E94AE4BBE0180
:10122000695D7F4F0E94AE4BCE0145960E94024CF5
:10123000CE0101960E94024CCE014B960E94024CB8
:10124000CE0181960E94024CCE0187960E94024CEC
:1012500080914F04909150042091420430914304B6
:10126000FC0131972330310509F4B7C4E230F105B0
:1012700008F4B3C40897D1F563E379E0CE01019691
:101280000E940A4CCE0101960E94024C83E090E03D
:10129000909343048093420440E45FE160E070E097
:1012A00085ED9EE00E9498568FE090E00E94C35C1E
:1012B00080910104909102040297029730F070E04F
:1012C00060E08BEB90E00E94E370809144048823FF
:1012D00069F08EE090E00E94805908C0143011F44B
:1012E0000C94FAAE153011F40C947EBD809142043A
:1012F000909143040297029708F05EC085ED9EE04E
:101300000E946856882311F40C941CAF1092430479
:101310001092420470E060E0CE014B960E940F8371
:1013200069EF79E0CE0101960E940A4CBE016F5F21
:101330007F4FCE0145960E94384CBE01655E7F4FBF
:10134000CE0145960E94AE4BCE0145960E94024CBE
:10135000CE0101960E94024CCE014B960E94024C97
:101360001092C30480E190E00E94C35C8091340439
:10137000882329F081E00E94A06E0E94986E8091DF
:10138000310481110E948E6D0E94DC140E94FB8248
:1013900080913B0481110E94A23080913904811117
:1013A0000E94682981E0809370181092781810923A
:1013B00079188FE780937518809101049091020449
:1013C0000297029790F581EC9EE00E946856882370
:1013D00011F40C9475AF109202041092010470E0A5
:1013E00060E0CE0101960E940F836EE37AE0CE01A9
:1013F0004B960E940A4CBE01655E7F4FCE0145961A
:101400000E94384CBE016F5F7F4FCE0145960E940F
:10141000AE4BCE0145960E94024CCE014B960E94E7
:10142000024CCE0101960E94024C8CEE9AE00E9482
:101430006A538823B1F11091FA0C112391F1809134
:10144000C90E8823F9F0809101049091020402975B
:101450000297C0F44091C10E5091C20E6091C30E2C
:101460007091C40E81EC9EE00E9498568091010418
:1014700090910204029731F483E090E0909302048B
:1014800080930104133011F40C9441B110F00C94CA
:10149000CCAF113011F40C9465B0123011F40C94EF
:1014A000F4B080914504882311F40C94C1BB809161
:1014B000440481110C949DB18091C504811107C031
:1014C00081E08093C50489E090E00E94805980EA21
:1014D0009DE00E946856882309F468C080919E0DA3
:1014E000811164C08091A8059091A9050197039787
:1014F00008F05CC040ED57E060E070E080EA9DE0FD
:101500000E9498568091A8059091A905019703978C
:10151000A8F48091F6039091F703FE01339622E13F
:10152000DF011D922A95E9F727E029839B838A83AF
:1015300080E18D83CE0101960E94AE798091FA03FD
:101540008823A1F18091F903811130C08091F803C3
:1015500081112CC08CE89DE00E946856882331F1EF
:101560008091A8059091A9050197039710F00C941C
:1015700029B22091F6033091F7038091150E9091D6
:10158000160E2817390721F480913F0E811106C0ED
:101590008091400E882311F40C9429B240E45FE15D
:1015A00060E070E08CE89DE00E94985686E99DE03E
:1015B0000E946856882371F010929E0D10929F0D24
:1015C00040ED57E060E070E080EA9DE00E949856B0
:1015D0000E9469130E94FC3980916304880F880F70
:1015E00080936304659B03C0826080936304649B63
:1015F00005C08091630481608093630480916304DB
:101600008F7080936304282F30E0F901EA59FD4F71
:101610008081882389F1809161049091620464E063
:10162000880F991F6A95E1F7822B932B90936204A0
:101630008093610499278B32910511F04797E1F46B
:1016400089E99EE00E94F255672B682B692BA1F473
:1016500042E350E060E070E089E99EE00E94985625
:10166000809163048B3011F40E94611D80916304AA
:10167000873011F40E94471D80917B18853051F00E
:101680008AE29FE00E946856882311F40C944FB2BE
:101690000E94360A8BE69DE00E946856882311F46A
:1016A0000C9472B280914204909143040297029785
:1016B00010F40C946CB452E7C52E54E0D52EF6010C
:1016C00084819581A681B78181939193A193B193F0
:1016D000B4E0EE3BFB07A1F710926D0410926E048C
:1016E00010926F041092700481E090E00E94A08636
:1016F000BC01990F880B990B0E940EC720E030E5C2
:1017000043EC57E40E9489C96093410D7093420DE8
:101710008093430D9093440D84E090E00E94A08656
:10172000BC01990F880B990B0E940EC79B01AC015D
:1017300060917A0D70917B0D80917C0D90917D0D63
:101740000E946DC76093450D7093460D8093470DC1
:101750009093480D82E090E00E94A086BC018170C9
:101760008093870D61FB882780F98093860D43E085
:10177000769567954A95E1F790E080E00E940CC766
:101780002FE632E143E85BE30E946DC76093490DA9
:1017900070934A0D80934B0D90934C0D83E090E035
:1017A0000E94A086BC01990F880B990B0E940EC75E
:1017B0009B01AC0160917E0D70917F0D8091800D39
:1017C0009091810D0E946DC76093510D7093520DE1
:1017D0008093530D9093540D2091410D3091420D03
:1017E0004091430D5091440D6091490D70914A0D07
:1017F00080914B0D90914C0D0E9418C960934D0D36
:1018000070934E0D80934F0D9093500D2091450D88
:101810003091460D4091470D5091480D0E946DC783
:101820004B015C018092590D90925A0DA0925B0D74
:10183000B0925C0D2DEC3CEC4CE45FE360915D0DEF
:1018400070915E0D80915F0D9091600D0E946DC74B
:101850002B013C012DEC3CEC4CE45EE3C501B401F2
:101860000E946DC79B01AC01C301B2010E9418C95F
:1018700060935D0D70935E0D80935F0D9093600D8E
:101880006093BE047093BF048093C0049093C1041E
:101890000E94B3874B015C018091630D9091640DB0
:1018A000A091650DB091660D24013501481A590AC1
:1018B0006A0A7B0AC301B2016093670D7093680DD9
:1018C0008093690D90936A0D0E940CC72091450D7D
:1018D0003091460D4091470D5091480D0E946DC7C3
:1018E00020E03AEB4BE55AE40E9489C92091550D5E
:1018F0003091560D4091570D5091580D0E9418C9C6
:101900006093550D7093560D8093570D9093580D1D
:101910008092630D9092640DA092650DB092660D59
:101920006091840D7091850D85E090E00E940385A3
:101930006091820D7091830D90E080E00E9403859C
:101940008091C20490E0019664E170E00E94D4C8E6
:101950008093C204892BA1F420E030E048EC52E4EB
:101960006091BE047091BF048091C0049091C10445
:101970000E946DC70E94FBC985EB90E00E94755ADA
:10198000809171048823C1F085E89EE00E9468562A
:10199000882391F0809172188450823020F48AE676
:1019A00091E00E94C4141092710481E00E94A06E24
:1019B0000E94986E0E9437188091400490914104D3
:1019C000892B51F480917104882331F010927104B5
:1019D00010928D0E10928E0E85E89EE00E94685641
:1019E000882311F18091710481111EC04091890DED
:1019F000809172188250EE24E39410E000E020E021
:101A0000823010F40C9464B261E08AE691E00E94A6
:101A10001B1581E08093710444EC59E060E070E0B4
:101A200085E89EE00E9498568090BA049090BB048E
:101A3000A090BC04B090BD042091B6043091B704CE
:101A40004091B8045091B904C501B4010E9417C96E
:101A500020916D0430916E0440916F045091700498
:101A60000E9418C92B013C01A50194016091BE049C
:101A70007091BF048091C0049091C1040E9417C965
:101A80009B01AC01C301B2010E9418C920E030E003
:101A900040E05FE30E946DC72B013C014092690466
:101AA00050926A0460926B0470926C0410926D0400
:101AB00010926E0410926F04109270040091C3048F
:101AC0000DA701110C94DBB202E714E0812C912CDC
:101AD0005401D8012D913D914D915D918D01C5012C
:101AE000B4010E9418C94B015C01B4E0023C1B0721
:101AF00081F710926D0410926E0410926F04109290
:101B000070042CEE31E548EB5DE3C301B2010E94A5
:101B100069CA1816F4F02AE037ED43E25BE3C3012B
:101B2000B2010E9469CA181614F00C9469B220E040
:101B300030E040EA51E4C501B4010E9489C92DECAE
:101B40003CEC4CE45FE30E9469CA181614F00C9454
:101B500069B21092690410926A0410926B04109298
:101B60006C04F60111921192119211926F010E17ED
:101B70001F07B9F711E01093C30481E190E00E94C0
:101B8000C35C109368044EEB5AE060E070E08BE7B2
:101B90009EE00E94985680914004909141040197E4
:101BA00011F40C946EB28091FC030E94A018109363
:101BB000C4041092710465E070E086E091E00E9438
:101BC000755A70E060E080E191E00E94755A8AE009
:101BD00090E00E94C35C0C946EB2C0905104D0900F
:101BE0005204E73101E0F00708F080CB8827E45089
:101BF000F2478F4F0C94E8C83C8F138F7689768913
:101C00007689768976893C89768976897689768916
:101C10007689768976897689698F7F8FB38F4694A6
:101C200065947689768963976D975B9776895F97D8
:101C3000768976897689768972947794979476896D
:101C4000768976897689768976897689768907ACE8
:101C50000BAC729F76897689DE9E7689FE9E7689A8
:101C600076897689768976891C9F76896E9F0FA002
:101C70006A9FF09FCC9EC29EDA9ED69E549F3E9F46
:101C8000C7AC7689768976897689CFA3E8A301A443
:101C90001AA476897689768976897689768976898D
:101CA0007689009AA0AB56A96CA9A38FAB8F7689D1
:101CB0002D9A539ACDA0E7A001A1768976897689DD
:101CC000409D959D76897689768982A904AA768930
:101CD00038A392A2F5A18798C798F8981B993A99CA
:101CE00061998499C5994C9872988C917689768976
:101CF0007689768976897689768976893094768927
:101D00009CA9EAA9D890EA90F690F09076891BA158
:101D10001EAA40AA62AAA6AA84AA339838983D9817
:101D2000429847981A981F98249829982E9876894F
:101D30007689E79C91A1D1A176A1E3A1A9A1C1A136
:101D4000B6A9D0A97689C3A892968AA899A57689BA
:101D50007689079AD29D76897689B0910891769195
:101D600076897689768976897C9676897689768968
:101D7000768976897689768976897689C6908497F8
:101D8000B9930F94E193029464914E913C912A91FE
:101D90008F92CF92D091089259927D930F93459351
:101DA000C2919E9145ACB5930FAC87AE7689EEA5F6
:101DB000D0A5768976897E9F2FA000901290BE9044
:101DC000C2901591429E1AA968AE77AD209620A8C0
:101DD00039ADF3A7C6A799A76CA73AA70F9728A56F
:101DE000BC8F0CA6F89533A4768996AD0CA7DEA619
:101DF000B0A682A654A610ABC8AA58AB49AE57AC41
:101E000076899D977689EEA4A1A0D2AC1AADFCA8E4
:101E100058AD40AEFEAD9B9438A9D9AD799A21AEAC
:101E2000A5AC7689B5AD8091C9089091CA08C8164D
:101E3000D906B9F06DE579E0CE0101960E940A4C11
:101E4000CE0101960E94024C81E090E09093430401
:101E5000809342046091C9087091CA080E94135986
:101E600045CA2230310509F449CA0E94DC140E9497
:101E7000FB820E9484593ACA8091C9089091CA088D
:101E8000C816D906B9F065E479E0CE0101960E9442
:101E90000A4CCE0101960E94024C81E090E09093A2
:101EA0004304809342046091C9087091CA080E945B
:101EB00013591CCA2230310518F40E94845916CADD
:101EC0002330310509F012CA8FE090E00E94C35C14
:101ED0000DCA81E08093C304809140049091410435
:101EE000019741F08091FC030E94A0188AE090E0E5
:101EF0000E94C35C81E190E00E94C35CF7C910922C
:101F0000C3048091400490914104892B41F011E079
:101F1000C116D10421F4D0923E04C0923D0482E166
:101F200090E00E94C35C8BE190E00E94C35C8091D2
:101F30003104882309F4DAC98091D30E8111D6C9FE
:101F40000E948E6DD3C982E080937A188AE590E072
:101F50000E94C35CCBC981E080937A188BE590E046
:101F60000E94C35CC3C9C0927518B601772783E18C
:101F700090E00E94755ABAC922E0C216D10421F538
:101F800080912102811123C081E08093210288E9A0
:101F900090E00E94C41487E990E00E94C414EE24EB
:101FA000E39410E000E020E04091890D60E087E9D3
:101FB00090E00E941B1561E070E085EF90E00E94C8
:101FC00013590E94F96192C9CA94CD28E9F210927E
:101FD000210288E990E00E94C41487E990E00E9401
:101FE000C414EE24E39410E000E020E04091890D59
:101FF00060E088E990E00E941B1570E060E0DDCFB2
:1020000080913B04811172C94091890D4451EE24A5
:10201000E39410E000E020E060E086E190E00E94C0
:102020001B1564C980913B04811160C980912F0404
:10203000882329F08091970E882309F457C90E94BC
:10204000FB82909176184091890D8091731892309F
:1020500009F442C088F4913019F1823009F081C04E
:102060004852EE24E39410E000E020E061E086E1D5
:1020700090E00E941B153AC9933009F449C094308E
:1020800061F7823009F060C04852EE24E39410E01A
:1020900000E020E061E085E190E00E941B1526C988
:1020A000823069F44852EE24E39410E000E020E02E
:1020B00061E082E190E00E941B150C947689445106
:1020C000EE24E39410E000E020E061E082E190E0A3
:1020D0000E941B150C947689823069F44852EE24D4
:1020E000E39410E000E020E061E083E190E00E94F2
:1020F0001B150C9476894451EE24E39410E000E023
:1021000020E061E083E190E00E941B150C94768949
:10211000823069F44852EE24E39410E000E020E0BD
:1021200061E084E190E00E941B150C947689445193
:10213000EE24E39410E000E020E061E084E190E030
:102140000E941B150C9476894451EE24E39410E010
:1021500000E020E061E085E190E00E941B150C9416
:1021600076894451EE24E39410E000E020E061E041
:1021700086E190E00E941B150C9476890E94FB82F8
:102180000C9476890E949E580C94768980E490E0A5
:102190000E94C414EE24E39410E000E020E040919B
:1021A000890D60E080E490E00E941B150C94768914
:1021B0008BEF90E00E94C414EE24E39410E000E062
:1021C00020E04091890D60E08BEF90E00E941B15AC
:1021D0000C9476898BEF90E00E94C4140C9476895D
:1021E0008CEF90E00E94C4140C9476898CEF90E000
:1021F0000E94C414EE24E39410E000E020E040913B
:10220000890D60E08CEF90E00E941B150C9476899C
:10221000E12C10E000E020E04091890D60E084E4D2
:1022200090E00E941B150C947689E12C10E000E0F0
:1022300020E04091890D60E083E490E00E941B154E
:1022400020E04091890D60E08FE390E00E941B1533
:102250000C94768981E190E00E94C414EE24E3940A
:1022600010E000E020E04091890D60E081E190E025
:102270000E941B150C9476898EE591E00E94C4148F
:10228000EE24E39410E000E020E04091890D60E04E
:102290008EE591E00E941B150C9476898CE491E008
:1022A0000E94C41489E491E00E94C414EE24E394D3
:1022B00010E000E020E04091890D60E089E491E0C9
:1022C0000E941B150C9476898CE491E00E94C41442
:1022D000EE24E39410E000E020E04091890D60E0FE
:1022E0008CE491E00E941B150C9476898CE491E0BB
:1022F0000E94C4148DE491E00E94C414EE24E3947F
:1023000010E000E020E04091890D60E08DE491E074
:102310000E941B150C9476898DE891E00E94C414EC
:10232000EE24E39410E000E020E04091890D60E0AD
:102330008DE891E00E941B150C94768981EB90E06A
:102340000E94C414EE24E39410E000E020E04091E9
:10235000890D60E081EB90E00E941B150C9476895A
:1023600086E991E00E94C414EE24E39410E000E0BA
:1023700020E04091890D60E086E991E00E941B1504
:102380000C9476898FE890E00E94C41483E990E071
:102390000E94C41480E990E00E94C4140C947689D1
:1023A0000E94DC142091A8053091A9050091890DA7
:1023B000809173182230310599F4823059F4085213
:1023C00025E030E041E06EE870E08DE890E00E94AA
:1023D0005E8014C00E945F0C8111F1CF0451F0CFD8
:1023E000823081F448ED400FEE24E39410E000E0E9
:1023F00020E060E08DE890E00E941B150E94B31A77
:102400000C9476890E945F0C8111ECCF4CEEEBCFDF
:102410008091A8059091A9050297B9F40091890DC2
:1024200080917318823059F4085225E030E041E081
:1024300060E970E08FE890E00E945E801CC00E941E
:102440005F0C8111F1CF0451F0CF8FE890E00E9432
:10245000C414809173181091890D823021F548EDD4
:10246000410FEE24E39410E000E020E060E08FE80C
:1024700090E00E941B158DE890E00E94C4148EE845
:1024800090E00E94C41481E990E00E94C41482E9A3
:1024900090E00E94C41484E990E00E94C4140E9459
:1024A000B31A0C9476890E945F0C8111D8CF4CEE40
:1024B000D7CF8091A8059091A9050297A9F4009122
:1024C000890D80917318823049F4085225E030E07C
:1024D00041E060E970E083E990E0AECF0E945F0CDC
:1024E0008111F3CF0451F2CF83E990E00E94C4142C
:1024F000809173181091890D823011F448ED05C058
:102500000E945F0C4CEE8111F9CF410FEE24E39451
:1025100010E000E020E060E083E990E0AACF809145
:10252000A8059091A905029711F40C9476898EE87C
:1025300090E00E94C414809173181091890D82302C
:1025400071F448ED410FEE24E39410E000E020E048
:1025500061E08EE890E00E941B150C9476890E9441
:102560005F0C882371F048ED410FEE24E39410E0F6
:1025700000E020E061E08EE890E00E941B150C94E2
:1025800076894CEE410FEE24E39410E000E020E069
:1025900061E08EE890E00E941B150C947689809192
:1025A000A8059091A905029711F40C94768980E909
:1025B00090E00E94C414809173181091890D8230AC
:1025C00071F448ED410FEE24E39410E000E020E0C8
:1025D00061E080E990E00E941B150C9476890E94CE
:1025E0005F0C882371F048ED410FEE24E39410E076
:1025F00000E020E061E080E990E00E941B150C946F
:1026000076894CEE410FEE24E39410E000E020E0E8
:1026100061E080E990E00E941B150C94768980911E
:10262000A8059091A9050297A9F40091890D8091C0
:102630007318823049F4085225E030E041E06EE83A
:1026400070E082E990E0C3CE0E945F0C8111F3CF6D
:102650000451F2CF82E990E00E94C4148091731873
:102660001091890D823011F448ED05C00E945F0C75
:102670004CEE8111F9CF410FEE24E39410E000E01D
:1026800020E060E082E990E0B7CE84E990E00E942B
:10269000C414809173181091890D823071F448ED43
:1026A000410FEE24E39410E000E020E060E084E9D4
:1026B00090E00E941B150C9476890E945F0C882381
:1026C00071F048ED410FEE24E39410E000E020E0CB
:1026D00060E084E990E00E941B150C9476894CEE32
:1026E000410FEE24E39410E000E020E060E084E994
:1026F00090E00E941B150C94768981E990E00E947D
:10270000C414809173181091890D823071F448EDD2
:10271000410FEE24E39410E000E020E060E081E966
:1027200090E00E941B150C9476890E945F0C882310
:1027300071F048ED410FEE24E39410E000E020E05A
:1027400060E081E990E00E941B150C9476894CEEC4
:10275000410FEE24E39410E000E020E060E081E926
:1027600090E00E941B150C9476890E94DC140C9456
:1027700076894091890D80912202E12C10E000E0E1
:1027800020E060E08823D1F08BE991E00E941B15E6
:1027900080917B18823011F00C9476898091200210
:1027A000882311F40C9476894EE551E060E070E0E6
:1027B0008AE29FE00E9498560C94768985E791E022
:1027C000E5CFE12C10E000E020E04091890D60E0D1
:1027D0008AE591E00E941B1580917B18823011F0F0
:1027E0000C94768980912002882311F40C947689C8
:1027F0004CE251E060E070E08AE29FE00E9498566F
:102800000C947689E12C10E000E020E04091890DE5
:1028100060E089E591E00E941B150C947689E12C1B
:1028200010E000E020E04091890D60E08BE591E050
:102830000E941B1580917B18823011F00C947689D0
:1028400080912002882311F40C94768948EC50E0A2
:1028500060E070E08AE29FE00E9498560C947689CE
:102860008091A6059091A7058D36910510F00C94E6
:102870007689E12C10E000E020E04091890D60E0D5
:1028800086E491E00E941B150C94768990913404A3
:1028900081E0CA94CD2871F48093FB03992331F031
:1028A0009091F303911102C08093F3030E948A1563
:1028B0000C9476898093F2039923C1F39091F103EC
:1028C0009111F4CF8093F103F1CF809134048823E8
:1028D00011F40C94768981E00E94A06E0E94986E9B
:1028E0000C947689C6010E9402700C9476898091BE
:1028F0007218853011F40C9476890E940415EE2428
:10290000E39410E000E020E04091890D60E08EE566
:1029100091E00E941B1504EC19E021E04091890D23
:1029200061E08BE691E00E941B150C9476890E9471
:102930008E6D0C9476898C2D0E945383882311F41C
:102940000C9476896091731870E080E191E00E94A8
:10295000755A80917318833039F48091A60590914F
:10296000A7058D369105C8F0809174188330C9F0A1
:10297000809173188034F1F4EE24E39410E000E0C9
:1029800020E04091890D60E088E290E00E941B15F4
:1029900081E08093F0030C94768981E00E947C0EA4
:1029A000E7CF8091A6059091A7058D36910500F798
:1029B00080E0F4CF8091F003882381F0EE24E3944B
:1029C00010E000E020E04091890D60E088E290E0B6
:1029D0000E941B151092F0030C9476898091741854
:1029E0000E94E309882321F00E946B300E94AA0C08
:1029F00082E390E00E94C41487E390E00E94C41434
:102A000087E491E00E94C4148091400490914104B5
:102A1000019709F09EC080912F04882329F18091AD
:102A20007218833009F43CC0853009F46AC08230E2
:102A300009F045C08CE791E00E94C414EE24E394B1
:102A400010E000E020E04091890D61E08CE791E02A
:102A50000E941B1540911E0250911F0270E060E021
:102A60008FE89EE00E949856E0917318E83008F0D5
:102A70006EC0F0E0EE24E39410E000E020E040912E
:102A8000890D60E08827E85BFA468F4F0C94E8C810
:102A9000A395CB95D895E595A395F295F595A39536
:102AA00086E290E00E94C414EE24E39410E000E07B
:102AB00020E04091890D61E086E290E0C9CF80E19D
:102AC00090E00E94C41480917318823091F4409178
:102AD000890D4852EE24E39410E000E020E061E02C
:102AE00080E190E00E941B158BED90E00E948059E0
:102AF000B1CFEE24E39410E000E020E04091890D96
:102B0000EECF85E991E00E94C41480917318823061
:102B100091F44091890D4852EE24E39410E000E0D6
:102B200020E061E085E991E00E941B150E945F0CA6
:102B3000811190CFD9CFEE24E39410E000E020E0A3
:102B40004091890DEECF86E090E00E941B150E9417
:102B5000E90E80911D02882351F080917318823014
:102B600021F40E946B300E94AA0C0E94C92580911A
:102B7000EF03882361F08091400490914104019714
:102B800031F481E08093EE0380E00E9429260E94C8
:102B900076260C94768985E490E00E941B1500ED62
:102BA00017E021E04091890D61E087E390E0CDCF0F
:102BB00080E390E00E941B150CEB12E021E04091B5
:102BC000890D61E082E390E0C0CF86E490E00E944E
:102BD0001B1502EE14E021E04091890D61E087E4CD
:102BE00091E0B3CF87E991E0B0CF88E991E0ADCF34
:102BF00051E0C516D10491F082E0C816D104C1F0AD
:102C000081E0809370181092781810927918B601AC
:102C100087EF90E00E94755A0C94768981E080934A
:102C2000781880917018813091F780937918EFCFE0
:102C300083E08093781890917018913041F7F5CF28
:102C400091E0C916D104D1F48FEA91E00E94C41436
:102C50008EEA91E00E94C41480EB91E00E94C414BB
:102C6000EE24E39410E000E020E04091890D60E064
:102C70008FEA91E00E941B150C947689A2E0CA1697
:102C8000D104D1F48FEA91E00E94C4148EEA91E05D
:102C90000E94C41480EB91E00E94C414EE24E394DB
:102CA00010E000E020E04091890D60E08EEA91E0C4
:102CB0000E941B150C947689B3E0CB16D10411F059
:102CC0000C9476898FEA91E00E94C4148EEA91E018
:102CD0000E94C41480EB91E00E94C414EE24E3949B
:102CE00010E000E020E04091890D60E080EB91E091
:102CF0000E941B150C9476898DEA91E00E94C41401
:102D00008CEA91E00E94C414EE24E39410E000E009
:102D100020E04091890D60E08CEA91E00E941B1553
:102D20000C94768980911B0290911C02009711F1FE
:102D3000019709F453C010921C0210921B0281E902
:102D400091E00E94C41482E991E00E94C41488E7D3
:102D500091E00E94C414EE24E39410E000E020E02F
:102D60004091890D60E088E791E00E941B158DE796
:102D700090E020C081E090E090931C0280931B02C1
:102D800081E991E00E94C41482E991E00E94C41498
:102D900088E791E00E94C414EE24E39410E000E080
:102DA00020E04091890D60E081E991E00E941B15CF
:102DB0008FE790E00E9480590E940B620E94186287
:102DC0000E94773980913904882311F40C94768914
:102DD0000E9468290E9410290C94768982E090E074
:102DE00090931C0280931B0281E991E00E94C4141D
:102DF00082E991E00E94C41488E791E00E94C41423
:102E0000EE24E39410E000E020E04091890D60E0C2
:102E100082E991E00E941B158EE790E0CBCF809174
:102E20001A0291E0892780931A02882311F184EF16
:102E300091E0909331028093300280EA91E00E9409
:102E4000C41481EA91E00E94C414EE24E39410E0DB
:102E500000E020E04091890D60E081EA91E00E946D
:102E60001B1561E070E083EF90E00E9413590C9411
:102E700076898CE291E0909331028093300280EA6F
:102E800091E00E94C41481EA91E00E94C414EE24EF
:102E9000E39410E000E020E04091890D60E080EADA
:102EA00091E00E941B1570E060E083EF90E00E94CB
:102EB00013590C9476890E9437180C9476890E94D5
:102EC000F0170C9476890E94D0140E94986E88E1C5
:102ED00090E00E94C35C0C947689809107028F5F1A
:102EE00080930702809106028F5F80930602809193
:102EF00005028F5F809305020E94DA0C89E190E061
:102F00000E94C35C0C9476894091890D809172185F
:102F10008250EE24E39410E000E020E061E0823093
:102F200030F08AE691E00E941B150C9476898CE3C0
:102F300090E00E941B150C947689C60101970597B5
:102F400010F00C94768980917618E2E0CE16D104C8
:102F500009F468C040F401E0C016D10489F0809300
:102F6000771885E010C013E0C116D10409F45EC0E3
:102F700024E0C216D10499F78093771884E003C047
:102F80008093771881E080937618809134048823A9
:102F900009F441C080911E0F882381F0E0917618DA
:102FA000E150FF0BEE0FFF1FEF5AF44F4591549184
:102FB00070E060E086E19FE00E949856809173186F
:102FC000833049F596012E5E3E4F4091A805509101
:102FD000A90542305105F9F44091A6055091A70585
:102FE0004D365105C0F0FE0135969EE0DF011D9281
:102FF0009A95E9F79AE0998346E451E05B834A8326
:103000008C8389E08D8381E08A8B3C8B2B8BCE0176
:1030100001960E94AE79B60186E091E00E94755A51
:103020000C9476898093771882E0ADCF80937718DF
:1030300083E0A9CF81E00E94366D0C94768982E00E
:103040000E94366D0C94768983E00E94366D0C9454
:10305000768984E00E94366D0C94768985E00E9422
:10306000366D0C94768981E00E94DE6C0C94768932
:1030700082E00E94DE6C0C94768983E00E94DE6C14
:103080000C94768984E00E94DE6C0C94768985E04D
:103090000E94DE6C0C94768981E08093FB03809122
:1030A0003404882311F40C9476898091F303811100
:1030B0000C9476894091890D80917218EE24E394E6
:1030C00010E000E020E061E0823049F489E891E01E
:1030D0000E941B1581E08093F3030C94768982E6AD
:1030E00090E0F6CF8091FB03882341F08091721825
:1030F000823051F489E891E00E94C4141092FB03DD
:103100001092F3030C94768982E690E0F5CF81E08B
:103110008093F20390913404992311F40C947689EE
:103120009091F10391110C9476898093F103809131
:1031300076188530C1F080917218833011F583E6DE
:1031400090E00E94C4144091890D80917218EE2481
:10315000E39410E000E020E061E08230A9F489E827
:1031600091E00E941B15EE24E39410E000E020E0C3
:103170004091890D61E088E490E00E941B150C9459
:1031800076898EE791E0DDCF82E690E0EACF80910C
:10319000F203882309F188E490E00E94C41480912E
:1031A000761881508430C0F4809172188230D1F446
:1031B00089E891E00E94C4144091890D80917218B1
:1031C000EE24E39410E000E020E061E0833069F455
:1031D00083E690E00E941B151092F2031092F10317
:1031E0000C94768982E690E0E5CF8FE791E0F2CF0C
:1031F00010922402109223021092B50E1092B60E75
:103200008091A8059091A905039721F48AE490E0A4
:103210000E94C414E12C10E000E020E04091890DF0
:1032200060E08AE490E00E941B1586E190E00E9435
:10323000C35C0C94768981E090E0909324028093A3
:1032400023021092B50E1092B60E8EE690E00E9408
:10325000C414E12C10E000E020E04091890D60E012
:103260008EE690E00E941B1586E190E00E94C35C10
:103270000C94768910922402109223021092B50EBB
:103280001092B60E8091A8059091A905039741F47C
:1032900089E490E00E94C4148AE490E00E94C4147F
:1032A000E12C10E000E020E04091890D60E08AE42C
:1032B00090E00E941B1586E190E00E94C35C0C9494
:1032C000768981E090E0909324028093230210920B
:1032D000B50E1092B60E8FE690E00E94C4148EE6F2
:1032E00090E00E94C414E12C10E000E020E0409146
:1032F000890D60E08EE690E00E941B1586E190E06B
:103300000E94C35C0C94768982E090E09093240242
:1033100080932302809122028823C1F00E946AC612
:1033200028E030E040E050E00E9441C89B01AC0141
:10333000295F3F4F4F4F5F4FA8EEB3E00E9460C838
:10334000AB01BC018DEA9EE00E9498568091A805D1
:103350009091A905039741F48AE490E00E94C41477
:1033600089E490E00E94C414E12C10E000E020E029
:103370004091890D60E089E490E00E941B1587E18F
:1033800090E00E94C35C0C94768982E090E0909378
:10339000240280932302809122028823C1F00E949C
:1033A0006AC628E030E040E050E00E9441C89B013E
:1033B000AC01295F3F4F4F4F5F4FA8EEB3E00E9433
:1033C00060C8AB01BC018DEA9EE00E9498568EE673
:1033D00090E00E94C4148FE690E00E94C414E12C97
:1033E00010E000E020E04091890D60E08FE690E081
:1033F0000E941B1587E190E00E94C35C0C947689C3
:1034000081E08093ED030E94C75C0C94768988E28A
:1034100090E00E94C414EE24E39410E000E020E069
:103420004091890D60E088E290E00E941B1588E5DC
:1034300090E00E94C41485E690E00E94C41489E5DF
:1034400090E00E94C41420E04091890D60E089E57D
:1034500090E00E941B150C94768988E290E00E940F
:10346000C414EE24E39410E000E020E04091890DC4
:1034700060E088E290E00E941B1589E590E00E94E0
:10348000C41485E690E00E94C41488E590E00E9490
:10349000C41420E04091890D60E088E590E00E942E
:1034A0001B150C94768988E290E00E94C414EE24E7
:1034B000E39410E000E020E04091890D60E088E2B4
:1034C00090E00E941B1589E590E00E94C41488E5F5
:1034D00090E00E94C41485E690E00E94C41420E0AD
:1034E0004091890D60E085E690E00E941B150C94E8
:1034F000768980E490E00E94C414EE24E39410E006
:1035000000E020E04091890D60E080E490E00E94BE
:103510001B158CE690E00E94C4148AE690E00E949D
:10352000C4148BE690E00E94C4148AE491E00E94E7
:10353000C414B3E0CB16D10409F476C0C8F4F1E0AA
:10354000CF16D10409F462C002E0C016D10411F014
:103550000C947689EE24E39410E000E020E04091A2
:10356000890D60E08CE690E00E941B150C94768932
:1035700015E0C116D10409F487C008F463C036E031
:10358000C316D10411F00C9476898091190282300F
:1035900009F4BDC108F03EC1813009F481C181E068
:1035A0008093190280937B188093200288E690E034
:1035B0000E94C41486E690E00E94C41487E690E05E
:1035C0000E94C4148BE491E00E94C4148CE991E041
:1035D0000E94C414EE24E39410E000E020E0409147
:1035E000890D60E086E690E00E941B1561E070E0C6
:1035F00085E091E00E9413594AEF50E060E070E0EE
:103600008AE29FE00E9498560C947689EE24E39417
:1036100010E000E020E04091890D60E08AE690E053
:103620000E941B150C947689EE24E39410E000E0D0
:1036300020E04091890D60E08BE690E00E941B1530
:103640000C947689EE24E39410E000E020E04091B1
:10365000890D60E08AE491E00E941B1580917A0F49
:1036600090917B0F892B41F461E070E086E191E05D
:103670000E9413590C94768963E070E086E191E032
:103680000E9413590C94768980917B18833009F439
:103690005DC0853009F48DC0813089F592E090934A
:1036A0007B188093200288E690E00E94C41486E68E
:1036B00090E00E94C41487E690E00E94C4148CE954
:1036C00091E00E94C414EE24E39410E000E020E0B6
:1036D0004091890D60E088E690E00E941B1562E051
:1036E00070E085E091E00E9413594AEF50E060E0FD
:1036F00070E08AE29FE00E9498560C94768983E0FD
:1037000080937B1888E690E00E94C41486E690E0DF
:103710000E94C41487E690E00E94C4148CE991E0F2
:103720000E94C414EE24E39410E000E020E04091F5
:10373000890D60E087E690E00E941B1563E070E071
:1037400085E091E00E9413590C94768985E080937E
:103750007B1880917A0F90917B0F892B39F581E04E
:103760008093200288E690E00E94C41486E690E0F0
:103770000E94C41487E690E00E94C4148CE991E092
:103780000E94C414EE24E39410E000E020E0409195
:10379000890D60E08CE991E00E941B1565E070E006
:1037A00085E091E00E9413590C94768910922002D2
:1037B000D9CF81E080937B188093200288E690E047
:1037C0000E94C41486E690E00E94C41487E690E04C
:1037D0000E94C4148CE991E00E94C414EE24E39486
:1037E00010E000E020E04091890D60E086E690E086
:1037F0000E941B1561E070E085E091E00E94135982
:103800004AEF50E060E070E08AE29FE00E94985644
:103810000C947689833009F4A7C0853009F0BFCEB7
:1038200084E08093190282E080937B1880917A0F64
:1038300090917B0F892B09F0C7C081E08093200213
:1038400088E690E00E94C41486E690E00E94C414CA
:1038500087E690E00E94C4148BE491E00E94C414B7
:103860008CE991E00E94C414EE24E39410E000E09F
:1038700020E04091890D60E08BE491E00E941B15EF
:1038800064E070E085E091E00E9413594AEF50E057
:1038900060E070E08AE29FE00E9498560C9476897E
:1038A00092E09093190290937B188093200288E60F
:1038B00090E00E94C41486E690E00E94C41487E65B
:1038C00090E00E94C4148BE491E00E94C4148CE93F
:1038D00091E00E94C414EE24E39410E000E020E0A4
:1038E0004091890D60E088E690E00E941B1562E03F
:1038F00070E085E091E00E9413594AEF50E060E0EB
:1039000070E08AE29FE00E9498560C94768983E0EA
:103910008093190280937B1888E690E00E94C4147B
:1039200086E690E00E94C41487E690E00E94C414EA
:103930008BE491E00E94C4148CE991E00E94C414CD
:10394000EE24E39410E000E020E04091890D60E077
:1039500087E690E00E941B1563E070E085E091E04F
:103960000E9413590C94768985E080931902809304
:103970007B1881E08093200288E690E00E94C414C6
:1039800086E690E00E94C41487E690E00E94C4148A
:103990008BE491E00E94C4148CE991E00E94C4146D
:1039A000EE24E39410E000E020E04091890D60E017
:1039B0008CE991E00E941B1565E070E085E091E0E4
:1039C0000E9413590C9476891092200239CF80916D
:1039D0003702882351F1109237028CE290E00E9466
:1039E000C41485E590E00E94C41484E590E00E9430
:1039F000C414EE24E39410E000E020E04091890D2F
:103A000060E08CE290E00E941B1520E04091890D5F
:103A100060E085E590E00E941B1570E060E08DE0BD
:103A200091E00E9413590C94768981E080933702CB
:103A30008DE390E00E94C41484E590E00E94C414D9
:103A400085E590E00E94C414EE24E39410E000E0C9
:103A500020E04091890D60E08DE390E00E941B150D
:103A600020E04091890D60E084E590E00E941B1504
:103A700061E070E08DE091E00E9413590C9476892A
:103A800080911802882341F11092180280E490E09E
:103A90000E94C414EE24E39410E000E020E0409182
:103AA000890D60E080E490E00E941B1586E590E0BF
:103AB0000E94C41487E590E00E94C41420E0409165
:103AC000890D60E087E590E00E941B1583E690E099
:103AD0000E9480590C94768981E0809318028FE3CC
:103AE00090E00E94C414EE24E39410E000E020E093
:103AF0004091890D60E08FE390E00E941B1586E500
:103B000090E00E94C41487E590E00E94C41420E075
:103B10004091890D60E086E590E00E941B1582E6E9
:103B200090E00E9480590C9476898091EC03882360
:103B3000E1F01092EC038BE590E00E94C4148AE55A
:103B400090E00E94C414EE24E39410E000E020E032
:103B50004091890D60E08BE590E00E941B1589E69D
:103B600090E00E9480590C94768981E08093EC0368
:103B70008BE590E00E94C4148AE590E00E94C41492
:103B8000EE24E39410E000E020E04091890D60E035
:103B90008AE590E00E941B1588E690E00E9480591B
:103BA0000C94768980E790E00E94C41481E790E04D
:103BB0000E94C41482E790E00E94C41483E790E05E
:103BC0000E94C41490911D024091890D8091EF03D1
:103BD0009923C9F0882309F440C010921D02109265
:103BE000EF03EE24E39410E000E020E060E080E7E3
:103BF00090E00E941B1570E060E082E191E00E947D
:103C000013590C947689811113C081E08093EF03DE
:103C1000EE24E39410E000E020E060E082E790E032
:103C20000E941B1581EB90E00E9480590C947689CC
:103C300081E080931D021092EF03EE24E39410E0E4
:103C400000E020E060E083E790E00E941B1580EB3D
:103C500090E00E9480590C94768981E08093EF0374
:103C6000EE24E39410E000E020E060E081E790E0E3
:103C70000E941B1561E070E082E191E00E941359FF
:103C80000C947689C6010197059710F00C947689FB
:103C90008FE390E00E94C414EE24E39410E000E06F
:103CA00020E04091890D60E08FE390E00E941B15B9
:103CB00085EF90E00E94C41486EF90E00E94C41447
:103CC00087EF90E00E94C41488EF90E00E94C41433
:103CD00089EF90E00E94C41442E0C416D104B1F10F
:103CE00088F4CA94CD2821F1EE24E39410E000E09A
:103CF00020E04091890D60E089EF90E00E941B1563
:103D00000C94768993E0C916D10471F1A4E0CA1627
:103D1000D10451F7EE24E39410E000E020E040915C
:103D2000890D60E088EF90E00E941B150C94768965
:103D3000EE24E39410E000E020E04091890D60E083
:103D400085EF90E00E941B150C947689EE24E39495
:103D500010E000E020E04091890D60E086EF90E007
:103D60000E941B150C947689EE24E39410E000E089
:103D700020E04091890D60E087EF90E00E941B15E4
:103D80000C9476898091FA03882311F40C94768937
:103D90000E94041C0C9476898091FA03882311F404
:103DA0000C9476890E94311C0C9476890E945F1CC9
:103DB0000C9476890E948C1C0C9476899091F9035E
:103DC00081E089270E94D80E8091F90362E070E0BB
:103DD000811102C061E070E081E390E00E94755AB9
:103DE0008091F90362E070E0811102C061E070E04F
:103DF00080E390E00E9413590C9476898091EB0344
:103E000091E089278093EB0362E070E0811102C0AA
:103E100061E070E083E390E00E94755A8091EB03CB
:103E200062E070E0811102C061E070E082E390E046
:103E30000E9413590C94768981E0909148029A3B34
:103E400009F480E00E942E1D8091480262E070E03B
:103E50008A3B11F061E070E089E390E00E94755ABE
:103E60008091480262E070E08A3B11F061E070E00E
:103E700082E890E00E9413590C94768985EB91E0DA
:103E80000E94C41486EB91E00E94C414EE24E394D3
:103E900010E000E020E04091890D60E085EB91E0CA
:103EA0000E941B150C94768985EB91E00E94C41446
:103EB00086EB91E00E94C414EE24E39410E000E04D
:103EC00020E04091890D60E086EB91E00E941B1597
:103ED0000C9476890E94471D0C9476890E94611D7E
:103EE0000C9476898091FA03882321F00E943D1377
:103EF0000C9476890E9469130C947689C601019707
:103F0000059710F00C9476898CE291E00E94C4141D
:103F10008DE291E00E94C4148EE291E00E94C414EC
:103F20008FE291E00E94C41480E391E00E94C414E7
:103F3000B3E0CB16D104C1F198F4F2E0CF16D1046E
:103F400009F440C0EE24E39410E000E020E040914A
:103F5000890D60E080E391E00E941B150C94768946
:103F600004E0C016D10491F015E0C116D10451F758
:103F7000EE24E39410E000E020E04091890D60E041
:103F80008CE291E00E941B150C947689EE24E39458
:103F900010E000E020E04091890D60E08DE291E0CA
:103FA0000E941B150C947689EE24E39410E000E047
:103FB00020E04091890D60E08EE291E00E941B15A7
:103FC0000C947689EE24E39410E000E020E0409128
:103FD000890D60E08FE291E00E941B150C947689B8
:103FE00080918B0D843C11F40C94768980910802A9
:103FF000853088F410920802809108020E9406130E
:1040000080938B0D8093480280938A0D80E00E94FC
:10401000BA1C0C947689855080930802EDCF90915C
:104020008B0D8091E503981711F40C94768980919B
:104030000802803690F084E680930802809108029E
:104040000E94061380938B0D8093480280938A0D03
:1040500080E00E94BA1C0C9476898B5FEDCFC6017C
:104060000197059710F00C94768981E391E00E9406
:10407000C41482E391E00E94C41483E391E00E949F
:10408000C41484E391E00E94C41485E391E00E948B
:10409000C41423E0C216D104C1F198F442E0C4165E
:1040A000D10409F440C0EE24E39410E000E020E0E5
:1040B0004091890D60E085E391E00E941B150C940E
:1040C000768954E0C516D10491F085E0C816D10474
:1040D00051F7EE24E39410E000E020E04091890DD8
:1040E00060E081E391E00E941B150C947689EE2438
:1040F000E39410E000E020E04091890D60E082E36D
:1041000091E00E941B150C947689EE24E39410E054
:1041100000E020E04091890D60E083E391E00E949F
:104120001B150C947689EE24E39410E000E020E067
:104130004091890D60E084E391E00E941B150C948E
:104140007689C6018095909581708093220293E0D4
:10415000C916D10410F00C9476898CE790E00E9487
:10416000C4148DE790E00E94C41480912202EE24D2
:10417000E39410E000E020E04091890D60E08823A6
:1041800031F08CE790E00E941B150C9476898DE746
:1041900090E00E941B150C94768981E191E00E94C9
:1041A000C41485E191E00E94C41483E191E00E946F
:1041B000C414EE24E39410E000E020E04091890D67
:1041C00060E081E191E00E941B150C94768983E107
:1041D00091E00E94C41481E191E00E94C41485E141
:1041E00091E00E94C414EE24E39410E000E020E08B
:1041F0004091890D60E083E191E00E941B150C94D1
:10420000768985E191E00E94C41483E191E00E94E7
:10421000C41481E191E00E94C414EE24E39410E000
:1042200000E020E04091890D60E085E191E00E948E
:104230001B150C94768980917018823039F581E0D5
:10424000809370180E943B8386E191E00E94C41421
:1042500087E191E00E94C414EE24E39410E000E0B2
:1042600020E04091890D60E086E191E00E941B15FD
:104270008EED90E00E9480598BE890E00E9480597A
:104280008BE890E00E94C35C0C94768982E0809376
:10429000701881E0809371181092731890917818BB
:1042A000911102C08093781887E191E00E94C414B4
:1042B00086E191E00E94C414EE24E39410E000E053
:1042C00020E04091890D60E087E191E00E941B159C
:1042D0008FED90E00E94805984E890E00E94805920
:1042E00084E890E00E94C35C0C9476899091170258
:1042F00080911602923048F08E3F38F091509093A2
:1043000017020E9410290C94768991E0909317026D
:10431000823020F0815080931602F3CF90931602E2
:10432000F0CF9091150280911402923030F08E3FC0
:1043300020F0915090931502E4CF91E090931502F4
:10434000823020F0815080931402DBCF90931402CE
:10435000D8CF9091130280911202923030F08E3FAC
:1043600020F0915090931302CCCF91E090931302E0
:10437000823020F0815080931202C3CF90931202BA
:10438000C0CF809112028E3F10F48F5FF4CF8091E6
:1043900013028D3F20F48F5F80931302B2CF8EEF14
:1043A000FBCF809114028E3F10F48F5FCCCF8091B1
:1043B00015028D3F20F48F5F80931502A2CF8EEF00
:1043C00080931502C0CF809116028E3F10F48F5F4C
:1043D000A2CF809117028D3F20F48F5F8093170248
:1043E00090CF8EEF8093170296CF80914604823053
:1043F00059F1833009F44DC0813009F06EC082E07C
:104400008093460489E790E00E94C4148AE790E014
:104410000E94C4148BE790E00E94C4148AE791E0E4
:104420000E94C414EE24E39410E000E020E04091E8
:10443000890D60E08BE790E00E941B158CE790E00F
:104440000E9480590C94768983E08093460489E722
:1044500090E00E94C4148AE790E00E94C4148BE7A5
:1044600090E00E94C4148AE791E00E94C414EE24F4
:10447000E39410E000E020E04091890D60E08AE7DD
:1044800091E00E941B1587E690E00E9480590C94F1
:1044900076891092460489E790E00E94C4148AE766
:1044A00090E00E94C4148BE790E00E94C4148AE755
:1044B00091E00E94C414EE24E39410E000E020E0B8
:1044C0004091890D60E089E790E00E941B158CE91E
:1044D00090E00E9480590C94768981E08093460494
:1044E00089E790E00E94C4148AE790E00E94C41417
:1044F0008BE790E00E94C4148AE791E00E94C41404
:10450000EE24E39410E000E020E04091890D60E0AB
:104510008AE790E00E941B1584E690E00E94805993
:104520000C947689809146048230D9F1833009F465
:1045300059C0813009F077C0809111028436F8F4B7
:104540008036D8F084E6809311020E946B308CE6AE
:1045500090E00E9480598FE390E00E94C414EE2402
:10456000E39410E000E020E04091890D60E08FE3EB
:1045700090E00E941B150C9476898B5FE4CF80E459
:1045800090E00E94C414EE24E39410E000E020E0E8
:104590004091890D60E080E490E00E941B150C942E
:1045A000768980911002843650F78036C8F084E610
:1045B000809310028CE690E00E9480598FE390E097
:1045C0000E94C414EE24E39410E000E020E0409147
:1045D000890D60E08FE390E00E941B150C947689B2
:1045E0008B5FE6CF80910F02843648F68036C8F0A4
:1045F00084E680930F028CE690E00E9480598FE35E
:1046000090E00E94C414EE24E39410E000E020E067
:104610004091890D60E08FE390E00E941B150C949F
:1046200076898B5FE6CF80910E02843608F0A7CFA3
:104630008036E0F084E680930E0280E00E94292616
:104640008CE690E00E9480598FE390E00E94C414B1
:10465000EE24E39410E000E020E04091890D60E05A
:104660008FE390E00E941B150C9476898B5FE3CF5B
:1046700080914604823051F1833009F449C0813081
:1046800009F068C080911102853108F478CF893132
:10469000D8F484E1809311020E946B308CE690E0A4
:1046A0000E9480598FE390E00E94C414EE24E394AA
:1046B00010E000E020E04091890D60E08FE390E0A1
:1046C0000E941B150C9476898550E4CF80911002CE
:1046D000853108F454CF8931C8F484E18093100205
:1046E0008CE690E00E9480598FE390E00E94C41411
:1046F000EE24E39410E000E020E04091890D60E0BA
:104700008FE390E00E941B150C9476898550E6CFCC
:1047100080910F02853108F432CF8931C8F484E1E9
:1047200080930F028CE690E00E9480598FE390E026
:104730000E94C414EE24E39410E000E020E04091D5
:10474000890D60E08FE390E00E941B150C94768940
:104750008550E6CF80910E02853108F410CF893163
:10476000E0F484E180930E0280E00E9429268CE62A
:1047700090E00E9480598FE390E00E94C414EE24E0
:10478000E39410E000E020E04091890D60E08FE3C9
:1047900090E00E941B150C9476898550E3CF23305E
:1047A000310511F00C9476898BE890E00E94C414D6
:1047B000EE24E39410E000E020E04091890D60E0F9
:1047C0008BE890E00E941B150E94930D0C94768953
:1047D0002330310511F00C9476898CE890E00E942A
:1047E000C414EE24E39410E000E020E04091890D31
:1047F00060E08CE890E00E941B150E94DA110C9496
:1048000076892330310511F00C9476898BE890E09D
:104810000E94C414EE24E39410E000E020E04091F4
:10482000890D60E08BE890E00E941B150E945D0EF0
:104830000C9476892330310511F00C9476898CE83C
:1048400090E00E94C414EE24E39410E000E020E025
:104850004091890D60E08CE890E00E941B150E9459
:10486000B20D0C94768985E891E00E94C41485E825
:1048700090E00E94C41486E891E00E94C41486E887
:1048800090E00E94C41487E890E00E94C41488E875
:1048900090E00E94C4144091890DA2E0CA16D10490
:1048A00009F049C080910D02883109F473C0B0F459
:1048B0008C3059F1873109F44CC08CE080930D02A3
:1048C0009FE090930C0280930B02EE24E39410E09F
:1048D00000E020E060E088E890E027C08A3109F439
:1048E0006BC0833251F784E280930D0289E080939C
:1048F0000C0286E080930B02EE24E39410E000E0CB
:1049000020E060E085E891E010C097E190930D020F
:1049100080930C0289E080930B02EE24E39410E074
:1049200000E020E060E087E890E00E941B150E9414
:1049300018620C94E296BAE1CB16D10459F1D8F47E
:10494000F7E1CF16D10409F108E1C016D10409F04E
:10495000B4CF88E180930D028CE080930C0289E053
:1049600080930B02EE24E39410E000E020E060E08E
:1049700086E890E0DACF13E2C116D104E9F024E230
:10498000C216D10409F4AFCF98CF87E180930D020E
:104990008CE0BECF8AE180930D028CE080930C0204
:1049A00089E080930B02EE24E39410E000E020E025
:1049B00060E086E891E0B9CF83E280930D0289E060
:1049C00080930C0286E080930B02EE24E39410E0C7
:1049D00000E020E060E085E890E0A7CF80E890E08C
:1049E0000E94C41481E890E00E94C4144091890D93
:1049F00032E0C316D104B1F4809151028F30B1F08E
:104A00008FE08093510288E280930A0287E28093CC
:104A10004F02EE24E39410E000E020E060E080E844
:104A200090E083CF5FE0C516D10451F38DE0809311
:104A300051028EE280930A028DE280934F02EE24AF
:104A4000E39410E000E020E060E081E890E06DCFCA
:104A500082E890E00E94C41480E591E00E94C414B2
:104A600083E890E00E94C41484E890E00E94C4149B
:104A700082E0C816D10409F040C080915002843110
:104A800061F1883299F08C3009F043C088E280935C
:104A900050020E946B30EE24E39410E000E020E02E
:104AA0004091890D60E082E890E00FC084E280933D
:104AB00050020E946B30EE24E39410E000E020E00E
:104AC0004091890D60E080E591E00E941B150E94F5
:104AD00018620E94F9610C94E2968CE08093500277
:104AE0000E946B30EE24E39410E000E020E040915F
:104AF000890D60E084E890E0E8CF94E2C916D10423
:104B0000A9F2A8E2CA16D10409F2B4E1CB16D10485
:104B100021F784E1809350020E946B30EE24E394ED
:104B200010E000E020E04091890D60E083E890E033
:104B3000CCCF89E890E00E94C4148AE890E00E94FB
:104B4000C4148091EA038130C9F41092EA03EE2480
:104B5000E39410E000E020E04091890D60E089E8F6
:104B600090E00E941B158DE990E00E948059809191
:104B70003904882311F40C947689C3CB81E08093A7
:104B8000EA03EE24E39410E000E020E04091890D78
:104B900060E08AE890E00E941B158BE790E0E5CF8B
:104BA00084E490E00E94C414EE24E39410E000E05A
:104BB00020E04091890D60E084E490E00E941B15A4
:104BC00084EF90E00E94C41420E04091890D60E0E1
:104BD00084EF90E00E941B150C94768984E490E0A9
:104BE0000E94C414EE24E39410E000E020E0409121
:104BF000890D60E084E490E00E941B1583EF90E053
:104C00000E94C41420E04091890D60E083EF90E0A1
:104C10000E941B150C947689E2E0CE16D10419F59A
:104C200080914404811122C081E0809344048FE08C
:104C300091E00E94C41480E191E00E94C414EE242B
:104C4000E39410E000E020E04091890D60E08FE007
:104C500091E00E941B1561E070E086EF90E00E94F9
:104C600013590C947689CA94CD28F1F21092440419
:104C700080E191E00E94C4148FE091E00E94C4148E
:104C8000EE24E39410E000E020E04091890D60E024
:104C900080E191E00E941B1570E060E086EF90E0FB
:104CA0000E9413590C947689CD28B1F088E191E0E7
:104CB0000E94C4148DE191E00E94C414EE24E39498
:104CC00010E000E020E04091890D60E088E191E093
:104CD0000E941B150C9476898DE191E00E94C4140A
:104CE00088E191E00E94C414EE24E39410E000E017
:104CF00020E04091890D60E08DE191E00E941B155C
:104D00000C947689CD28B1F089E191E00E94C41419
:104D10008EE191E00E94C414EE24E39410E000E0E0
:104D200020E04091890D60E089E191E00E941B152F
:104D30000C9476898EE191E00E94C41489E191E09F
:104D40000E94C414EE24E39410E000E020E04091BF
:104D5000890D60E08EE191E00E941B150C9476892C
:104D6000CD28B1F08AE191E00E94C4148FE191E076
:104D70000E94C414EE24E39410E000E020E040918F
:104D8000890D60E08AE191E00E941B150C94768900
:104D90008FE191E00E94C4148AE191E00E94C41462
:104DA000EE24E39410E000E020E04091890D60E003
:104DB0008FE191E00E941B150C947689CD28B1F00B
:104DC0008BE191E00E94C41480E291E00E94C4143F
:104DD000EE24E39410E000E020E04091890D60E0D3
:104DE0008BE191E00E941B150C94768980E291E0A2
:104DF0000E94C4148BE191E00E94C414EE24E39459
:104E000010E000E020E04091890D60E080E291E058
:104E10000E941B150C947689CD28B1F08CE191E0AD
:104E20000E94C41481E291E00E94C414EE24E39431
:104E300010E000E020E04091890D60E08CE191E01D
:104E40000E941B150C94768981E291E00E94C414A3
:104E50008CE191E00E94C414EE24E39410E000E0A1
:104E600020E04091890D60E081E291E00E941B15F5
:104E70000C947689CD28D9F081E08093490282E2B2
:104E800091E00E94C41487E291E00E94C414EE24D1
:104E9000E39410E000E020E04091890D60E082E2C0
:104EA00091E00E941B150E94E7610C947689109294
:104EB000490287E291E00E94C41482E291E00E94DC
:104EC000C414EE24E39410E000E020E04091890D4A
:104ED00060E087E291E0E5CFCD28B1F081E08093FA
:104EE0004A0283E291E00E94C41488E291E00E94A9
:104EF000C414EE24E39410E000E020E04091890D1A
:104F000060E083E291E0CDCF10924A0288E291E026
:104F10000E94C41483E291E00E94C414EE24E3943E
:104F200010E000E020E04091890D60E088E291E02F
:104F3000B8CFCD28B1F081E080934B0284E291E0BC
:104F40000E94C41489E291E00E94C414EE24E39408
:104F500010E000E020E04091890D60E084E291E003
:104F6000A0CF10924B0289E291E00E94C41484E227
:104F700091E00E94C414EE24E39410E000E020E0ED
:104F80004091890D60E089E291E08BCFCD28B1F0AE
:104F900081E080934C0285E291E00E94C4148AE291
:104FA00091E00E94C414EE24E39410E000E020E0BD
:104FB0004091890D60E085E291E073CF10924C0240
:104FC0008AE291E00E94C41485E291E00E94C41438
:104FD000EE24E39410E000E020E04091890D60E0D1
:104FE0008AE291E05ECFCD28B1F081E080934D025E
:104FF00086E291E00E94C4148BE291E00E94C41406
:10500000EE24E39410E000E020E04091890D60E0A0
:1050100086E291E046CF10924D028BE291E00E9431
:10502000C41486E291E00E94C414EE24E39410E0DC
:1050300000E020E04091890D60E08BE291E031CF0B
:105040008CEA90E00E94C4148DEA90E00E94C4149F
:105050008EEA90E00E94C4148EEB91E00E94C4148A
:1050600087EA91E00E94C41402E0C016D104B1F1B5
:1050700088F4CA94CD2821F1EE24E39410E000E0F6
:1050800020E04091890D60E087EA91E00E941B15C5
:105090000C94768933E0C316D10471F144E0C41650
:1050A000D10451F7EE24E39410E000E020E04091B9
:1050B000890D60E08EEB91E00E941B150C947689BF
:1050C000EE24E39410E000E020E04091890D60E0E0
:1050D0008CEA90E00E941B150C947689EE24E394F0
:1050E00010E000E020E04091890D60E08DEA90E062
:1050F0000E941B150C947689EE24E39410E000E0E6
:1051000020E04091890D60E08EEA90E00E941B153E
:105110000C94768989E991E00E94C4148AE991E0AF
:105120000E94C414809132028823B1F0109232029E
:10513000EE24E39410E000E020E04091890D60E06F
:1051400089E991E00E941B1570E060E087E091E042
:105150000E9413590C94768981E080933202EE24E8
:10516000E39410E000E020E04091890D60E08AE9DE
:1051700091E00E941B1561E070E087E091E00E94E1
:1051800013590C94768981EC91E00E94C41480EC50
:1051900091E00E94C4148091E9038823B1F0109239
:1051A000E903EE24E39410E000E020E04091890D53
:1051B00060E081EC91E00E941B1570E060E089EFF7
:1051C00090E00E9413590C94768981E08093E90362
:1051D000EE24E39410E000E020E04091890D60E0CF
:1051E00080EC91E00E941B1561E070E089EF90E097
:1051F0000E9413590C94768985EA91E00E94C414A8
:1052000086EA91E00E94C414EE24E39410E000E0EA
:1052100020E04091890D60E0CD2831F486EA91E0EC
:105220000E941B150C94768985EA91E00E941B155B
:105230000C9476898EE990E00E94C4148FE990E086
:105240000E94C414EE24E39410E000E020E04091BA
:10525000890D60E0CD2831F48FE990E00E941B15A4
:105260000C9476898EE990E00E941B150C94768947
:105270008BEB91E00E94C4148CEB91E00E94C4146B
:10528000EE24E39410E000E020E04091890D60E01E
:10529000CD2831F48CEB91E00E941B150C9476899B
:1052A0008BEB91E00E941B150C9476898EE991E0BE
:1052B0000E94C4148FE991E00E94C414EE24E39488
:1052C00010E000E020E04091890D60E08EE991E07F
:1052D0000E941B150C9476898EE991E00E94C414FB
:1052E0008FE991E00E94C414EE24E39410E000E002
:1052F00020E04091890D60E08FE991E00E941B154C
:105300000C94768988E091E00E94C41489E091E0D1
:105310000E94C4148AE091E00E94C414EE24E39435
:1053200010E000E020E04091890D60E088E091E02D
:105330000E941B150C94768988E091E00E94C414A9
:1053400089E091E00E94C4148AE091E00E94C414B4
:10535000EE24E39410E000E020E04091890D60E04D
:1053600089E091E00E941B150C94768988E091E019
:105370000E94C4148AE091E00E94C41489E091E084
:105380000E94C414EE24E39410E000E020E0409179
:10539000890D60E08AE091E00E941B150C947689EB
:1053A0008BE091E00E94C4148DE091E00E94C4144F
:1053B0008CE091E00E94C414EE24E39410E000E03D
:1053C00020E04091890D60E08BE091E00E941B1588
:1053D0000C9476898DE091E00E94C4148CE091E0F9
:1053E0000E94C4148BE091E00E94C414EE24E39464
:1053F00010E000E020E04091890D60E08CE091E059
:105400000E941B150C9476898DE091E00E94C414D3
:105410008CE091E00E94C4148BE091E00E94C414DF
:10542000EE24E39410E000E020E04091890D60E07C
:105430008DE091E00E941B150C9476898FEF90E02F
:105440000E94C41480E091E00E94C4148EE091E0B8
:105450000E94C41482E091E00E94C41481E091E0B3
:105460000E94C414EE24E39410E000E020E0409198
:10547000890D60E08FEF90E00E941B150C947689F7
:105480008FEF90E00E94C41480E091E00E94C41469
:105490008EE091E00E94C41482E091E00E94C41466
:1054A00081E091E00E94C414EE24E39410E000E057
:1054B00020E04091890D60E080E091E00E941B15A2
:1054C0000C9476898EE091E00E94C41482E091E011
:1054D0000E94C41481E091E00E94C4148FEF90E018
:1054E0000E94C41480E091E00E94C414EE24E3946E
:1054F00010E000E020E04091890D60E081E091E063
:105500000E941B150C9476898FEF90E00E94C414C2
:1055100080E091E00E94C4148EE091E00E94C414E7
:1055200082E091E00E94C41481E091E00E94C414E2
:10553000EE24E39410E000E020E04091890D60E06B
:1055400082E091E00E941B150C9476898EE091E038
:105550000E94C41482E091E00E94C41481E091E0B2
:105560000E94C4148FEF90E00E94C41480E091E088
:105570000E94C414EE24E39410E000E020E0409187
:10558000890D60E08EE091E00E941B150C947689F5
:1055900052E0C516D10419F580912502811122C06F
:1055A00081E08093250284EA90E00E94C41485EA99
:1055B00090E00E94C414EE24E39410E000E020E0A8
:1055C0004091890D60E084EA90E00E941B1561E043
:1055D00070E081E091E00E9413590C947689CA949E
:1055E000CD28F1F21092250285EA90E00E94C414C1
:1055F00084EA90E00E94C414EE24E39410E000E0FA
:1056000020E04091890D60E085EA90E00E941B1542
:1056100070E060E081E091E00E9413590C9476897B
:1056200092E0C916D10419F580913602811122C089
:1056300081E08093360286EA90E00E94C41487EAF3
:1056400090E00E94C414EE24E39410E000E020E017
:105650004091890D60E086EA90E00E941B1561E0B0
:1056600070E080E091E00E9413590C947689CA940E
:10567000CD28F1F21092360287EA90E00E94C4141D
:1056800086EA90E00E94C414EE24E39410E000E067
:1056900020E04091890D60E087EA90E00E941B15B0
:1056A00070E060E080E091E00E9413590C947689EC
:1056B000B2E0CB16D10419F580912C04811122C0DF
:1056C00081E080932C0488EA90E00E94C41489EA67
:1056D00090E00E94C414EE24E39410E000E020E087
:1056E0004091890D60E088EA90E00E941B1561E01E
:1056F00070E082E091E00E9413590C947689CA947C
:10570000CD28F1F210922C0489EA90E00E94C41492
:1057100088EA90E00E94C414EE24E39410E000E0D4
:1057200020E04091890D60E089EA90E00E941B151D
:1057300070E060E082E091E00E9413590C94768959
:105740008091ED03882309F44CC080917A0E853056
:1057500009F04DC01092ED0384E490E00E94C4145F
:10576000EE24E39410E000E020E04091890D60E039
:1057700084E490E00E941B158AEA90E00E94C41421
:1057800083E091E00E94C4148EE590E00E94C4146E
:105790008DE490E00E94C4148EE490E00E94C41452
:1057A00020E04091890D60E08AEA90E00E941B159C
:1057B00086EB90E00E94805981E0809309028091FD
:1057C000ED03882311F40C94768980917A0E83304E
:1057D00089F08530C1F0823089F4809309020C94FD
:1057E000768981E08093ED0385E080937A0E0E94B4
:1057F000C75CE5CF809309020C94768984E080939E
:1058000009020C947689809309020C9476890E948F
:1058100052140C9476890E94E4130C94768940917A
:10582000890DE12CF2E0CF16D104D9F003E0C016C7
:10583000D10409F1CA94CD2851F010E000E020E035
:1058400060E085E790E00E941B150C94768910E0DB
:1058500000E020E060E086E790E00E941B150C94D9
:10586000768910E000E020E060E087E790E00E94A9
:105870001B150C94768910E000E020E060E088E7DA
:1058800090E00E941B150C9476898CE290E00E94B7
:10589000C414EE24E39410E000E020E04091890D70
:1058A00060E08CE290E00E941B150C94768922E067
:1058B000C216D10431F58091E803811125C081E041
:1058C0008093E80382EB91E00E94C41481EB91E0A5
:1058D0000E94C414EE24E39410E000E020E0409124
:1058E000890D60E081EB91E00E941B1581E00E9430
:1058F000AA0E61E070E084E091E00E9413590C94DC
:105900007689CA94CD28D9F21092E80381EB91E010
:105910000E94C41482EB91E00E94C414EE24E3942C
:1059200010E000E020E04091890D60E082EB91E022
:105930000E941B1580E00E94AA0E70E060E084E0E7
:1059400091E00E9413590C94768984EB91E00E94B7
:10595000C41483EB91E00E94C414EE24E39410E09D
:1059600000E020E0CA94CD2849F44091890D60E020
:1059700083EB91E00E941B150C9476894091890D70
:1059800060E084EB91E00E941B150C947689D09224
:10599000E703C092E603B60185E490E00E94755AE1
:1059A0000C94768952E0C516D10411F58091FC0360
:1059B000811121C01092FC0388EB91E00E94C41475
:1059C00087EB91E00E94C414EE24E39410E000E021
:1059D00020E04091890D60E087EB91E00E941B156B
:1059E00061E070E08AE091E00E9413590C9476899E
:1059F000CA94CD28F9F281E08093FC0387EB91E013
:105A00000E94C41488EB91E00E94C414EE24E39435
:105A100010E000E020E04091890D60E088EB91E02B
:105A20000E941B1570E060E08AE091E00E9413592B
:105A30000C9476898CE990E00E94C4148DE990E082
:105A40000E94C414EE24E39410E000E020E04091B2
:105A5000890D60E0CA94CD2831F48CE990E00E9471
:105A60001B150C9476898DE990E00E941B150C940F
:105A700076898FEA90E00E94C41480EB90E00E9447
:105A8000C414EE24E39410E000E020E04091890D7E
:105A900060E0CA94CD2831F48FEA90E00E941B1593
:105AA0000C94768980EB90E00E941B150C9476890B
:105AB00084E590E00E94C41485E590E00E94C4143F
:105AC000EE24E39410E000E020E04091890D60E0D6
:105AD000CA94CD2831F484E590E00E941B150C9403
:105AE000768985E590E00E941B150C94768984E008
:105AF00091E00E94C41485E091E00E94C414EE2459
:105B0000E39410E000E020E04091890D60E0CA9449
:105B1000CD2831F484E091E00E941B150C94768925
:105B200085E091E00E941B150C94768988E391E052
:105B30000E94C41487E391E00E94C414EE24E3940D
:105B400010E000E020E04091890D60E0CA94CD288B
:105B500031F488E391E00E941B150C94768987E369
:105B600091E00E941B150C9476898AEA91E00E94CC
:105B7000C4148BEA91E00E94C414EE24E39410E074
:105B8000CA94CD2859F400E020E04091890D60E0EE
:105B90008AEA91E00E941B150C94768900E020E0CF
:105BA0004091890D60E08BEA91E00E941B150C94F6
:105BB000768981E790E00E94C41480E790E00E941B
:105BC000C414EE24E394CA94CD2861F410E000E0FC
:105BD00020E04091890D60E081E790E00E941B1574
:105BE0000C94768910E000E020E04091890D60E09F
:105BF00080E790E00E941B150C94768989E990E07B
:105C00000E94C4148AE990E00E94C414EE24E39434
:105C100010E000E0CA94CD2851F420E04091890DB5
:105C200060E089E990E00E941B150C94768920E0E1
:105C30004091890D60E08AE990E00E941B150C9468
:105C4000768985E990E00E94C41486E990E00E947C
:105C5000C414EE24E39410E000E020E04091890DAC
:105C600060E0CA94CD2831F485E990E00E941B15CC
:105C70000C94768986E990E00E941B150C94768935
:105C8000CA94CD2811F40C9481A10E9468290C9427
:105C900076898DE590E00E94C4148CE590E00E9426
:105CA000C414EE24E39410E000E020E04091890D5C
:105CB00060E0CA94CD2831F48CE590E00E941B1579
:105CC0000C9476898DE590E00E941B150C947689E2
:105CD00081EA90E00E94C41480EA90E00E94C4141B
:105CE000EE24E39410E000E020E04091890D60E0B4
:105CF000CA94CD2831F480EA90E00E941B150C94E0
:105D0000768981EA90E00E941B150C9476898601C1
:105D100001501109033F91E0190710F00C947689A6
:105D2000C6010196813F910510F40E94C414053B01
:105D3000110518F0C8010E94C414C6010E94C414C1
:105D4000EE24E39410E000E020E04091890D60E053
:105D5000C6010E941B150C94768980914204909193
:105D60004304039711F00C947689A9ECB9E0E7E4B9
:105D7000F4E08D91819304E0EE34F007D1F7609167
:105D80004804709149046115710511F40C947E89E1
:105D900080914704823011F00C947E8980914D04EB
:105DA000843011F00C947E89CE014B960E94CF82F4
:105DB00064EA79E0CE0101960E940A4CBE016F5F51
:105DC0007F4FCE0145960E94384CBE01655E7F4FE5
:105DD000CE0145960E94AE4BCE0145960E94024CE4
:105DE000CE0101960E94024CCE014B960E94024CBD
:105DF0000C9476898091420490914304039711F0AA
:105E00000C947689A9ECB9E0E7E5F8E08D918193EF
:105E100018E0E836F107D1F76CE879E0CE01019699
:105E20000E940A4CCE0101960E94024C8EEB90E03B
:105E30000E94C35C0C947689809142049091430443
:105E4000039711F00C94DC8985ED9EE00E94F255D9
:105E50006B017C016091D50E7091D60E8091D70EAA
:105E60009091D80E25E030E040E050E00E9473C8E9
:105E7000C216D306E406F50610F00C94DC8982E025
:105E800090E0909343048093420462E070E0CE017E
:105E90004B960E940F836CED79E0CE0101960E9433
:105EA0000A4CBE016F5F7F4FCE0145960E94384C71
:105EB000BE01655E7F4FCE0145960E94AE4BCE017E
:105EC00045960E94024CCE0101960E94024CCE01E2
:105ED0004B960E94024C6091C9087091CA0881E0FB
:105EE00090E00E9413590C94DC89809101049091F8
:105EF0000204039711F00C94158A81EC9EE00E9435
:105F0000F255AB01BC018091C10E9091C20EA091DF
:105F1000C30EB091C40EB695A7959795879548176F
:105F200059076A077B0710F00C94158A82E090E00D
:105F3000909302048093010462E070E0CE014B96DE
:105F40000E940F836BE17AE0CE0101960E940A4C19
:105F5000BE016F5F7F4FCE0145960E94384CBE0157
:105F6000655E7F4FCE0145960E94AE4BCE014596B1
:105F70000E94024CCE0101960E94024CCE014B962B
:105F80000E94024C6091C9087091CA0881E090E0BB
:105F90000E94755A0C94158A143009F492C1153078
:105FA00011F00C94518A809101049091020403979E
:105FB00011F00C94518AAAEEBBE0EBE4F8E08D916D
:105FC000819388E0E735F807D1F767E97AE0CE01F9
:105FD00001960E940A4CCE0101960E94024C66E690
:105FE0007AE0CE0101960E940A4CCE0101960E94F1
:105FF000024C40914B0888EE93E0489F9001499FE6
:10600000300D1124309327022093260240914C0832
:10601000489F9001499F300D11243093290220930D
:10602000280240914D08489F9001499F300D11244E
:1060300030932B0220932A0240914E08489F9001F2
:10604000499F300D112430932D0220932C02409152
:106050004F08489F9001499F300D112430932F0223
:1060600020932E028091550881FB992790F99093F7
:10607000490282FB992790F990934A0283FB992762
:1060800090F990934B0284FB992790F990934C02DE
:1060900085FB992790F990934D0281708093370288
:1060A0000E94E76182EC90E00E9480598DE390E0CD
:1060B0000E94C414EE24E39410E000E020E040913C
:1060C000890D60E08DE390E034C19091EA0B9093EC
:1060D0005B048091EB0B80935C048091EC0B8093CC
:1060E0005D048091ED0B80935E048091EE0B8093B4
:1060F0005F048091EF0B8093600420915C043091E9
:106100005D04232B11F40C94518A923011F00C94FD
:10611000518A843011F00C94518A6091010470917D
:106120000204CE0187960E940F836EEF7AE0CE01C3
:1061300081960E940A4C60915C0470915D04CE01CE
:106140004B960E94CF8269EE7AE0CE0101960E94C2
:106150000A4CBE016F5F7F4FCE0145960E94384CBE
:10616000BE01655E7F4FCE0145960E94AE4BBE01DB
:106170006F5D7F4F0E94AE4BBE01695D7F4F0E94F5
:10618000AE4BCE0145960E94024CCE0101960E9474
:10619000024CCE014B960E94024CCE0181960E9489
:1061A000024CCE0187960E94024C2091010430914E
:1061B00002042250310980915C0490915D042230E8
:1061C000310550F09C012D7F2130310529F08730B9
:1061D000910511F00C94518A60915E0470915F04F6
:1061E0000E94E3700C94518A809101049091020402
:1061F000039711F00C94518AAAEEBBE0E4E5F4E0B9
:106200008D91819334E0EB35F307D1F7609155041C
:10621000709156046115710511F40C94518A8091A6
:106220005404823011F00C94518A80915A048430C5
:1062300011F00C94518ACE014B960E94CF826EECE5
:106240007AE0CE0101960E940A4CBE016F5F7F4F3B
:10625000CE0145960E94384CBE01655E7F4FCE014F
:1062600045960E94AE4BCE0145960E94024CCE014F
:1062700001960E94024CCE014B960E94024C0C9457
:10628000518A8091010490910204039711F00C94BB
:10629000518AAAEEBBE0E8E6F8E08D91819348E0F0
:1062A000E238F407D1F76CEB7AE0CE0101960E9458
:1062B0000A4CCE0101960E94024C0E94826A0C9404
:1062C000518A8091010490910204039711F00C947B
:1062D000518AAAEEBBE0E7E5F8E08D91819358E0A2
:1062E000E836F507D1F76AEA7AE0CE0101960E9416
:1062F0000A4CCE0101960E94024C6FE77AE0CE0173
:1063000001960E940A4CCE0101960E94024C81EC3B
:1063100090E00E9480598EEF90E00E94C414EE2419
:10632000E39410E000E020E04091890D60E08EEF02
:1063300090E00E941B150C94518A80913D028823A5
:1063400011F40C945C8A8091420490914304833050
:10635000910511F40C945C8A029751F085ED9EE052
:106360000E94F255672B682B692B11F40C945C8A00
:1063700080917C1890917D1890938118809380185B
:1063800010928718109288181092891810928A1803
:1063900010928B1810928C1810928D1810928E18E3
:1063A00010928F18109290181092911810929218C3
:1063B0008091851881110C94CEBB4090861848AA14
:1063C00081E0809386180E94A53F9AAB89AB01E0DB
:1063D0000FA78091841881110C94C5BB80918018FF
:1063E00090918118892B11F40C94C5BB80918B1866
:1063F00090918C18A0918D18B0918E180196A11DC6
:10640000B11D80938B1890938C18A0938D18B09326
:106410008E180E94A53F2C01712C612C4BAA5CAAFE
:106420006DAA7EAAE0918018F091811885A596A5A5
:106430009093831880938218828180FF02C00C940D
:10644000D8BBC12CD12C7601812C912C54010C94F9
:106450009DBC1092A80D1092A90D1092940D10924F
:10646000950D0E943D138091F6039091F7030196DC
:106470002091F4033091F5032D503E4F2817390732
:1064800010F484EF91E09093F7038093F60344EFC8
:1064900051E060E070E086E99DE00C94D48A809140
:1064A000320F882311F40C944A8B80914004909110
:1064B0004104892B31F486E990E00E940C840C940D
:1064C0004A8B84EB90E0F9CF60E08CE390E00C9491
:1064D000078D8091C40481111092C4048BE69DE065
:1064E0000E94AB5687E39DE00E946856882309F41A
:1064F00042C08EE580937C0080917A008064809316
:106500007A0080917A0086FDFCCF2091780030914E
:10651000790050E040E065EA77E681E190E00E9492
:1065200041C8CA01B9016B5F7F4F8F4F9F4F2AE06F
:1065300030E040E050E00E9441C8CA01B9010E9429
:106540000EC76093150D7093160D8093170D9093E1
:10655000180D6093FD037093FE038093FF039093E7
:1065600000040E94FBC98CE590E00E94755A87E305
:106570009DE00E94AB5680914004909141040097A9
:1065800009F4D1C1019709F4C8C280913D049091EA
:106590003E048130910509F411C7029709F0E8CE55
:1065A00081E00E94A01880913D02882309F4E0CE8A
:1065B00010923D02DDCE8BE79EE00E94685681116D
:1065C00010926804C090BE04D090BF04E090C00454
:1065D000F090C1042AE037ED43EA5CEB6091690476
:1065E00070916A0480916B0490916C040E9407C7BB
:1065F00087FF0AC02DEC3CEC4CE05FE3C701B6011D
:106600000E9407C787FD0AC02DEC3CEC4CEC5DE313
:10661000C701B6010E9407C787FF25C0809171049A
:10662000811119C080913B04811115C080913404FF
:10663000882329F081E00E94A06E0E94986E8091CC
:10664000400490914104892B31F081E090E09093D7
:106650003E0480933D041092C3041092C40482E16E
:1066600090E00C94E98D8091400490914104892B35
:1066700009F432CF80916804811130CF8091710488
:10668000909134049111FEC0811128CF80913B0478
:106690008111FAC080906D0490906E04A0906F04F8
:1066A000B090700436E9232E34E0332E8101F801D6
:1066B00020813181428153810C5F1F4F648175813C
:1066C000868197810E9417C92B013C012AE037ED92
:1066D00043E25BE30E9407C718165CF429E23CE53D
:1066E0004FE85DE3C301B2010E9469CA18160CF0BD
:1066F000A7C010926D0410926E0410926F04109255
:10670000700420E030E040E251E460916D0470914B
:106710006E0480916F04909170040E9489C94B01AE
:106720005C018092690490926A04A0926B04B0921A
:106730006C0410926D0410926E0410926F0410920B
:1067400070042091960430919704409198045091E0
:106750009904C701B6010E9417C96B017C0100E0D2
:1067600019E0F101208131814281538184E0280EBA
:10677000311C64817581868197810E9417C920E050
:1067800030E0A9010E9407C787FD70C0123109F4EB
:106790000DA51F5F133129F725ED38E749EE5CE3BE
:1067A000C501B4010E9469CA181654F42CEE31E5F3
:1067B00048E35DE3C501B4010E9407C787FD0EC031
:1067C00028EB3EE145E85EE3C701B6010E9469CAD5
:1067D00018160CF083CE002309F480CE8091761831
:1067E00090917218933009F043C0843059F080932F
:1067F000771884E08093761864E070E086E091E09A
:106800000E94755A8091720490917304A09174044F
:10681000B09175048093640490936504A09366041A
:10682000B093670481E08093FB0340E958E360E0A4
:1068300070E085E89EE00E9498560E948A154ECE30
:10684000A3019201C501B4010E9418C94B015C016A
:10685000F4E00E3B1F0709F02ACF80926D0490925E
:106860006E04A0926F04B09270044BCF00E094CFFE
:10687000853041F28093771885E08093761865E043
:1068800070E0BCCF81112ACE80913B04811126CECD
:10689000209164043091650440916604509167042E
:1068A000C701B6010E9417C92EEA37E441EE5DE345
:1068B0000E9407C787FD0AC02AE939E949E55FE375
:1068C000C701B6010E9407C787FF08CE81E00E947A
:1068D000A06E0E94986E02CE8091C404882309F4B1
:1068E000FDCD8091400490914104892B09F4F6CDAF
:1068F0001092C3041092C40481E090E090933E048F
:1069000080933D0482E190E00E94C35C65E070E00A
:1069100086E091E00E94755A70E060E085EB90E0BF
:106920000E94755ADBCD129A80913F048530C0F0E9
:106930008091010490910204039781F487EB90E029
:106940000E94C35CEE24E39410E000E020E040915C
:10695000890D60E08DEA91E00E941B1510923F04C2
:1069600080913D0490913E04892B01F58FE89EE0D3
:106970000E9468568823D1F0F090890D0E946AC663
:1069800025E030E040E050E00E9441C8FB01EE0FFE
:10699000FF1FE55AF44F85919491EE24E39410E0A3
:1069A00000E020E04F2D60E00E941B15809139042B
:1069B00090913C049923B1F090913B04911112C045
:1069C00090913A0491110EC0882329F00E947739E2
:1069D0000E941029DACD0E942B310E94DB290E94EF
:1069E000772BD3CD8111D1CD84E098E10E946856F8
:1069F000982E882309F445C0809172188450823003
:106A000008F084C0809173180E94E309182F811147
:106A10007DC093E0E92E94E0F92EA12C81E00E9444
:106A2000D01F6C01D7019C9186EFB82EB90E8A2D2C
:106A30000E94F909009123180150080FF701808185
:106A40008B1550F510828A2D0E94F909882339F0A0
:106A5000602F70E02FEF40E0C6010E94B61DA394A6
:106A6000BFEFEB1AFB0AE8E2AE12D8CF112309F40C
:106A70004DC042E350E060E070E084E098E10E94A5
:106A8000985680913C02811180CD80910C18811123
:106A90007CCD0E94773979CDB082BB20A1F28A2DBE
:106AA0000E94F909882381F110E0F60180810E949B
:106AB000FE58DC0112968D919C910817190720F55C
:106AC000B801C6010E942B1E862EF72FE82F20E06A
:106AD00030E040E0671708F4672F6E1708F46E2F58
:106AE000662371F09B2D70E080E00E94C0C8869EF6
:106AF000202D1124F69F302D1124E69F402D1124C6
:106B0000B801C6010E947C1D192DA9CF10920C1846
:106B100010920D1810923804B4CF12988091390455
:106B200081110E94682980913704811110923704E5
:106B300080913C04882361F08091D30E811108C0BC
:106B400010923C0410923604109235040E94710C8D
:106B50000E94D109882309F444C080913B0481112B
:106B600040C080913A048823E1F1809172188250EC
:106B7000823008F024C1809173180E94E3098111CA
:106B800002C00E946B3040E050E0BA0188E198E119
:106B90000E949856409138025091390270E060E0AE
:106BA0008EE090E10E94985680E00E94FF2C80E0E9
:106BB0000E94160A10923A040E94710C82E691E03B
:106BC0000E94C414EE24E39410E000E020E0409121
:106BD000890D60E082E691E00E941B1580E00E9432
:106BE000A01880913404882309F48EC08DEA9EE0B9
:106BF0000E946856882379F08091731881110BC028
:106C00008091230290912402029729F4809122021C
:106C100081110E9406588CE09FE00E9468568823EC
:106C2000B1F01092140F1092150FE0917618E15008
:106C3000FF0BEE0FFF1FEF5AF44F4591549170E098
:106C400060E086E19FE00E9498561092330486E14E
:106C50009FE00E9468568823A1F08091140F811153
:106C600010C0E0917618E150FF0BEE0FFF1FE95BBB
:106C7000F44F4591549170E060E08CE09FE00E94F9
:106C800098568091140F882309F4B5C0809137027B
:106C9000882309F181E00E948509809133048111E4
:106CA00017C0EE24E39410E000E020E04091890D4D
:106CB00060E08DE390E00E941B1520E04091890D7B
:106CC00060E082E490E00E941B1581E08093330431
:106CD00081E00E94390989EE9EE00E94685688236F
:106CE00009F474C01092F10E1092F20E42E350E0DB
:106CF00060E070E083EF9EE00E94985681E00E9481
:106D0000FF2C81E00E94160A80913204882309F446
:106D100097C180912C04811107C080917318823033
:106D200019F081E00E94850980E29FE00E94685688
:106D3000882309F4E9C0F090890D8091731882309E
:106D400009F066C0EE24E39410E000E020E04F2D4F
:106D500061E084E591E00E941B15809176188230F5
:106D600009F4ABC108F075C0813009F49FC04091AF
:106D7000260250912702403ABFE05B0708F4FDC1AC
:106D80005695479570E060E08DEF9EE00E94985622
:106D900080912C048111B8C080917318823009F45D
:106DA000B3C01092140F1092150F4091260250910B
:106DB0002702403AEFE05E0708F4A5C19DC040916C
:106DC0003A0250913B0270E060E0E0CE83EF9EE03B
:106DD0000E946856882309F494CF1092FB0E1092FB
:106DE000FC0E42E350E060E070E089EE9EE00E941D
:106DF000985680E084CF80E00E94850980E00E9460
:106E0000FF2C80E00E94160A80E00E9439097CCFA6
:106E10000E946AC625E030E040E050E00E9441C890
:106E2000FB01EE0FFF1FE55AF44F85919491EE247C
:106E3000E39408E710E021E04F2D60E00E941B156D
:106E400008EE13E021E04091890D61E083EB90E0D2
:106E500082CF833009F461C1843009F088CF40913A
:106E6000280250912902403A9FE0590708F480C156
:106E70005695479570E060E08DEF9EE00E94985631
:106E800080912C04811140C0809173188230E1F10F
:106E90001092140F1092150F409128025091290260
:106EA000403AAFE05A0708F42EC126C040912E02A6
:106EB00050912F02403AFFE05F0708F4F9C0569561
:106EC000479570E060E08DEF9EE00E9498568091BB
:106ED0002C04811119C0809173188230A9F010928E
:106EE000140F1092150F40912E0250912F02403A2C
:106EF0000FE0500708F407C15695479570E060E031
:106F00008CE09FE00E9498568CE09FE00E94F25532
:106F1000672B682B692B31F480912C04811102C0FE
:106F20000E9485098091050F8823B1F18091731823
:106F3000823091F180912C04882319F081E00E9425
:106F4000850981E00E94390989EE9EE00E94685619
:106F5000882309F417C11092F10E1092F20E42E349
:106F600050E060E070E083EF9EE00E9498568091D0
:106F70002502882339F081E00E94FF2C80912502B0
:106F8000811107C080912B04811103C081E00E9410
:106F9000FF2C81E00E94160A8DEF9EE00E94685649
:106FA000882309F44DC08DE190E00E948059109231
:106FB000050F1092060F1092140F1092150F83EB0D
:106FC00090E00E94C41484E591E00E94C41487E517
:106FD00091E00E94C414EE24E39410E000E020E06D
:106FE0004091890D60E088E591E00E941B15809139
:106FF0007318823009F0E0C00CED15E021E04091FB
:10700000890D61E082E390E00E941B15109232042A
:107010008DE190E00E94C35C80E00E94850980E0E1
:107020000E94390980E00E94FF2C80E00E94160A2D
:107030001092F10E1092F20E1092FB0E1092FC0EB6
:107040000E942B318BEC9EE00E946856882309F445
:10705000BEC00E948E6D8FE89EE00E946856882315
:1070600009F422C180912F04882309F41DC1809165
:107070007218833009F4DCC0853009F4F9C068E87F
:1070800073E1823009F0D9C08CE791E00E942D13A2
:1070900080917318823009F401C1833009F473C1FF
:1070A000813009F001C168E873E187E390E0FAC03C
:1070B00040ED57E060E070E006CF40912C02509127
:1070C0002D02403A1FE0510718F15695479570E0A0
:1070D00060E08DEF9EE00E94985680912C04811113
:1070E00013CF80917318823009F40ECF1092140FD1
:1070F0001092150F40912C0250912D02403A2FE032
:10710000520708F0F9CE40ED57E060E070E0F8CEAD
:1071100040ED57E060E070E0DCCF40912A025091F2
:107120002B02403A3FE05307F0F05695479570E048
:1071300060E08DEF9EE00E94985680912C048111B2
:10714000E3CE80917318823009F4DECE1092140FD2
:107150001092150F40912A0250912B02403A8FE075
:10716000580788F2C9CE40ED57E060E070E0E1CF0B
:1071700040ED57E060E070E07FCE40ED57E060E02A
:1071800070E002CE83EF9EE00E946856882309F4E7
:10719000F5CE1092FB0E1092FC0E42E350E060E040
:1071A00070E089EE9EE00E94985680912502882327
:1071B00009F4E8CE80E0E0CEEE24E39410E000E0B5
:1071C00020E04091890D60E084EB90E01DCF80913C
:1071D0003104882309F43FCF8091D30E882309F42A
:1071E0003ACF6091CB0E7091CC0E8091CD0E9091E4
:1071F000CE0E0E940CC720E030E040EC5FE30E941E
:1072000089C96B017C018BEC9EE00E94F2550E94C3
:107210000CC79B01AC01C701B6010E9469CA1816D0
:107220000CF019CF809151028F5F8093300413CFFF
:1072300068E873E186E290E029CF80E190E00E9467
:107240002D1368E873E18EE890E00E942D1368E842
:1072500073E180E990E00E942D1368E873E180E615
:1072600091E00E942D130E949E5810922E0410CF80
:107270000E945F0C882351F080912D0468E873E12F
:10728000882349F08AEB91E00E942D1368E873E1AE
:1072900085E991E0D4CF89EB91E0F6CF68E873E11E
:1072A00082E390E00E942D130E94DB2980913B0431
:1072B000882309F494CB80913602882309F48FCB7C
:1072C00084E298E10E946856882309F45EC980919F
:1072D000300487FD20C080E00E94D01F3091320230
:1072E00020915102E09130040E2E000CFF0B33234D
:1072F00009F451C02D3009F04BC0E65CF44FE49125
:107300006E2F70E02FEF40E00E94B61D8091300498
:1073100081508093300480912E04882331F080E6E0
:1073200091E00E94B71410922E0440912E18042F61
:1073300010E090913502809172188250823098F559
:10734000911104C080913C04882361F088EE97E19C
:107350000E94F84E2091300230913102021B130B33
:10736000080F191F80913A04882329F0C801880F5B
:10737000991F080F191FA80170E060E084E298E1EE
:107380000E94985602C968E873E187E491E08ACFC9
:10739000E55DF44FB4CF2D3019F4E25EF44FAFCF7A
:1073A000E15FF44FACCF911104C080913C0488237D
:1073B000C9F288EE97E10E94F84ED2CF10924104B4
:1073C0001092400410923E0410923D041092970EC9
:1073D0001092980E80913104811104C08091D30ED7
:1073E000882359F1109231041092D30E1092D40ECA
:1073F00080917318823031F00E945130109216182B
:107400001092171840E050E0BA0184E298E10E941F
:10741000985640E050E0BA0188E198E10E94985601
:1074200040E050E0BA018EE090E10E9498560E9440
:10743000041585E290E00E94C35C82E691E00E9420
:10744000C4148BE490E00E94C4148EE790E00E9484
:10745000C4148FE790E00E94C41480913404882300
:1074600009F48BC080E00E94A06E0E94986E80910B
:10747000420490914304039721F00E94DC140E947F
:10748000FB8282E090E00E94C41483EB90E00E94B3
:10749000C41480917318823041F484E591E00E9415
:1074A000C41482E390E00E94C41480917318813068
:1074B00021F487E390E00E94C41480917318833014
:1074C00021F487E491E00E94C41480912E04882363
:1074D00031F080E691E00E94C41410922E04809155
:1074E0003B04882309F468C083E591E00E94C4143A
:1074F00085E591E00E94C41480917318823009F1EF
:1075000088E691E00E94C414809172188450823001
:1075100020F489E691E00E94C414EE24E39410E084
:1075200000E020E04091890D60E086E591E00E9456
:107530001B1520E04091890D60E084EB90E00E94F3
:107540001B1580913A048111DCC080917218833040
:1075500009F44AC0853009F455C0EE24E39410E0E4
:1075600000E020E04091890D60E0823009F047C0E2
:1075700083E290E00E941B1569C080E00E94FF2C0E
:1075800080E00E94160A1092F10E1092F20E1092F4
:10759000FB0E1092FC0E80E00E94850910921E0FD7
:1075A00010921F0F1092140F1092150F80E00E947E
:1075B0003909109233045BCF80913204882309F497
:1075C000C0CF83E591E00E94C41487E591E00E945A
:1075D000C414EE24E39410E000E020E04091890D13
:1075E00060E088E591E0ABCFEE24E39410E000E0AA
:1075F00020E04091890D60E087E290E0BBCF8CE510
:1076000091E0B8CF0E945F0C882309F46FC080918D
:10761000A8059091A905029709F055C00091890D20
:107620000E946AC625E030E040E050E00E9441C878
:10763000FB01EE0FFF1FE55AF44F6591749130E0A6
:1076400020E040E080E991E00E945E808091721825
:10765000833009F461C0853009F478C0823009F0C4
:1076600064C08BE791E00E94C41462E370E08CE791
:1076700091E00E942D131092350210923402109264
:10768000330281E08093380480933C048093360475
:10769000809335048093370440E050E0BA0184E0E1
:1076A00098E10E9498566091370470E08BE090E07A
:1076B0000E9413596091370470E08BE090E00E94C3
:1076C000755A0C94B8B14CE552E260E070E08FE876
:1076D0009EE00E949856EE24E39410E000E020E043
:1076E0004091890D60E080E991E044CFEE24E3947D
:1076F00010E000E020E04091890D60E082EA91E036
:1077000039CFEE24E39410E000E020E04091890DB1
:1077100060E082E090E02ECF85E290E00E94C41409
:1077200062E370E086E290E0A4CF81E090E00E9406
:10773000C41483E891E00E94C4148FE090E00E949A
:10774000C41462E370E080E190E093CF81E090E0C8
:107750000E94C4148EE491E00E94C4148AEB91E06C
:107760000E94C4148DE991E00E94C41462E370E0A9
:1077700089EB91E00E942D1362E370E085E991E0CE
:1077800078CF0E94815D0C94B8B10E94A53F8C0116
:107790005FA451106AC158A85092861882E592E4FD
:1077A000892B11F40C9485880E9452420C94858890
:1077B0008091871890918818A0918918B0918A18A3
:1077C0000196A11DB11D8093871890938818A093EE
:1077D0008918B0938A18818D928DA38DB48D892BD1
:1077E0008A2B8B2B41F4BE016F5F7F4FCF010E942C
:1077F000A03E0C9421B20E94B3876B017C010091E2
:10780000801810918118D80113968D909D90AD909D
:10781000BC9016971B964D915D916D917C911E9732
:1078200017968D919D910D90BC91A02D2601370149
:10783000441A550A660A770AB301A2014817590784
:107840006A077B0710F40C9421B2F801818D928DA8
:10785000A38DB48D181619061A061B065CF4818DCB
:10786000928DA38DB48D0197A109B109818F928F5B
:10787000A38FB48FF80181A192A1A3A1B4A1019615
:10788000A11DB11D81A392A3A3A3B4A38785908951
:107890008130910509F481C0029709F0D5C0C386F3
:1078A000D486E586F686D8011B964D915D916D9143
:1078B0007C911E97D501C401840F951FA61FB71F89
:1078C0008C199D09AE09BF09F801818B928BA38B9E
:1078D000B48BC41AD50AE60AF70AC58AD68AE78A9B
:1078E000F08E87829086A186B2860E94A53F4C01C9
:1078F000B12CA12CE0918018F091811805A0F6A17F
:10790000E02D3097A9F0199580918F1890919018DB
:10791000A0919118B09192180196A11DB11D80936C
:107920008F1890939018A0939118B09392181FA657
:107930000E94A53F6C01F12CE12C8091821890915E
:10794000831890938118809380180E94A53F4091DE
:107950009C1850919D1860919E1870919F184BA88B
:107960005CA86DA87EA84419550966097709840E9C
:10797000951EA61EB71E880E991EA11CB11C8C1840
:107980009D08AE08BF0880929C1890929D18A09206
:107990009E18B0929F180C94E9B183859485A585B3
:1079A000B6854781508561857285840F951FA61F16
:1079B000B71F83879487A587B68783859485A58518
:1079C000B685880D991DAA1DBB1D8C199D09AE0990
:1079D000BF09B7FF68CF81149104A104B10471F10C
:1079E0008DA69EA61501D8011B964D905D906D90B9
:1079F0007C901E971B968D919D910D90BC91A02D12
:107A0000A7019601281B390B4A0B5B0BCA01B90170
:107A10002DA53EA5A1010E9473C86DA57EA5C1013B
:107A20000E94A4C8460E571E681E791ED8011B96D8
:107A30004D925D926D927C921E9735CFF1E0FDA73D
:107A40001EA6212C312CCFCF83859485A585B685A4
:107A50004781508561857285840F951FA61FB71FCA
:107A600083879487A587B6871ECF80919718882330
:107A700009F491CE80919608909197088C5798417F
:107A800009F089CE8091940890919508892B09F48A
:107A900082CE0E94A53F7C0130E020E0C901B80100
:107AA00049A85AA86419750981099109E0919408B7
:107AB000F091950819950E94A53F4091A01850910A
:107AC000A1186091A2187091A318480F591F611D49
:107AD000711D4E195F09610971094093A0185093F7
:107AE000A1186093A2187093A31855CE143011F406
:107AF0000C94FAAE153011F00C94B88880914204C1
:107B000090914304039711F00C947689A9ECB9E0A5
:107B1000EBE4F8E08D91819328E0E735F207D1F7A7
:107B200065E779E0CE0101960E940A4CCE010196EC
:107B30000E94024C8FEB90E00E94C35C0C9476890B
:107B4000CF93DF93EC01198A188A1B8A1A8A1F8641
:107B50001E86198E188E0E94B387688779878A8758
:107B60009B871C821D821E821F82188219821A82A4
:107B70001B828AE090E09D878C871F8A1E8A1B8E5D
:107B80001A8E1D8A81E08C8BDF91CF910895CF935F
:107B9000DF93EC011F86188A1E861E8A1D8A0E94AA
:107BA000B387688779878A879B871C821D821E829C
:107BB0001F82188219821A821B828AE090E09D87B8
:107BC0008C871C8A1B8A188E1F8A1A8A81E0898BEF
:107BD000DF91CF910895CF93DF93EC01862F6883D7
:107BE00079831A821B821C821D821E821F82188644
:107BF00019861B861A8662E00E94D0831D861C8629
:107C000081E090E09F878E8788810E947983998B9D
:107C1000888B9B8B8A8B9D8B8C8B1E8A1F8A188EE0
:107C2000198EDF91CF910895FC0110861482158280
:107C30001682178211861082118212821382089591
:107C4000FC01E450FE4F2EE72083319610823196DE
:107C500010823196108231961082319621E820836D
:107C600031961082319610823196118210823296AE
:107C700011821082329610823396108231961082D1
:107C80003196108231961082319610823196108290
:107C90003196108211821282138238961082865E8B
:107CA0009D4FFC011082089588E998E00E941B3FD7
:107CB0008AEA9DE00E94024C809138189091391810
:107CC0000E94F8CC809135189091361897FD03C02A
:107CD00060E00E94D08380914E1890914F180E94CE
:107CE000F8CC80914B1890914C1897FD03C060E040
:107CF0000E94D0838091661890916718009711F0C8
:107D00000E94F8CC8091681890916918009711F042
:107D10000E94F8CC80915E1890915F18009711F046
:107D20000E94F8CC8091601890916118009711F032
:107D30000E94F8CC8091621890916318009711F01E
:107D40000E94F8CC8091641890916518009711F00A
:107D50000E94F8CC80916A1890916B18009711F0EE
:107D60000E94F8CC80916C1890916D18009711F0DA
:107D70000E94F8CC82E080938618E0917C18F09104
:107D80007D18309759F095A586A510AA17A614A6B8
:107D900013A616A615A6E92FF82FF3CF10927D187B
:107DA00010927C1810927F1810927E1810928118F1
:107DB00010928018109283181092821810929318C3
:107DC0001092941810929518109296188091960817
:107DD000909197088C57984121F41092970810922F
:107DE00096080895009711F481E090E00C945CCC23
:107DF0008F929F92AF92BF92CF92DF92EF92FF92BB
:107E00000F931F93CF93DF9300D000D000D01F9229
:107E1000CDB7DEB71092B9051092B80548EE53E021
:107E200060E070E04093BA055093BB056093BC05D9
:107E30007093BD058DE093E09093B7058093B605F0
:107E400025E331E03093C3052093C20524E331E0FC
:107E50003093C5052093C40520E331E03093C70576
:107E60002093C60521E331E03093C9052093C8056E
:107E700022E331E03093CB052093CA0526E331E0BD
:107E80003093CD052093CC051092CF051092D005EC
:107E90001092D1051092D2051092560610925506F6
:107EA00040935706509358066093590670935A06AC
:107EB000909354068093530625ED30E0309360068E
:107EC00020935F0624ED30E0309362062093610634
:107ED00020ED30E0309364062093630621ED30E01E
:107EE000309366062093650622ED30E030936806F5
:107EF0002093670626ED30E030936A0620936906EA
:107F000010926C0610926D0610926E0610926F061B
:107F10001092F3061092F2064093F4065093F50681
:107F20006093F6067093F7069093F1068093F0063F
:107F30002DEC30E03093FD062093FC062CEC30E075
:107F40003093FF062093FE0628EC30E030930107C3
:107F50002093000729EC30E03093030720930207B9
:107F60002AEC30E030930507209304072EEC30E034
:107F700030930707209306071092090710920A070B
:107F800010920B0710920C071092900710928F0717
:107F900040939107509392076093930770939407CF
:107FA00090938E0780938D0785EC90E090939A07CD
:107FB0008093990784EC90E090939C0780939B07B3
:107FC00080EC90E090939E0780939D0781EC90E079
:107FD0009093A00780939F0782EC90E09093A20774
:107FE0008093A10786EC90E09093A4078093A30769
:107FF0001092A6071092A7071092A8071092A9073F
:1080000091E0909368089093690834E030936A088F
:1080100030936B0822E320936C088EE180936D0807
:108020004CE040936E0882E080936F088093700864
:10803000209371081092720890937308209374082B
:10804000409375088093760880937708209378088A
:108050001092790810927A084DE040937B08809343
:108060007C0880937D0820937E0843E04093570866
:10807000809358088093590810925A0810925B0810
:1080800010925C0830935D0890935E0890935F08AF
:1080900090936008209361084CE1409362089093AC
:1080A00063089093640880934B0880934C088093F6
:1080B0004D0880934E0880934F088093500880931A
:1080C00051088093520880935308809354089093EA
:1080D000420830934308109244081092450885E006
:1080E0008093460810924708209348081092490848
:1080F00090932A0830932B0810922C0810922D0888
:1081000080932E0890932F08109230081092310817
:1081100020933208209333082093340810923608B5
:1081200010923508109238081092370810923A08C9
:108130001092390810923C0810923B0810923E08A9
:1081400010923D088BE98093820888E0809385082F
:1081500080E091E090938408809383080E94F2BEAF
:10816000909387088093860830E020E08091830810
:108170009091840828173907E0F4C90160918208BA
:1081800070E048E050E0FC01E078FF27880F991F7D
:10819000EF2B11F08627972741505109A1F7E09165
:1081A0008608F0918708E20FF31F80832F5F3F4F0F
:1081B000DDCF10928B0810928A0888EE93E0A0E041
:1081C000B0E080938C0890938D08A0938E08B093B4
:1081D0008F088FE193E0909389088093880882E06C
:1081E000809386181092851810927D1810927C1832
:1081F00010927F1810927E18109281181092801899
:108200001092831810928218109284181092871876
:10821000109288181092891810928A1810928B1850
:1082200010928C1810928D1810928E1810928F1830
:108230001092901810929118109292181092931810
:1082400010929418109295181092961811E01093AD
:1082500097180E94A53FB0E0A0E0809398189093F3
:108260009918A0939A18B0939B1810929C1810928A
:108270009D1810929E1810929F181092A01810929C
:10828000A1181092A2181092A318109286188CE7C9
:1082900098E1909397088093960886E898E09093E9
:1082A000950880939408109370181093711884E0C7
:1082B0008093721810927318109274188FE780933D
:1082C000751885E080937618809377181092781847
:1082D0001092791810927A1883E080937B1880911D
:1082E000510290915002890F97E0980F90936F1868
:1082F00080936E1886E080935B1886E090E0909300
:108300005D1880935C1882E190E00E94F2BE909329
:1083100067188093661880915B1890E00E94F2BE07
:10832000909369188093681880915B1890E00E9480
:10833000F2BE90935F1880935E1880915B1890E076
:108340000E94F2BE909361188093601880915B1830
:1083500090E00E94F2BE909363188093621880911F
:108360005B1890E0880F991F0E94F2BE90936518E9
:108370008093641880915B1890E0880F991F0E9489
:10838000F2BE90936B1880936A1880915B1890E00E
:108390000E94F2BE90936D1880936C1820E033E039
:1083A0006FEF7FEF80915B18281708F046C0822F8F
:1083B00090E0E0916618F0916718239FE00DF11DA1
:1083C0001124108211821282E0916818F0916918CC
:1083D000E80FF91F1082E0915E18F0915F18E80F26
:1083E000F91F1082E0916018F0916118E80FF91FF1
:1083F0001082E0916218F0916318E80FF91F108263
:10840000AC01440F551FA0916418B0916518A40FDA
:10841000B51F6D937C93E0916A18F0916B18E40F8F
:10842000F51F1182108240916C1850916D18840FC5
:10843000951FFC0110822F5FB5CF45E350E06EE33E
:1084400070E085E498E10E949BC54DE050E060E457
:1084500070E08FE298E10E949BC580914F0280936B
:108460002E1884E298E10E9414BE809151028093FC
:1084700023188093221888E198E10E9414BE8EE0B0
:1084800098E10E9414BE84E098E10E9414BE88EE38
:1084900097E10E94A0BD00E014E188EEE82E87E19C
:1084A000F82EC8010E94C7BD075E1F4FE016F106F7
:1084B000C1F708E110E1C8010E94C7BD075E1F4F68
:1084C000F4E100301F07B9F78EE090E10E9414BE7E
:1084D00082EF9FE00E94A0BD80914E0291E0980F34
:1084E0009093F10F94E2980F9093F00F95E2980F0C
:1084F0009093EF0F885C8093EE0F84EE9FE00E94D4
:1085000014BE8AED9FE00E9414BE80ED9FE00E94A1
:1085100014BE6FE170E086EB9FE00E94EBBD67E167
:1085200070E08CE99FE00E94EBBD69E170E082E8B9
:108530009FE00E94EBBD6BE170E088E69FE00E9447
:10854000EBBD6DE170E08EE49FE00E94EBBD65E263
:1085500070E084E39FE00E94EBBD8AE29FE00E940E
:1085600014BE80E29FE00E9414BE86E19FE00E945C
:1085700014BE8CE09FE00E9414BE80914D02809357
:10858000070F80914C028093080F80914B028093DB
:10859000090F80914A0280930A0F809149028093CB
:1085A0000B0F8DEF9EE00E9414BE83EF9EE00E94B1
:1085B00014BE89EE9EE00E9414BE8FED9EE00E94E4
:1085C00014BE85ED9EE00E9414BE8BEC9EE00E94DE
:1085D00014BE81EC9EE00E9414BE87EB9EE00E94D8
:1085E00014BE8DEA9EE00E9414BE83EA9EE00E94C3
:1085F00014BE89E99EE00E9414BE8FE89EE00E94AE
:1086000014BE85E89EE00E9414BE8BE79EE00E94A7
:1086100014BE8091721880937A0E80E79EE00E94CB
:1086200014BE6BE270E086E59EE00E94EBBD109206
:10863000F20D1092F30D1092F40D1092120E109292
:10864000110E1092140E1092130E1092170E10921B
:10865000180E1092190E10921A0E10921B0E8FEF18
:108660009FEFDC0180931C0E90931D0EA0931E0EB5
:10867000B0931F0E1092200E1092210E1092220E17
:108680001092230E1092240E1092250E1092260E98
:108690001092270E1092280E1092290E10922A0E78
:1086A00010922B0E10922C0E10922D0E10922E0E58
:1086B00010922F0E1092300E1092310E1092320E38
:1086C0001092330E1092340E1092350E1092360E18
:1086D0001092370E1092380E1092390E10923A0EF8
:1086E00010923B0E1092AB0D1092AA0D1092AD0D90
:1086F0001092AC0D1092AF0D1092AE0D50E040E014
:1087000067E373E08AEA9DE00E94E14B80EA9DE026
:108710000E9414BE86E99DE00E9414BE8CE89DE094
:108720000E9414BE8091480280938B0D80938A0D25
:10873000809147024CE3849FC001112424E630E07D
:10874000B9010E94D4C86C536093890D8091460290
:10875000849FC0011124B9010E94D4C86C53609356
:10876000880D80E48093750D1092410D1092420D9A
:108770001092430D1092440D1092450D1092460D2B
:108780001092470D1092480D1092490D10924A0D0B
:1087900010924B0D10924C0D10924D0D10924E0DEB
:1087A00010924F0D1092500D1092510D1092520DCB
:1087B0001092530D1092540D1092550D1092560DAB
:1087C0001092570D1092580D1092590D10925A0D8B
:1087D00010925B0D10925C0D10925D0D10925E0D6B
:1087E00010925F0D1092600D04E110E01093620D85
:1087F0000093610D1092630D1092640D1092650D3F
:108800001092660D1092670D1092680D1092690D0E
:1088100010926A0D8BE69DE00E9414BE10920D0D21
:1088200010920E0D10920F0D1092100D1092110D4E
:108830001092120D1092130D1092140D1092150D2E
:108840001092160D1092170D1092180D1092190D0E
:1088500010921A0D10921B0D10921C0D10921D0DEE
:1088600010921E0D10921F0D1092200D1092210DCE
:108870001092220D1092230D1092240D1092250DAE
:108880001092260D1092270D1092280D1092290D8E
:1088900010922A0D10922B0D10922C0D10932E0D6C
:1088A00000932D0D10922F0D1092300D1092310D5E
:1088B0001092320D1092330D1092340D1092350D2E
:1088C0001092360D87E39DE00E9414BE8CEE9AE074
:1088D0000E9420BE8BEC98E00E9420BE1A8619866A
:1088E00086E0898387E08A838AE18B8381E18C83B8
:1088F0008CE08D8389E08E8388E18F8391E0988777
:108900008987FE0131969E01255F3F4FC12CD12CF6
:1089100076018191460157018826BA2CA92C982C02
:108920008824AA24BB24B501A401440F551F661F47
:10893000771F482559256A257B25DB01CA0112E0EE
:10894000880F991FAA1FBB1F1A95D1F78427952757
:10895000A627B727AC01BD0104E0440F551F661FD1
:10896000771F0A95D1F784279527A627B727AC014B
:10897000BD014427507866277727D501C401B695F5
:10898000A79597958795842B952BA62BB72BCD2C48
:10899000DE2CEF2CFF24C826D926EA26FB26AC01C4
:1089A000BD011FE076956795579547951A95D1F7C4
:1089B000C426D526E626F726B695A79597958795DA
:1089C000C826D926EA26FB262E173F0709F0A1CF95
:1089D000D092CA08C092C90881E393E090939908A5
:1089E0008093980880919A088E7F80939A0880914E
:1089F0009A088D7F80939A0880919A088B7F809344
:108A00009A081092A3081092A4081092A508109238
:108A1000A60810929B0810929C0810929D08109234
:108A20009E0810929F081092A0081092A108109220
:108A3000A2081092C4081092C3081092C60810929F
:108A4000C5081092C8081092C7081092B908109271
:108A5000BA081092BB081092BC081092A808109295
:108A6000A7081092A9081092AA081092AB081092B9
:108A7000AC081092AD081092AE081092AF08109298
:108A8000B00888E396E59093BE088093BD081092E5
:108A9000C0081092BF081092C2081092C10886E068
:108AA00090E0A0E0B0E080939B0890939C08A09396
:108AB0009D08B0939E0880919B0890919C08A0917E
:108AC0009D08B0919E0880939F089093A008A09362
:108AD000A108B093A2080E94B3876093A308709383
:108AE000A4088093A5089093A6088FEF9FEFDC0160
:108AF0008093B5089093B608A093B708B093B808D0
:108B00008093B1089093B208A093B308B093B408CF
:108B10002A960FB6F894DEBF0FBECDBFDF91CF917E
:108B20001F910F91FF90EF90DF90CF90BF90AF908B
:108B30009F908F900895CF92DF92EF92FF920F93C4
:108B40001F93CF93DF93EC016B01F42EE52E198276
:108B500018861F86188A198A1A8A81E08E878B8761
:108B60001C8692E09D8788838B01000F111F060FE2
:108B7000171F1D830C83C8010E945CCC9A878987CC
:108B8000009789F1A80170E060E00E946BCEDB8263
:108B9000CA82FE82EF828981882341F061E08F2DB5
:108BA0000E94D08360E08F2D0E94A2838F2D9E2D86
:108BB000FC01E550F04FE491F0E0EE0FFF1FEF51A4
:108BC000F04F259134913C8B2B8BFC01E556F04FF7
:108BD000E491ED8BDF91CF911F910F91FF90EF907A
:108BE000DF90CF9008951D821C821B821A82D1CF04
:108BF000CF93DF93CDB7DEB764970FB6F894DEBF9F
:108C00000FBECDBFFE01359620E1DF011D922A95F2
:108C1000E9F728E029839B838A8383E08C8382E0C1
:108C20008D83CE0101960E94AE7964960FB6F894BA
:108C3000DEBF0FBECDBFDF91CF9108958F929F927F
:108C4000AF92BF92CF92DF92EF92FF92CF93DF93DA
:108C5000EC01688179818A819B81611571058105AB
:108C6000910521F464E279ED8BE597E02DE133EF96
:108C700041E050E00E9441C849015A019B01AC010A
:108C8000A7EAB1E40E9460C86B017C01ACEEB4EFCE
:108C9000A50194010E946EC8C60ED71EE81EF91EDB
:108CA000F7FE06C081E0C81AD108E10880E8F80A9A
:108CB000C882D982EA82FB82C701B6019F77DF9121
:108CC000CF91FF90EF90DF90CF90BF90AF909F90AB
:108CD0008F9008958F929F92AF92BF92CF92DF9222
:108CE000EF92FF9260915202709153028091540270
:108CF00090915502611571058105910521F464E299
:108D000079ED8BE597E02DE133EF41E050E00E94F3
:108D100041C849015A019B01AC01A7EAB1E40E9494
:108D200060C86B017C01ACEEB4EFA50194010E9418
:108D30006EC8C60ED71EE81EF91EF7FE06C081E0FB
:108D4000C81AD108E10880E8F80AC0925202D0920D
:108D50005302E0925402F0925502C701B6019F7788
:108D6000FF90EF90DF90CF90BF90AF909F908F904B
:108D7000089560935202709353028093540290932B
:108D800055020895FB01DC0105900D920020E1F7EA
:108D90000895FC0105900020E9F7809590958E0FCD
:108DA0009F1F0895BB274A3031F4992322F4BDE276
:108DB000909581959F4F0C94DEC6BB27FB015527EC
:108DC000AA27880F991FAA1FA41710F0A41B839528
:108DD0005051B9F7A05DAA3308F0A95DA19300979F
:108DE00079F7B111B1931192CB010C94F7C6DC0164
:108DF000FC01672F71917723E1F7329704C07C91D2
:108E00006D9370836291AE17BF07C8F308950E94F7
:108E100049C708F481E00895E89409C097FB3EF43F
:108E200090958095709561957F4F8F4F9F4F9923B7
:108E3000A9F0F92F96E9BB279395F6958795779535
:108E40006795B795F111F8CFFAF4BB0F11F460FFF5
:108E50001BC06F5F7F4F8F4F9F4F16C0882311F04D
:108E600096E911C0772321F09EE8872F762F05C061
:108E7000662371F096E8862F70E060E02AF09A95FC
:108E8000660F771F881FDAF7880F9695879597F9F1
:108E90000895990F0008550FAA0BE0E8FEEF16168B
:108EA0001706E807F907C0F012161306E407F507DE
:108EB00098F0621B730B840B950B39F40A2661F052
:108EC000232B242B252B21F408950A2609F4A140F5
:108ED000A6958FEF811D811D08950E9480C70C9477
:108EE000F1C70E94E3C738F00E94EAC720F095233B
:108EF00011F00C94DAC70C94E0C711240C9425C827
:108F00000E9402C870F3959FC1F3950F50E0551F62
:108F1000629FF001729FBB27F00DB11D639FAA27CE
:108F2000F00DB11DAA1F649F6627B00DA11D661F1D
:108F3000829F2227B00DA11D621F739FB00DA11D3E
:108F4000621F839FA00D611D221F749F3327A00DF8
:108F5000611D231F849F600D211D822F762F6A2F94
:108F600011249F5750409AF0F1F088234AF0EE0FF9
:108F7000FF1FBB1F661F771F881F91505040A9F726
:108F80009E3F510580F00C94DAC70C9425C85F3FD2
:108F9000E4F3983ED4F3869577956795B795F79562
:108FA000E7959F5FC1F7FE2B880F911D96958795DA
:108FB00097F9089597F99F6780E870E060E0089559
:108FC0009FEF80EC089500240A94161617061806E1
:108FD0000906089500240A941216130614060506BD
:108FE0000895092E0394000C11F4882352F0BB0F4E
:108FF00040F4BF2B11F460FF04C06F5F7F4F8F4FB1
:109000009F4F089557FD9058440F551F59F05F3FEB
:1090100071F04795880F97FB991F61F09F3F79F09A
:1090200087950895121613061406551FF2CF46951C
:10903000F1DF08C0161617061806991FF1CF86959E
:109040007105610508940895E894BB276627772782
:10905000CB0197F90895F999FECF92BD81BDF89A99
:10906000992780B50895262FF999FECF1FBA92BD92
:1090700081BD20BD0FB6F894FA9AF99A0FBE0196F9
:109080000895052E97FB1EF400940E9458C857FDC2
:1090900007D00E9473C807FC03D04EF40C9458C844
:1090A00050954095309521953F4F4F4F5F4F089514
:1090B00090958095709561957F4F8F4F9F4F089544
:1090C0000E9495C8A59F900DB49F900DA49F800D00
:1090D000911D11240895B7FF0C9460C80E9460C8C8
:1090E000821B930B0895A1E21A2EAA1BBB1BFD0144
:1090F0000DC0AA1FBB1FEE1FFF1FA217B307E40777
:10910000F50720F0A21BB30BE40BF50B661F771FCE
:10911000881F991F1A9469F76095709580959095AE
:109120009B01AC01BD01CF010895A29FB001B39F87
:10913000C001A39F700D811D1124911DB29F700D60
:10914000811D1124911D0895DB018F939F930E942F
:1091500060C8BF91AF91A29F800D911DA39F900DFC
:10916000B29F900D11240895991B79E004C0991FB6
:10917000961708F0961B881F7A95C9F78095089571
:10918000AA1BBB1B51E107C0AA1FBB1FA617B7072D
:1091900010F0A61BB70B881F991F5A95A9F7809549
:1091A0009095BC01CD01089597FB072E16F400940D
:1091B00007D077FD09D00E94C0C807FC05D03EF457
:1091C000909581959F4F0895709561957F4F089573
:1091D000EE0FFF1F881F8BBF0790F691E02D1994AB
:1091E0002A0D3B1D4C1D5D1D6E1D7F1D801F911F97
:1091F00008952A193B094C095D096E097F09800B06
:10920000910B08952A153B054C055D056E057F05FC
:109210008007910708950024A7FD00942A173005C0
:10922000400550056005700580059005089550586B
:10923000BB27AA270E942FC90C94F1C70E94E3C73D
:1092400038F00E94EAC720F039F49F3F19F426F461
:109250000C94E0C70EF4E095E7FB0C94DAC7E92F15
:109260000E9402C858F3BA1762077307840795076C
:1092700020F079F4A6F50C9424C80EF4E0950B2E9A
:10928000BA2FA02D0B01B90190010C01CA01A00158
:109290001124FF27591B99F0593F50F4503E68F1B3
:1092A0001A16F040A22F232F342F4427585FF3CFF4
:1092B000469537952795A795F0405395C9F77EF4C5
:1092C0001F16BA0B620B730B840BBAF09150A1F00E
:1092D000FF0FBB1F661F771F881FC2F70EC0BA0F94
:1092E000621F731F841F48F4879577956795B7951C
:1092F000F7959E3F08F0B0CF9395880F08F0992717
:10930000EE0F9795879508950E942CCAE3950C94CB
:1093100055CA0E949DC90C94F1C70E94EAC758F033
:109320000E94E3C740F029F45F3F29F00C94DAC7AC
:1093300051110C9425C80C94E0C70E9402C868F330
:109340009923B1F3552391F3951B550BBB27AA27FE
:1093500062177307840738F09F5F5F4F220F331F38
:10936000441FAA1FA9F335D00E2E3AF0E0E832D000
:1093700091505040E695001CCAF72BD0FE2F29D003
:10938000660F771F881FBB1F261737074807AB07D5
:10939000B0E809F0BB0B802DBF01FF2793585F4F4A
:1093A0003AF09E3F510578F00C94DAC70C9425C82A
:1093B0005F3FE4F3983ED4F3869577956795B7952C
:1093C000F7959F5FC9F7880F911D9695879597F937
:1093D0000895E1E0660F771F881FBB1F62177307B0
:1093E0008407BA0720F0621B730B840BBA0BEE1FC5
:1093F00088F7E09508950E940AC888F09F5798F072
:10940000B92F9927B751B0F0E1F0660F771F881F89
:10941000991F1AF0BA95C9F714C0B13091F00E94A3
:1094200024C8B1E008950C9424C8672F782F8827AA
:10943000B85F39F0B93FCCF3869577956795B395CA
:10944000D9F73EF490958095709561957F4F8F4F39
:109450009F4F08950C94E0C70E940AC8D8F3E8947F
:10946000E0E0BB279F57F0F02AED3FE049EC06C053
:10947000EE0FBB0F661F771F881F28F0B23A6207F6
:109480007307840728F0B25A620B730B840BE395C1
:109490009A9572F7803830F49A95BB0F661F771F44
:1094A000881FD2F790480C9448CBEF93E0FF07C099
:1094B000A2EA2AED3FE049EC5FEB0E942FC90E942F
:1094C000F1C70F90039401FC9058E4EEF0E00C9487
:1094D00082CB0E9449C708F48FEF0895FA01EE0F7E
:1094E000FF1F309621053105A1F16115710561F469
:1094F0008038BFE39B0749F168949038810561F09B
:109500008038BFEF9B0741F099234AF5FF3FE10503
:109510003105210519F1E8940894E795D901AA23AA
:1095200029F4AB2FBE2FF85FD0F310C0FF5F70F4AB
:10953000A695E0F7F73950F019F0FF3A38F49F7725
:109540009F930DD00F9007FC9058089546F00C940F
:10955000E0C760E070E080E89FE308954FE79F7701
:109560005F934F933F932F930E94E0CB2F913F91B6
:109570004F915F910E946DC70C9414CB9F930E94F2
:109580002CCA0F9007FCEE5F0C9455CA19F416F420
:109590000C94E0C70C9446CB0E940AC8B8F39923F8
:1095A000C9F3B6F39F57550B87FF0E9454CB002495
:1095B000A0E640EA900180585695979528F4805C83
:1095C000660F771F881F20F026173707480730F4EB
:1095D000621B730B840B202931294A2BA695179403
:1095E0000794202531254A2758F7660F771F881FD3
:1095F00020F026173707480730F4620B730B840BF3
:10960000200D311D411DA09581F7B901842F91587E
:10961000880F96958795089529F416F00C94DAC76B
:109620000C9424C80C94E0C70E940AC8A8F396388A
:10963000A0F707F80F92E8942BE33AEA48EB5FE7CC
:109640000E9483C70F920F920F924DB75EB70F9291
:109650000E9428CCE2E0F1E00E945BCB4F915F9149
:10966000EF91FF91E595EE1FFF1F49F0FE57E0686F
:109670004427EE0F441FFA95E1F74195550B0E94E0
:10968000A2CB0F9007FE0C9496CB08959F3F31F02C
:10969000915020F4879577956795B795880F911D20
:1096A0009695879597F9089591505040660F771FCA
:1096B000881FD2F70895DF93CF931F930F93FF92E4
:1096C000EF92DF927B018C01689406C0DA2EEF01E5
:1096D0000E9480C7FE01E894A5912591359145919E
:1096E0005591A6F3EF010E942FC9FE019701A80131
:1096F000DA9469F7DF90EF90FF900F911F91CF916F
:10970000DF9108959F938F937F936F93FF93EF93D0
:109710009B01AC010E946DC7EF91FF910E945BCB52
:109720002F913F914F915F910C946DC79B01AC01BC
:1097300060E070E080E89FE30C9489C90C94DAC77C
:109740000C9446CB0E940AC8D8F39923C9F3940F0E
:10975000511DA3F39150504094F059F0882332F0FA
:10976000660F771F881F91505040C1F79E3F5105EB
:109770002CF7880F911D9695879597F908955F3F6F
:10978000ACF0983E9CF0BB27869577956795B7958A
:1097900008F4B1609395C1F7BB0F58F711F460FF5F
:1097A000E8CF6F5F7F4F8F4F9F4FE3CF0C9425C85B
:1097B00016F00C9446CB0C94E0C768940C94DAC76E
:1097C0000E940AC8A8F39923C1F3AEF3DF93CF93A5
:1097D0001F930F93FF92C92FDD2788232AF021972B
:1097E000660F771F881FDAF720E030E040E85FEB74
:1097F0009FE3883920F0803E38F021968F770E94D1
:1098000018C9EAE2F1E004C00E9418C9E7E5F1E0F6
:109810000E945BCB8B01BE01EC01FB2E6F577109DF
:109820007595771F880B990B0E940EC728E132E7C8
:1098300041E35FE30E9480C7AF2D9801AE01FF9026
:109840000F911F91CF91DF910E942FC90C94F1C706
:10985000FA01DC01AA0FBB1F9B01AC01BF5728F422
:10986000222733274427507820C0B75190F4AB2FDC
:109870000024469537952795011CA395D2F3002027
:1098800071F0220F331F441FB395DAF30ED00C94FE
:1098900017C961307105A0E88A07B94630F49B0109
:1098A000AC016627772788279078309621F02083AF
:1098B00031834283538308950F931F93CF93DF9394
:1098C0008230910510F482E090E0E091B018F091C0
:1098D000B11830E020E0B0E0A0E0309799F4211515
:1098E000310509F44AC0281B390B24303105D8F55D
:1098F0008A819B816115710589F1FB0193838283C4
:10990000FE0111C04081518102811381481759071E
:10991000E0F04817590799F4109761F012960C93EC
:10992000129713961C933296CF01DF91CF911F911E
:109930000F9108950093B0181093B118F4CF21152A
:10994000310551F04217530738F0A901DB019A01A4
:10995000BD01DF01F801C1CFEF01F9CF9093B1183C
:109960008093B018CDCFFE01E20FF31F8193919346
:109970002250310939832883D7CF2091AE183091F6
:10998000AF18232B41F420915802309159023093A3
:10999000AF182093AE18209156023091570221152E
:1099A000310541F42DB73EB740915A0250915B0208
:1099B000241B350BE091AE18F091AF18E217F307B6
:1099C000A0F42E1B3F0B2817390778F0AC014E5F2F
:1099D0005F4F2417350748F04E0F5F1F5093AF18A5
:1099E0004093AE18819391939FCFF0E0E0E09CCF3D
:1099F000CF93DF930097E9F0FC0132971382128234
:109A0000A091B018B091B118ED0130E020E01097AE
:109A1000A1F420813181820F931F2091AE183091E3
:109A2000AF182817390709F061C0F093AF18E09319
:109A3000AE18DF91CF910895EA01CE17DF07E8F560
:109A40004A815B819E0141155105B1F7E901FB8314
:109A5000EA8349915991C40FD51FEC17FD0761F4B2
:109A6000808191810296840F951FE90199838883F3
:109A7000828193819B838A83F0E0E0E012968D914E
:109A80009C9113970097B9F52D913C911197CD01B9
:109A90000296820F931F2091AE183091AF182817AD
:109AA000390739F6309751F51092B1181092B01865
:109AB000B093AF18A093AE18BCCFD383C2834081BC
:109AC0005181840F951FC817D90761F44E5F5F4F0E
:109AD00088819981480F591F518340838A819B81D6
:109AE000938382832115310509F0B0CFF093B1182B
:109AF000E093B0189ECFFD01DC01C0CF138212822B
:109B0000D7CF4F925F926F927F928F929F92AF9238
:109B1000BF92CF92DF92EF92FF920F931F93CF935A
:109B2000DF938C01009799F4CB01DF91CF911F91C6
:109B30000F91FF90EF90DF90CF90BF90AF909F90EC
:109B40008F907F906F905F904F900C945CCCFC0155
:109B5000E60FF71F9C0122503109E217F30708F4C2
:109B6000AEC0D901CD91DC911197C617D70720F16E
:109B7000C530D10578F0CE0104978617970750F0CD
:109B8000C61BD70B2297C193D1936D937C93CF01C2
:109B90000E94F8CCC801DF91CF911F910F91FF90E7
:109BA000EF90DF90CF90BF90AF909F908F907F907D
:109BB0006F905F904F9008955B01AC1ABD0A4C0105
:109BC0008C0E9D1EA091B018B091B118512C412C53
:109BD000F12CE12C109731F58091AE189091AF18CF
:109BE0008815990509F05CC04616570608F058C05C
:109BF0008091560290915702009741F48DB79EB71D
:109C000040915A0250915B02841B950BE817F907AB
:109C100008F055C0F093AF18E093AE18F9017183C6
:109C20006083B8CF8D919C91119712966C9012978A
:109C300013967C901397A815B90559F56C0142E06D
:109C4000C40ED11CCA14DB0420F1AC014A195B0913
:109C5000DA011296159780F06282738251834083F5
:109C6000D9016D937C93E114F10471F0D70113963F
:109C7000FC93EE9312978ECF22968C0F9D1FF901C5
:109C800091838083F301EFCFF093B118E093B01884
:109C900081CF4816590608F42C017D01D3019ACFD3
:109CA000CB010E945CCC7C01009749F0AE01B80169
:109CB0000E9462CEC8010E94F8CC87016BCF10E0F1
:109CC00000E068CFFB01DC0102C001900D92415021
:109CD0005040D8F70895DC0101C06D9341505040C9
:109CE000E0F70895FB01DC0101900D920020E1F7FF
:109CF000089518E0C5E4D8E000E006C0802FFE011A
:109D00000E94E8C82196011DC634D10780E00807EB
:069D1000A9F7F894FFCF53
:109D16001E9600011E010101320128060924646411
:109D26006464FEC8FEC8FEC8010401020001307565
:109D360001010102000170178813A00FB80BD007AC
:109D4600F4010101010101012C012C0101010805A9
:109D5600FF01001001026464BA0101010101072735
:109D6600240F010000000000B21880000102030465
:109D760005010101010100010100010000010100CE
:109D8600000100010100000000353E000000010056
:109D960000353E000000020000353E0000000301D1
:109DA600000D400000000401000D40000000050108
:109DB600000D40000000FE0102040810204000646F
:109DC600F00000006000FF0165F000000FD200FF08
:109DD6000066F00000916000FF0067F0000000D20E
:109DE60000FF0068300002182000FF00690600042A
:109DF600A09200FF006A30000132FF1CFF006B30AA
:109E0600000132FF00FF006C3000030005008000F7
:109E16006D300003000500FF0000000000E541185A
:109E2600415E4132428F416D41814100000000E8B0
:109E360043BB4317449143B443A1439243000000FC
:109E4600001B3F9B3F0D0A004552524F523A20538A
:109E560054414C45205041434B4554004552524FC6
:109E6600523A205041594C4F41445F4552524F524D
:109E7600004552524F523A204352435F4552524F89
:109E860052004552524F523A2053544F505F425956
:109E960054455F4552524F52004552524F523A2056
:109EA600556E646566696E656420737461746520B9
:029EB6000000AA
:00000001FF
