:100000000C942F060C9460060C9460060C94600609
:100010000C9460060C9460060C9460060C946006C8
:100020000C9460060C9460060C9460060C946006B8
:100030000C9460060C9460060C9460060C946006A8
:100040000C9460060C9460060C9460060C94600698
:100050000C9460060C9460060C9460060C945EA3ED
:100060000C9460060C9435A50C940BA50C946006BA
:100070000C9460060C9460060C9460060C94600668
:100080000C9460060C9460060C9460060C94600658
:100090000C94E1A40C94B7A40C9460060C947AAC74
:1000A0000C9460060C9460060C9460060C94600638
:1000B0000C9460060C9460060C9460060C94600628
:1000C0000C9460060C9460060C9460060C94600618
:1000D0000C9460060C9460060C948DA40C9463A49C
:1000E0000C94600605A84CCDB2D44EB93836A9029E
:1000F0000C50B9918688083CA6AAAA2ABE00000026
:10010000803F07634236B79BD8A71A39685618AEA6
:10011000BAAB558C1D3CB7CC5763BD6DEDFD753E3C
:10012000F6177231BF000000803F08000000BE9249
:100130002449123EABAAAA2ABECDCCCC4C3E00002C
:100140000080BEABAAAAAA3E00000000BF000000CB
:10015000803F0000000000084178D3BB4387D113E3
:100160003D190E3CC3BD4282AD2B3E68EC8276BE8B
:10017000D98FE1A93E4C80EFFFBE01C4FF7F3F0055
:10018000000000000C94D98E0C94F39E0C94F1485E
:100190000C94D6A70C9464930C9407A90C940E8F1E
:1001A0000C94098B0C947E930C94149F0C94EB5636
:1001B0000C944A960C9494960C9458A20C940A9F12
:1001C0000C94CE6B0C94C46B0C94E06B0C9458960E
:1001D0000C9487930C9495A60C94FC8E0C944C571D
:1001E0000C94BA570C940FA20C948A1F0C94E647F7
:1001F0000C9473B10C94014B0C94BD920C944E96DC
:100200000C94971F0C94D76B0C9441A70C94015835
:100210000C94D2A60C9461490C94958F0C94269F53
:100220000C9468930C942D470C9452480C94F6A7A8
:100230000C94B9480C94AE310C94648F0C94DF5735
:100240000C9422A90C94EE8E0C9456670C94214ABF
:100250000C943D4A0C947B400C946AA80C94371F74
:100260000C94068F0C94886B0C949F900C94F2570E
:100270000C94AC310C9429500C94EA940C94241CEA
:100280000C941D8F0C9414AA0C9461960C949F9658
:100290000C9497930C94B1A60C947F400C94B531B8
:1002A0000C940A8F0C949E900C9448960C940A58C7
:1002B0000C94CF490C9488670C94138F0C940A48C3
:1002C0000C94898A0C9465400C9431630C94E8A6D4
:1002D0000C944C9F0C94941F0C94F5900C9416A7BE
:1002E0000C94E58E0C94914A0C94839F0C94394B9A
:1002F0000C94C1900C946F9F0C940E930C948541B8
:100300000C94C6940C9481480C9479940C942E907F
:100310000C94A0A20C9439630C94D5480C942650EC
:100320000C94E54A0C94E3A60C9454960C9438A2D1
:100330000C949D480C9424630C9473400C941650B8
:100340000C9435640C946F400C948D9F0C9497968C
:100350000C9471960C9493A90C945A960C94A23117
:100360000C94DD8E0C94C8560C94F8920C94AD4A03
:100370000C94AA310C9464960C9466960C94C992D1
:100380000C94B3940C9498570C942C500C94F994AE
:100390000C9445490C944C960C946B400C9403932C
:1003A0000C9423950C944C930C94148F0C942E6302
:1003B0000C942AA70C942B630C947D490C944796BB
:1003C0000C946A960C9468960C94A2460C941E5752
:1003D0000C9475630C9473560C942A470C94F28E0B
:1003E0000C9449930C941D4B0C94371C0C94692D60
:1003F0000C94FAAD0C94594A0C94C8900C94A36BCD
:100400000C9456A70C9499490C94ADA70C94509653
:100410000C9490930C940E620C94878F0C9497A874
:100420000C9409A70C947F410C94FB6B0C94188FCF
:100430000C9427470C94A1220C94D9920C94C94A8D
:100440000C94B7920C9477400C94AA560C9409958E
:100450000C942E9F0C945B670C94A0A90C94289587
:100460000C9433470C945C960C945B9F0C94E18E37
:100470000C94429F0C9498560C940D490C949AA697
:100480000C94FB9E0C94D3920C941E9F0C9434A855
:100490000C945E960C9428A20C94E9490C94281CA8
:1004A0000C944B400C948B410C9473410C94E18F51
:1004B0000C9465A70C94C0A60C94F7A60C941A9300
:1004C0000C94FCA60C94B04F0C94E88E0C94BB30AA
:1004D0000C94AE900C9432A20C9436480C946CA2FE
:1004E0000C94389F0C949E930C9452960C94F5A601
:1004F0000C94009F0C949A960C94659F0C94E1A622
:100500000C9476570C941C8F0C946B410C94C392F2
:100510000C94A8310C9434070C946C930C942F64B5
:100520000C948D670C9429640C94A16B0C946D96BB
:100530000C949F6B0C9426930C940BA70C94008F37
:100540000C94799F0C941D470C9423500C946F9637
:100550000C94054A0C9492960C941E8F0C94738FF5
:100560000C9441A90C949D6B0C94ED920C947941E0
:100570000C9424910C94F88E0C949D960C94304716
:100580000C9420500C94D38E0C9429490C94754AE9
:1005900047657474696E672057616E642050726598
:1005A000666572656E6365730047657474696E672E
:1005B00020536D6F6B6520507265666572656E6362
:1005C000657300536176696E672057616E642050D1
:1005D0007265666572656E636573005061636B205A
:1005E00053796E6320456E64005061636B205379CC
:1005F0006E63205374617274005061636B2070727B
:100600006F746F636F6C206D69736D6174636821C3
:1006100000526563762E2053796E63205061796CA9
:100620006F616400526563762E20536D6F6B652099
:10063000436F6E66696700526563762E2057616E60
:100640006420436F6E66696700526563762E204DA5
:100650006573736167653A2000526563762E2043A7
:100660006F6D6D616E643A2000000102030405069F
:100670000708090A0B0C0D0E0F1011121314151692
:100680001718191A1B1C1D1E1F20212223302F2E64
:100690002D2C2B2A292827262500010203040506D4
:1006A0000708090A0B0C0D0E0F1011121314151662
:1006B0001718191A1B1C1D1E1F2021222331302F31
:1006C0002E2D2C2B2A2928272600191830011A171D
:1006D0002F021B162E031C152D041D142C051E1392
:1006E0002B061F122A072011290821102809220F82
:1006F000270A230E260B240D250000000000000011
:1007000000000000000101010101010101020202DB
:10071000020202030303030404040405050505069D
:1007200006060707070808080909090A0A0B0B0B40
:100730000C0C0D0D0E0E0F0F1010111112121313C1
:10074000141415151617171818191A1A1B1C1C1D26
:100750001E1E1F2020212223232425262627282968
:100760002A2A2B2C2D2E2F2F303132333435363789
:100770003838393A3B3C3D3E3F4041424344454690
:1007800047494A4B4C4D4E4F50515254555657586D
:10079000595B5C5D5E5F61626364666768696B6C30
:1007A0006D6F70717374757778797B7C7E7F8082D2
:1007B00083858688898B8C8E8F9192949597989A51
:1007C0009B9D9EA0A2A3A5A6A8AAABADAFB0B2B4B4
:1007D000B5B7B9BABCBEC0C1C3C5C7C8CACCCECFF5
:1007E000D1D3D5D7D9DADCDEE0E2E4E6E8E9EBED17
:1007F000EFF1F3F5F7F9FBFDFFDDDFE9EFF3F6F9D4
:10080000FBFDFE000102030405060708090A320089
:100810002D280023001E0000190000140000000F06
:1008200000000000000A00000000000000000005B9
:10083000645F5A55504B46413C3732002D28002307
:10084000001E0000190000140000000F000000004E
:10085000000A0000000000000000000532373C41A3
:10086000464B50555A5F645761726E696E673A2005
:1008700043616C63756C61746564206D7573696345
:1008800020636F756E742065786365656473206D91
:100890006178696D756D20706F737369626C653B0B
:1008A000205344206361726420636F7272757074A8
:1008B000696F6E206C696B656C7921005761726E8F
:1008C000696E673A20547261636B20636F756E7452
:1008D00020646F6573206E6F74206D61746368208F
:1008E0006669726D776172652120506C6561736510
:1008F0002075706461746520746865206D69637229
:100900006F5344206361726420736F756E64206559
:100910006666656374732E005761726E696E673A1E
:100920002043616C63756C61746564206D757369D7
:100930006320636F756E74206578636565647320EA
:100940006D6178696D756D20706F737369626C6528
:100950003B205344206361726420636F7272757030
:1009600074696F6E206C696B656C792100576172D8
:100970006E696E673A20547261636B20636F756EA7
:100980007420646F6573206E6F74206D617463688A
:10099000206669726D776172652120506C656173A4
:1009A000652075706461746520746865206D696385
:1009B000726F5344206361726420736F756E64209C
:1009C000656666656374732E004E6F2041756469B9
:1009D0006F20446576696365005761726E696E6762
:1009E0003A205253505F53595354454D5F494E4638
:1009F0004F206E6F742072656365697665642100AF
:100A00005573696E67205741562054726967676550
:100A100072005573696E67204750537461722041AC
:100A20007564696F2056657273696F6E3A2000CEE7
:100A3000D5DFE5E9ECEFF1F3F4F6F7F8F9FAFBFCB2
:100A4000FDFEFF0000102030011121310212223280
:100A500003132333041424340515253506162636CE
:100A600007171707362616063525150534241404EE
:100A700033231303322212023121110130201000DE
:100A80003738393A3B3B3A393837001020300111BA
:100A900021310212223203132333041424340515A6
:100AA0002535061626363626160635251505342430
:100AB0001404332313033222120231211101302096
:100AC000100000050B11171D00040B10161B000071
:100AD00000006410B71DC8206E3BAC30D926904191
:100AE000DC76F4516B6B5861B24D3C71055020833C
:100AF000B8ED44930FF0E8A3D6D68CB361CBB0C267
:100B0000649BD4D2D38678E20AA01CF2BDBD00005B
:100B10002100240027002A002D00300033000101AD
:100B20000000040107010A01000020002300260044
:100B300029002C002F0032000001000003010601F3
:100B4000090100000A0B02090C0D0E08070304013D
:100B50000000000000000000000000000000000095
:100B60000000000000000000000000000000121162
:100B70001000000000000000000000000000000065
:100B800000000000000000004552524F523A204E33
:100B90006F2063616C6C6261636B20617661696C6C
:100BA00061626C6520666F72207061636B65742092
:100BB0004944200001021020200808102040102085
:100BC0004080020102010804020101020408102011
:100BD000408080402010080402018004020180400F
:100BE0002010080402010804020101020408102078
:100BF00040800102040810204080000022002500EF
:100C000028002B002E0031003400020100000501F5
:100C100008010B010505050507050808080802027B
:100C200002020A0A08080404040401010101010186
:100C300001010303030303030303040707070C0C69
:100C40000C0C0C0C0C0C0202020206060606060630
:100C500006060B0B0B0B0B0B0B0B73B1FAAD112430
:100C60001FBECFEFD1E2DEBFCDBF00E00CBF13E06F
:100C7000A0E0B2E0E8E5FDE801E00BBF02C00790AC
:100C80000D92AA36B107D9F72DE0AAE6B3E001C06C
:100C90001D92AC3BB207E1F716E0CEE2D6E000E0F1
:100CA00006C021970109802FFE010E9409C1CD32A3
:100CB000D10780E00807A9F70E9420B80C949AC6D3
:100CC0000C940000CF92DF92EF92FF920F931F934C
:100CD000CF93DF9300D000D000D0CDB7DEB78C012A
:100CE000DC0119968D919C91892B09F473C00E94A7
:100CF000929FF801C784D088E188F2886C157D0541
:100D00008E059F0520F46787708B818B928BF8018D
:100D1000C784D088E188F2886C197D098E099F0903
:100D20006C3271408105910510F3F894D801149646
:100D30008D919C9115979A8389831996ED91FC91D9
:100D40007F01BFEFEB1AFB0A80818987F801908150
:100D50000388F489E02DD80155968C91992309F4E4
:100D600048C09081982B98879081809589238F83A4
:100D70008F818C8388E08B8358856F8149853B8187
:100D80002C8189819A81D701508347FD252F3A957F
:100D90002083262F39F0441F00C00000608300002C
:100DA00000C0F2CF38E04D9160830000019761F7F9
:100DB000D8015496FC93EE93539749873B832C8339
:100DC0009A83898378940E94929FF8016787708B39
:100DD000818B928B29960FB6F894DEBF0FBECDBFE4
:100DE000DF91CF911F910F91FF90EF90DF90CF9007
:100DF00008959081982B98879081809589238F837F
:100E00008F818E8388E08D8358856F8149853D81F0
:100E10002E8189819A81D701508347FD252F00C0FB
:100E200000C0208300C000C000C000C000C06083BC
:100E30000000262F3A9541F0441F000000C000C07A
:100E400000C000C000C0E8CF38E04D9100C0608312
:100E500000C0019709F7D8015496FC93EE9353977D
:100E600049873D832E83ACCF0F931F93CF93DF939E
:100E700000D0CDB7DEB781E090E00E94CF7C8C013E
:100E800080916F03882301F18091DB03811106C0FB
:100E90008091D7039091D8030297A0F461E070E0AD
:100EA000C8010E94997B69837A838B838091D703E1
:100EB0009091D803029730F4CE0101960E941696C5
:100EC00081112E9A10926F0390E080E00E94CF7CF7
:100ED000FC01808191810197A1F088E19BE00E9453
:100EE0006206F80180819181019771F088E19BE0B1
:100EF0000F900F900F90DF91CF911F910F910C9455
:100F0000620682E09BE0EBCF82E09BE0F1CFEBEE6C
:100F1000F8E08091F00880838091EA0881838091D5
:100F2000E90882838091E808838380912902848381
:100F3000EEEDF8E080912702909128029183808362
:100F400080912502909126029383828380912302CF
:100F500090912402958384838091210290912202B2
:100F60009783868380911F029091200291878087CA
:100F700008950E949E6C8250823070F4E091C80304
:100F8000F0E0EE0FFF1FEC5CFD4F808191819093AC
:100F9000010280930002089582E990E0F8CFCF9398
:100FA000DF9300D000D01F921F92CDB7DEB7188616
:100FB0001F822091CE03211121C18E3B910509F49E
:100FC00042C08F3B910509F43FC122E020939B036F
:100FD00090939D0380939C0370939F0360939E0363
:100FE00084E08093A0038091D7039091D803029767
:100FF00061F44091050850910608609107087091CE
:10100000080885E098E00E942EAC80919B038093B5
:10101000E40480919C038093E50480919D03809378
:10102000E60480919E038093E70480919F03809360
:10103000E8048091A0038093E90486E090E098871B
:101040008F8361E0D7C060E975E0CE0101960E9410
:10105000E3A3CE0101960E94DBA3809108070E94C2
:10106000146F9091AC042091AE042E7F2D7F2093BD
:10107000AE0420910E0220939E042091130220932F
:101080009F04209112022093A0048093A804892F2A
:101090008E7F9091050290FB83F99091460B90937F
:1010A000A10490916D039093A2049091490B9093A9
:1010B000A3049091100290FB81F990910A0290FB99
:1010C00085F99091DB0390FB82F990910B0290FBE4
:1010D00086F99091DA0390FB87F99091AD04209105
:1010E000D90320FB90F920910C0220FB91F920916B
:1010F000070220FB92F920918D0320FB93F92091A8
:10110000060220FB84F98093AC04892F90916A0336
:1011100090FB86F990918E0390FB87F98093AD0444
:1011200080918C03823009F47BC008F070C081305C
:1011300009F474C081E08093A604809183039091A8
:1011400084038130910509F46FC0029709F46EC0E1
:1011500081E08093A7048091870390918803813078
:10116000910509F465C0029709F464C081E0809399
:10117000A5048091090281118093A4048091AD049B
:1011800090918B0390FB84F990918F0390FB85F9EC
:101190008093AD0480910D028E3109F08CE1809333
:1011A000A9048091890390918A038130910509F403
:1011B00043C0029709F442C081E08093AA04809161
:1011C00085039091860381309105D1F10297D1F189
:1011D00081E08093AB04EEE9F4E0A4EEB4E0819109
:1011E0008D9384E0EF3AF807D1F781E190E098879A
:1011F0008F8364E0CE0107960E947A9C28960FB6F2
:10120000F894DEBF0FBECDBFDF91CF91089583303C
:1012100049F0843009F08ECF85E08DCF82E08BCF0E
:1012200083E089CF84E087CF82E093CF84E091CFC1
:1012300082E09DCF83E09BCF82E0BFCF83E0BDCF34
:1012400082E0C7CF83E0C5CF69EA75E0CE010196A1
:101250000E94E3A3CE0101960E94DBA380919C042F
:101260009091290290FB86F99091E80890FB87F90C
:1012700080939C0480919D049091E90890FB80F9F3
:101280009091EA0890FB81F99091F00890FB82F927
:1012900080939D0480911F029091200228EE33E0FC
:1012A000B9010E94E1C0609397048091210290915E
:1012B0002202B9010E94E1C0609398048091230248
:1012C00090912402B9010E94E1C060939904809139
:1012D000250290912602B9010E94E1C060939A0410
:1012E0008091270290912802B9010E94E1C0609389
:1012F0009B04E2E9F4E0A4EEB4E08EE994E02191ED
:101300002D938E179F07D9F78CE090E098878F83F5
:1013100065E070CF70E060E00C94CF07EF920F9320
:101320001F93CF9342E350E060E070E08AED9AE0D3
:101330000E942EAC8091C9039091CA038830910518
:1013400009F412C38930910509F444C0863091052F
:1013500009F062C58091B4038B30E9F480911402E6
:10136000843009F05CC42091990330919A03232BB7
:1013700009F059C420919C0A9091970A291353C4EB
:101380002091880990918309291709F44CC48DE6AE
:1013900090E00E948A098091B403873009F0EBC184
:1013A00080911402843009F0CCC4209199033091CB
:1013B0009A03232B09F0DCC120919C0A9091970A93
:1013C0002913D6C12091880990918309291709F41E
:1013D000CFC122C48091B4038B30B1F52091990321
:1013E00030919A03809114022230310509F075C0C2
:1013F000853009F059C690919F0A992309F473C06A
:101400002091880990918309291709F46CC0809173
:10141000CE03882309F469C0809108078D3DA1F0AF
:1014200080911102853008F06CC0109211028091F9
:1014300011020E94AB708093080780931E02809374
:10144000070780E00E94B37A8091B403873009F0E7
:1014500092C12091990330919A0380911402223015
:10146000310509F07FC1853009F0F9C680919F0AE6
:10147000882309F47DC39091880980918309981786
:1014800009F476C38091CE03811107C08091B20325
:101490009091B303019709F075C19091080780916D
:1014A0009603981709F467C180911102803608F4F9
:1014B00067C184E680931102809111020E94AB7093
:1014C0008093080780931E028093070780E0CF91E6
:1014D0001F910F91EF900C94B37A23303105A9F04E
:1014E000823008F4A4C08150AAC08091B2039091C8
:1014F000B303019709F490CF8EE390E00E948A092C
:10150000A3CF85508093110292CF853081F4209132
:101510009C0A9091970A291351C0409188093091F3
:101520008309431709F44AC086E990E0E7CF843085
:1015300081F420919C0A9091970A29134CC0409104
:10154000880930918309431709F445C085E990E083
:10155000D5CF833081F420919C0A9091970A29136A
:1015600045C04091880930918309431709F43EC072
:1015700084E990E0C3CF823079F420919C0A909165
:10158000970A29133EC04091880930918309431777
:10159000C1F183E990E0B2CF813009F0CEC59091DE
:1015A0009C0A8091970A981337C03091880920913E
:1015B0008309321789F182E990E0A0CF291709F455
:1015C00092CF209188099091830929138CCF85E0CF
:1015D0000E94D2AE39CF291709F485CF209188090E
:1015E0009091830929137FCF84E0F2CF291709F462
:1015F0007ACF2091880990918309291374CF83E0D1
:10160000E7CF291709F46FCF2091880990918309BA
:10161000291369CF82E0DCCF981709F491C5909126
:1016200088098091830998138BC581E0D1CF21155A
:10163000310541F02130310509F44EC081E080933D
:10164000140202CF81E090E090939A038093990373
:1016500085E08093140280910201806280930201F0
:1016600080E00E94E14B80E00E94674C80E00E9495
:10167000759B8FE390E00E944271EE24E39410E0AA
:1016800000E020E04091060760E08FE390E00E94D8
:10169000477285EF90E00E94427186EF90E00E94D1
:1016A000427187EF90E00E94427188EF90E00E94C3
:1016B000427189EF90E00E94427120E0409106075C
:1016C00060E086EF90E00E94477262E070E087EE93
:1016D00090E00E94CF07B8CE82E090E090939A030A
:1016E0008093990385E080931402809102018062C7
:1016F000809302018FEF0E94E14B80E00E94674CD3
:1017000080E00E94759B8FE390E00E944271EE247E
:10171000E39410E000E020E04091060760E08FE3F2
:1017200090E00E94477285EF90E00E94427186EF40
:1017300090E00E94427187EF90E00E94427188EF32
:1017400090E00E94427189EF90E00E94427120E097
:101750004091060760E087EF90E00E94477263E0E7
:1017600070E0B5CF23303105A9F0853008F0A7C06F
:101770008F5F80931402CF911F910F91EF90089586
:101780008B5F98CE8CE390E0CF911F910F91EF90FB
:101790000C948A09853081F490919C0A8091970A73
:1017A000981351C03091880920918309321709F4A8
:1017B0004AC08BE990E0E8CF843081F420919C0A04
:1017C0009091970A29134FC040918809309183095D
:1017D000431709F448C08AE990E0D6CF833081F4FA
:1017E00020919C0A9091970A291348C0409188093A
:1017F00030918309431709F441C089E990E0C4CFCF
:10180000823079F420919C0A9091970A291341C063
:1018100040918809309183094317D9F188E990E014
:10182000B3CF813009F0D2C420919C0A9091970ADD
:1018300029133AC040918809309183094317A1F1D7
:1018400087E990E0A1CF981709F4C3C49091880963
:10185000809183099813BDC485E0CF911F910F91AA
:10186000EF900C9440AF291709F482CF209188099A
:101870009091830929137CCF84E0EFCF291709F4D5
:1018800077CF2091880990918309291371CF83E044
:10189000E4CF291709F46CCF20918809909183092E
:1018A000291366CF82E0D9CF291709F461CF20919F
:1018B00088099091830929135BCF81E0CECF213035
:1018C000310509F469C52430310509F0ACC583E060
:1018D00090E090939A038093990381E0809314029F
:1018E000809102018062809302018FEF0E94E14BA0
:1018F00081E00E94674C80E00E94759B8FE390E03E
:101900000E944271EE24E39410E000E020E0409158
:10191000060760E08FE390E00E94477285EF90E059
:101920000E94427186EF90E00E94427187EF90E042
:101930000E94427188EF90E00E94427189EF90E02E
:101940000E94427120E04091060760E088EF90E03D
:101950000E94477264E070E087EE90E0CF911F91A3
:101960000F91EF900C94CF078091B4038B3039F531
:101970002091990330919A03809114022115310529
:1019800009F088C0843009F04EC020919C0A9091E3
:10199000970A291709F483C0209188099091830937
:1019A00029137DC09091130280911202923078F138
:1019B0008E3F68F19150909313020E94764D809172
:1019C000B403873009F0D7CE2091990330919A0360
:1019D000809114022115310509F0BFC0843009F04F
:1019E00085C020919C0A9091970A291709F4C0CECE
:1019F00020918809909183092913BACE809112020F
:101A00008E3F08F062C08F5F8093120265C091E044
:101A100090931302823020F0815080931202CDCF38
:101A200090931202CACF833089F420919C0A90913E
:101A3000970A2917A1F12091880990918309291308
:101A40002EC083EA90E00E948A09B9CF823079F4EF
:101A500020919C0A9091970A291709F120918809F1
:101A60009091830929131BC08FE990E0ECCF81305E
:101A700009F0F9C390919C0A8091970A981709F48C
:101A8000F5C390918809809183099813EFC381EA87
:101A900090E0D9CF2130310521F0823090F0815093
:101AA00011C0853009F02CC420919C0A9091970AAE
:101AB0002917A9F390918B09992389F38DE690E07A
:101AC000C2CF81E0809314027ACF809113028D3FC0
:101AD00048F48F5F80931302CF911F910F91EF9085
:101AE0000C94764D8EEF809313028ECF833081F469
:101AF00020919C0A9091970A291709F439CE2091D8
:101B0000880990918309291333CE84EA90E03CCE72
:101B1000823081F420919C0A9091970A291709F448
:101B200027CE2091880990918309291321CE80EA3C
:101B300090E02ACE813009F073C420919C0A9091E4
:101B4000970A291709F414CE2091880990918309E6
:101B500029130ECE82EA90E017CE2130310509F428
:101B60004CC0853008F404CE2230310509F05BC446
:101B700081E090E090939A038093990380931402FC
:101B80008091020180628093020180E00E94E14B1B
:101B900080E00E94674C80E00E94759B8FE390E09C
:101BA0000E944271EE24E39410E000E020E04091B6
:101BB000060760E08FE390E00E94477285EF90E0B7
:101BC0000E94427186EF90E00E94427187EF90E0A0
:101BD0000E94427188EF90E00E94427189EF90E08C
:101BE0000E94427120E04091060760E086EF90E09D
:101BF0000E94477262E070E0AFCE853009F0C9C341
:101C000090919C0A8091970A981709F4C5C3809116
:101C10008B09882309F4C0C38EE690E0B5CD8330EC
:101C200021F0823070F1815089C020919903309168
:101C30009A03232BC1F720919C0A9091970A2913AC
:101C40000BC04091880930918309431729F00E9405
:101C5000587A82E490E09DCB291729F320918809D6
:101C6000909183092913DFCF9091D5039923D9F25D
:101C70009091D3039111D7CF0E9434B080E490E0CB
:101C800088CB8091C703811104C08091B103882360
:101C900061F08091CE03882309F44FC08091CB037B
:101CA0009091CC03892B09F048C0809199039091C1
:101CB0009A03892B09F041C081E090E090939A0348
:101CC0008093990385E080931402809102018062E1
:101CD000809302018FE390E00E944271EE24E3942E
:101CE00010E000E020E04091060760E08FE390E024
:101CF0000E94477285EF90E00E94427186EF90E06B
:101D00000E94427187EF90E00E94427188EF90E05C
:101D10000E94427189EF90E00E94427120E0409160
:101D2000060760E086EF90E00E94477262E070E094
:101D300087EE90E00E94CF072ECB81E080931402C3
:101D40002ACB833079F52091990330919A03232B84
:101D500009F00ECD20919C0A9091970A29130BC08F
:101D60004091880930918309431729F00E94857AB0
:101D700081E490E009CD291709F4FACC2091880973
:101D8000909183092913F4CC9091D503992309F4F8
:101D9000EFCC9091D3039111EBCC0E9461B08FE313
:101DA00090E0F2CC853008F4E3CC8091C703811138
:101DB00004C08091B103882361F08091CE03882311
:101DC00009F431C38091CB039091CC03892B09F0A6
:101DD0002AC38091990390919A038130910579F0FB
:101DE000029709F020C381E090E090939A038093DA
:101DF00099038093140280E00E94E14BCFCE1092B1
:101E00009A031092990381E0809314028091020159
:101E10008F7D80930201D5C29C012450310922306C
:101E2000310508F4A8CC209198032111A4CC20916D
:101E300097032111A0CC039729F48091470B85309B
:101E400009F4F3C28091B4038B3009F076C090910D
:101E5000CD098091C809981312C09091120A8091FF
:101E60000D0A98130CC09091570A8091520A98134A
:101E700006C08091CB039091CC03019741F10E9461
:101E80003A7A8823F1F19091CD098091C809981789
:101E9000C1F19091120A80910D0A981332C080917D
:101EA000CB039091CC03019761F5C091440BC730EF
:101EB00008F098C0CF5F8C2F0E94139C8823B9F341
:101EC0008C2F0E94329C81E00E949C781AC08091E5
:101ED000470B482F50E09091410B22E030E09230C8
:101EE00011F021E030E0241735073CF5813039F05E
:101EF0008093480B823018F081508093470B0E94EA
:101F000000B08091CB039091CC03892BB1F49091D8
:101F10009C0A8091970A981709F469C08091D503AB
:101F2000882309F461C08091D30381115DC00E94B0
:101F300034B080E490E00E948A092091C903309176
:101F4000CA032330310529F48091470B853009F409
:101F500012CC8091B403873009F00DCC9091CD095B
:101F60008091C809981313C09091120A80910D0AAC
:101F700098130DC09091570A8091520A981307C088
:101F80008091CB039091CC03019709F44BC00E9440
:101F90003A7A882309F458C09091CD098091C809F4
:101FA000981709F451C09091120A80910D0A981364
:101FB0004BC08091CB039091CC03019709F044C0B2
:101FC000C091440BCC2309F458C0C1508C2F0E94FF
:101FD000139C8823B9F38C2F0E94329C81E00E94CD
:101FE0009C7832C0C0E067CF8DE390E0A4CF8091B1
:101FF0001E028D3D09F4A1CF80911102853070F44D
:1020000010921102809111020E94AB7080931E0207
:102010008093070780E00E94B37A8FCF855080932A
:102020001102F0CF8091470B853008F0A4CB8430AB
:1020300021F42330310509F49ECB8093480B8F5F48
:102040008093470B0E9400B08091CB039091CC030A
:10205000892B09F090CB90919C0A8091970A981750
:1020600071F08091D503882329F08091D3038823D0
:1020700009F493CE8BE390E087CBC7E0A7CF909194
:102080001E0280919603981709F475CB8091110276
:10209000803640F084E680931102809111020E9404
:1020A000AB7010CA8B5FF7CF823008F01CCA83E098
:1020B00090E090939A038093990385E080931402B3
:1020C000809102018062809302018FEF0E94E14BB8
:1020D00081E00E94674C80E00E94759B8FE390E056
:1020E0000E944271EE24E39410E000E020E0409171
:1020F000060760E08FE390E00E94477285EF90E072
:102100000E94427186EF90E00E94427187EF90E05A
:102110000E94427188EF90E00E94427189EF90E046
:102120000E94427120E04091060760E088EF90E055
:102130000E94477264E070E0CACA823008F0D3C9D6
:1021400084E090E090939A038093990385E08093D4
:102150001402809102018062809302018FEF0E943D
:10216000E14B81E00E94674C81E00E94759B8FE308
:1021700090E00E944271EE24E39410E000E020E041
:102180004091060760E08FE390E00E94477285EF80
:1021900090E00E94427186EF90E00E94427187EFCA
:1021A00090E00E94427188EF90E00E94427189EFB6
:1021B00090E00E94427120E04091060760E089EFC4
:1021C00090E00E94477265E070E081CA853008F4B3
:1021D000CFCA82E090E090939A038093990381E0C4
:1021E00080931402809102018062809302018FEF3C
:1021F0000E94E14B80E00E94674C80E00E94759B4A
:102200008FE390E00E944271EE24E39410E000E03E
:1022100020E04091060760E08FE390E00E94477263
:1022200085EF90E00E94427186EF90E00E9442713B
:1022300087EF90E00E94427188EF90E00E94427127
:1022400089EF90E00E94427120E04091060760E033
:1022500087EF90E00E94477263E070E07DCB8530AD
:1022600008F486CA85CC823008F019CC81E090E071
:1022700090939A038093990385E080931402809150
:10228000020180628093020180E00E94E14B80E0C5
:102290000E94674C80E00E94759B8FE390E00E9453
:1022A0004271EE24E39410E000E020E04091060744
:1022B00060E08FE390E00E94477285EF90E00E941B
:1022C000427186EF90E00E94427187EF90E00E9499
:1022D000427188EF90E00E94427189EF90E00E9485
:1022E000427120E04091060760E086EF90E00E9496
:1022F000477262E070E087EE90E00E94CF075FCB0C
:10230000823008F0CCCB82E090E090939A038093E7
:10231000990385E08093140280910201806280938A
:1023200002018FEF0E94E14B80E00E94674C80E049
:102330000E94759B8FE390E00E944271EE24E3942B
:1023400010E000E020E04091060760E08FE390E0BD
:102350000E94477285EF90E00E94427186EF90E004
:102360000E94427187EF90E00E94427188EF90E0F6
:102370000E94427189EF90E00E94427120E04091FA
:10238000060760E087EF90E00E94477263E070E02C
:10239000B2CF853008F4ECC910929A0310929903D9
:1023A00081E080931402809102018F7D809302016D
:1023B00080E00E94E14B80E00E94674C80E00E9438
:1023C000759B8FE390E00E944271EE24E39410E04D
:1023D00000E020E04091060760E08FE390E00E947B
:1023E000477285EF90E00E94427186EF90E00E9474
:1023F000427187EF90E00E94427188EF90E00E9466
:10240000427189EF90E00E94427120E040910607FE
:1024100060E085EF90E00E94477261E070E09CCA46
:10242000853008F4A5C985E0A4C923E030E08CCD4F
:102430002F923F924F925F926F927F928F929F92D4
:10244000AF92BF92CF92DF92EF92FF920F931F93C2
:10245000CF93DF93CDB7DEB763970FB6F894DEBFA7
:102460000FBECDBF82E79AE00E944EAA8DE29AE0AD
:102470000E944EAA88EE99E00E944EAA83EA99E053
:102480000E944EAA8EE599E00E944EAA89E199E049
:102490000E944EAA8091970381115FC088EF9AE055
:1024A0000E94FEAB882341F044EF51E060E070E011
:1024B00088EF9AE00E942EAC0E94D1728091CB03EB
:1024C0009091CC038130910509F475C208F4AAC03B
:1024D000029709F429C28091B403880F880F809372
:1024E000B4039091000194FF03C082608093B40311
:1024F0008091000183FF05C08091B40381608093C7
:10250000B4038091B4038F708093B403282F30E01C
:10251000F901E95BFD4F80818823F9F08091AE03DA
:102520009091AF0344E0880F991F4A95E1F7822B01
:10253000932B9093AF038093AE0399278B32910531
:1025400011F0479751F48AED9AE00E94B8AB672BDF
:10255000682B692B11F40E948E0987EB9AE00E9488
:10256000FEAB882309F4E3C20E94516C81E090E045
:102570000E94CF7C6C018091C9039091CA0303979C
:1025800029F181EF97E00E94B8AB672B682B692B8C
:10259000E9F410929503809197038823B9F081E0C4
:1025A00090E09093CC038093CB031092CA031092D7
:1025B000C90380E00E944877109297030E944E71F1
:1025C00083E290E00E948A090E9490658091CB038B
:1025D0009091CC038130910509F464C508F4BAC226
:1025E000029709F407C58091CB039091CC03813009
:1025F000910511F40C94CC1B029711F40C94961BCA
:102600008091410B823011F00C94AA1B8091420BF7
:10261000813011F00C94AA1B109880E00E94999BC5
:102620000C94AA1B8091410B823009F066C1809105
:10263000420B823009F054C18091C9039091CA03C2
:10264000892B09F048CF8091470B2091570A909130
:10265000520A291326C02091120A90910D0A2913BB
:102660000C944C322091CD099091C80929130C94F7
:1026700055329091480B2FEF290F253020F490937D
:10268000470B8093480B8091470B823028F480934E
:10269000480B82E08093470B0E9463650E94C581CE
:1026A0001ACF813079F08093480B81E08093470BFB
:1026B0008091CD038D7F8C3119F480E00E942065DC
:1026C0000E9463659091120A80910D0A98130C94F0
:1026D000503288EF9AE00E94B8AB6A3F71058105DD
:1026E000910510F00C945032809102018F7D8093FF
:1026F00002018091130A9091CE09911123C081119A
:1027000023C09091120A80910D0A981307C09091EE
:10271000CD098091C809981709F4B1C08091CD0303
:102720008D7F8C3109F0D8C00E94906580E00E94B6
:10273000759B80E00E94E14B80E00E94674C0E9404
:10274000516CC9CE882351F190910D0A8091120AE3
:10275000981324C09091CD098091C8099817F1F081
:1027600090919C0A8091970A9817C1F0809110026D
:10277000882321F083EC90E00E948A0980E490E0B5
:102780000E944271EE24E39410E000E020E04091CA
:10279000060760E080E490E00E9447729091120A80
:1027A00080910D0A981306C03091CD092091C80977
:1027B000321781F02091CE09211137C08091130A80
:1027C000882309F49ECF9091CD098091C809981370
:1027D00098CF34C080911002882341F088E890E0BF
:1027E0000E948A0989E890E00E948A098BEF90E0B4
:1027F0000E9442718CEF90E00E944271EE24E394BB
:1028000010E000E020E04091060760E08CEF90E0EF
:102810000E9447728091CD038D7F8C3119F480E046
:102820000E9420650E94FF6B6CCF9813C7CF9091D8
:10283000CD098091C809981709F4C0CF8091100282
:10284000882341F08AE890E00E948A0987E890E0B6
:102850000E948A098CEF90E00E9442718BEF90E019
:102860000E944271EE24E39410E000E020E04091E9
:10287000060760E08BEF90E00E94477242CF81E054
:102880000E94759B80910C02882379F086E60E9455
:10289000E14B81E00E94674C84ED98E00E94FEAB22
:1028A000882329F00E94B96916CE8FEFF0CF80916E
:1028B000DC08811110CE8091C9039091CA039C015C
:1028C000235031092230310508F405CE069709F46A
:1028D00002CE0E943768FFCD80E00E94BD6526CF02
:1028E0008091470B813009F4F6CD8093480B81E04D
:1028F0008093470B0E946365EECD0E94C8718DE204
:102900009AE00E9444AA882309F4E5CD8091C90386
:102910009091CA03892B09F0DECD82E090E090937C
:10292000CA038093C903D7CD80919703882381F18F
:102930008091F907882361F180910C028823C9F105
:10294000E091470BE25016E6E43020F4F0E0ED5B56
:10295000FD4F108181EF97E00E94B8AB9B01AC0165
:10296000A4E6B0E00E9473C02091F1073091F20715
:102970004091F3075091F4070E9486C0129FC00156
:10298000112464E670E00E94F5C0862F0E94E14B9E
:102990008091410B823009F49ECD9091570A80912D
:1029A000520A981709F497CD109270030E94D37FB2
:1029B00092CD80E0EBCF8091410B8230E1F4909199
:1029C000120A80910D0A98130BC09091CD09809145
:1029D000C809981305C00E9407750E94C6827BCD66
:1029E0000E946A658091CB039091CC03892BA9F357
:1029F00081E090E094CF0091C9031091CA03C8010F
:102A00000397039740F30130110529F38091980350
:102A10008111E1CFE090CD09F090C809EF1008C016
:102A20009091120A80910D0A981711F40C94453276
:102A30008EE599E00E9444AA882389F190919C0A2E
:102A40008091970A981759F180911402853019F6F0
:102A50000630110509F44DC086E090E09093CA035A
:102A60008093C90340E951E060E070E08BEF97E0AC
:102A70000E942EAC0E94906560E470E080E191E0DD
:102A80000E94CF07EE24E39410E000E020E04091A4
:102A9000060760E088E290E00E9447729CCF063013
:102AA000110509F098CF9091120A80910D0A9813A0
:102AB00092CFEF1090CF81E00E949C781092CA03D1
:102AC0001092C90310920308109204080E949065A6
:102AD0008091CD038D7F8C3109F07DCF80910302F1
:102AE00090910402019709F076CF81E00E94206561
:102AF00072CF81E00E949C781092CA031092C903A1
:102B000010920308109204080E9490658091CD03F2
:102B10008D7F8C3109F0B6CF809103029091040231
:102B2000019709F0AFCF81E00E942065ABCF809183
:102B3000BF0A882309F41ACD809171038E3109F4FC
:102B400015CD8EE1809371036EE170E08BE00E9401
:102B5000BB9E0CCD8091C9039091CA039C01285063
:102B600031092230310508F493C00697A1F0809115
:102B7000CE03882381F08091410B823061F48091F3
:102B8000A00A882341F081E09091420B913009F036
:102B900080E00E94CF4C8EE599E00E9444AA2091EB
:102BA000C9033091CA0390919803882331F0409172
:102BB0009C0A8091970A481336C0911134C0263080
:102BC000310509F065C08091C703882309F460C00E
:102BD0008091CE0381115CC08091990390919A03FA
:102BE000892B09F455C010929A031092990385E03D
:102BF0008093140280E00E94E14B809102018F7D5E
:102C0000809302018FE390E00E944271EE24E394EE
:102C100010E000E020E04091060760E08FE390E0E4
:102C20000E94477235C02630310509F42BC191113D
:102C300029C1EE24E39410E000E020E04091060773
:102C400060E088E290E00E94477286E090E0909316
:102C5000CA038093C90310929A031092990385E0E6
:102C60008093140240E951E060E070E08BEF97E060
:102C70000E942EAC1092DC081092DD080E94906534
:102C80000E94096560E470E080E191E00E94CF0756
:102C900030919C0A2091970A321721F010929403E8
:102CA000109293038091C9039091CA0386309105D5
:102CB00009F45AC08830910509F45BC1099709F4F9
:102CC00053C08091C703811104C08091B103882350
:102CD00029F08091CE03882309F446C0321344C002
:102CE00080919403853008F43FC084E490E00E9412
:102CF0004271EE24E39410E000E020E040910607EA
:102D000060E084E490E00E94477284EF90E00E94CB
:102D1000427120E04091060760E084EF90E00E945D
:102D200047728DED90E00E948A0961E070E08EE0CC
:102D300091E00E94CF0785E08093140288E090E044
:102D40009093CA038093C90310929A031092990337
:102D500040E951E060E070E08BEF97E00E942EAC1C
:102D60000E94764D0E9409658091C9039091CA0323
:102D70008630910509F455C08830910509F451C099
:102D80002091C703099709F400C1211104C0809163
:102D9000B103882329F08091CE03882309F441C030
:102DA00090919C0A8091970A98133BC0809193035D
:102DB0008530B8F184E490E00E944271EE24E394FF
:102DC00010E000E020E04091060760E084E490E03D
:102DD0000E94477283EF90E00E94427120E0409190
:102DE000060760E083EF90E00E9447728CED90E070
:102DF0000E948A0985E08093140289E090E0909314
:102E0000CA038093C90310929A031092990340E970
:102E100051E060E070E08BEF97E00E942EAC0E94E2
:102E200009658091CB039091CC03892B09F0DBCB12
:102E30008091C9039091CA03892B09F0E1CB80915D
:102E4000C703882329F08091CE03882309F4D8CBC7
:102E500083ED97E00E94FEAB882309F4C4CB8091F8
:102E6000410B823009F09BC08091420B823009F007
:102E700099C044EF51E060E070E083ED97E00E947C
:102E80002EACB1CB80911402853049F44091990366
:102E900050919A03452B19F42630310519F09923E6
:102EA00009F4F6CE85E08093140291110CC0EE2453
:102EB000E39410E000E020E04091060760E088E243
:102EC00090E00E9447726091440B70E080E191E0D5
:102ED0000E94CF071092CA031092C9030E94717D0D
:102EE0000E94BF4D0E94B9076091460B70E083E1DC
:102EF00090E00E94CF078EEB90E00E948A098091BB
:102F0000410B823009F0C4CE9091120A80910D0AD3
:102F10009813BECE9091CD098091C8099813B8CE70
:102F20008091420B823009F0B3CE80911002882349
:102F300021F089E890E00E948A098CEF90E00E94DD
:102F40004271EE24E39410E000E020E04091060797
:102F500060E08CEF90E00E9447728091CD038D7FFE
:102F60008C3109F095CE80E00E9420650E94FF6BB5
:102F70008FCE8091C703882309F4F6CE8091CE03CB
:102F80008111F2CE0E94F64DEFCE222309F449CFF3
:102F90008091CE03811145CF0E94F64D42CF813002
:102FA00009F067CF8091DB038823B1F08091DA03C9
:102FB000882391F081E090E00E94CF7C62E070E095
:102FC0000E94997B69837A838B83CE0101960E944C
:102FD00016960E94759B4DCF8091000186FD06C01C
:102FE0008091020180648093020143CF80910201AD
:102FF0008F7BF9CF81E998E00E94FEAB882339F1FD
:1030000040E951E060E070E081E998E00E942EAC78
:103010008091970381111BC080911002882321F0B9
:1030200086EE90E00E948A09E12C10E000E020E0AA
:103030004091060760E083E490E00E94477220E040
:103040004091060760E08FE390E00E9447728BE9B1
:1030500098E00E94FEAB8823D9F0809197038111FC
:1030600013C080911002882321F083EB90E00E942E
:103070008A09E12C10E000E020E04091060760E0C2
:1030800084E490E00E9447728BE998E00E9449AC8A
:103090000E94046680919703882309F4A4CA0E94C1
:1030A000334EA1CA80919803882309F485C081E931
:1030B00098E00E94FEAB882341F040E951E060E0D7
:1030C00070E081E998E00E942EAC84EE9AE00E94C4
:1030D000FEAB8823A1F061E070E0C6010E94997BFD
:1030E00069837A838B83CE0101960E9416968111A3
:1030F000A5C00E94674C84EE9AE00E9449AC84ED22
:1031000098E00E94FEAB81110E94B9690E94334E83
:103110008091C9039091CA03039709F4BFC20E942A
:103120009E6C823030F0843008F48AC0863008F417
:1031300092C01EE1E091470BE15009E1E43020F438
:10314000F0E0E95AFD4F00818250823098F480917E
:103150007203882379F080E80E9481A121E030E0A9
:1031600042EE54E060E070E0812F800F0E943EA1AB
:10317000109272038091D80A9091D90A009709F0B1
:1031800073C04091C10A5091C20A6091C30A709104
:10319000C40A8091C50A9091C60AA091C70AB0914D
:1031A000C80A481759076A077B0709F06CC0812FC6
:1031B000800F0E945C6C17CA8091DC0881110EC0E0
:1031C0008091C9039091CA039C0123503109223098
:1031D000310520F0069711F00E9437680E949E6C1E
:1031E0008450823008F071CF8FE099E00E94FEABEE
:1031F000882309F46ACF9091120A80910D0A9817DA
:1032000009F463CF80911002882321F08DEC90E0C7
:103210000E948A098091DE039091DF03029709F4EE
:1032200054CFEE24E39410E000E020E04091060744
:1032300061E08EE890E00E94477247CF81E059CF6D
:103240002091120A90910D0A16E2291709F472CF03
:103250000E94516CC8C92091120A90910D0A1DE27A
:10326000291368CF1CE366CF019769F48091C10AE6
:103270009091C20AA091C30AB091C40A892B8A2BEB
:103280008B2B09F494CF8091D30A811190CF809138
:10329000D20A811150C04090CD0A5090CE0A712CB4
:1032A000612C60E070E0CB0121E02090D60A3090E4
:1032B000D70A2114310409F4F3C0222309F4F0C021
:1032C0006093C90A7093CA0A8093CB0A9093CC0A80
:1032D0002091D80A3091D90A2115310509F04AC048
:1032E0004091C10A5091C20A6091C30A7091C40A08
:1032F0008091C50A9091C60AA091C70AB091C80AE8
:10330000481759076A077B0709F044C08091D40A1F
:103310009091D50A8230910509F4CBC008F0C3C062
:103320000197C1F51092C10A1092C20A1092C30A05
:103330001092C40A2FC00E9432A10091C90A1091B4
:10334000CA0A2091CB0A3091CC0A2B013C01401AC9
:10335000510A620A730AC090CD0AD090CE0AF12CAD
:10336000E12C21E04C145D046E047F0408F09DCF35
:1033700020E09BCF2130310569F48091C10A909102
:10338000C20AA091C30AB091C40A892B8A2B8B2B45
:1033900009F4BCCF8091D30A811182C00091C50A83
:1033A0001091C60A2091C70A3091C80A088B198B60
:1033B0002A8B3B8B8091D80A9091D90A009709F407
:1033C0009CC0019709F4F7C0D090D10A4889598967
:1033D0006A897B89452B462B472B09F45CC1C09039
:1033E000D00ADC1409F457C16091C10A7091C20A75
:1033F0008091C30A9091C40A0E941FBF4B015C01D7
:10340000688979898A899B890E941FBF9B01AC01C9
:10341000C501B4010E94AAC1A1010E944BA64B01A3
:103420005C010C2D10E0ED2CF12C2801012E000C7C
:1034300066087708DC1408F409C1B701601B710B3A
:10344000072E000C880B990B0E9421BFA501940147
:103450000E9480BF6B017C01C301B2010E9421BFA9
:103460009B01AC01C701B6010E9439C16B017C010F
:1034700020E030E0A9010E941ABF87FD01C120E0D1
:1034800030E04FE753E4C701B6010E948AC2181624
:103490000CF4FAC0C701B6010E941CC26093CF0AA7
:1034A0008091CF0A86CE8430910579F0059709F096
:1034B00071CF21153105D1F02130310509F06ACFE6
:1034C0001092D90A1092D80A65CF8091C50A9091BE
:1034D000C60AA091C70AB091C80A8093C10A909306
:1034E000C20AA093C30AB093C40A54CF81E090E00B
:1034F0009093D90A8093D80A4DCF2091C10A309178
:10350000C20A4091C30A5091C40A2C873D874E8756
:103510005F8789019A014E833F83530198014E8151
:103520005F8160E070E080E090E06E82BF825201D7
:10353000CE80DF80E12CF12C00E010E00E9411C170
:10354000F901088919892A893B8948015901C12C47
:10355000D12C76019F018C829D82AE82BF82C8866B
:10356000D986EA86FB865401CE80DF80E12CF12CDF
:1035700000E010E00E9423C18CF42C853D854E852F
:103580005F85420E531E641E751E4092C10A509202
:10359000C20A6092C30A7092C40A16CF4889598938
:1035A0006A897B894093C10A5093C20A6093C30A17
:1035B0007093C40A09CF6091C10A7091C20A8091C8
:1035C000C30A9091C40A6C877D878E879F879C0170
:1035D0008E833F8353014201C12CD12C76019B0184
:1035E0004E815F8160E070E080E090E04C829D82DF
:1035F0006E82BF82C886D986EA86FB865201CE805B
:10360000DF80E12CF12C00E010E00E941AC1A0E064
:103610000E942CC191F08CF08C859D85AE85BF8574
:1036200084199509A609B7098093C10A9093C20A23
:10363000A093C30AB093C40AC7CE1092C10A1092D5
:10364000C20A1092C30A1092C40ABECEC301B201CC
:103650000E9421BF2B013C01B8016E197F09072E82
:10366000000C880B990B0E9421BFA50194010E94B8
:1036700080BF9B01AC01C301B2010E9438C1F6CEEC
:10368000C12CD12C760106CFC12CD12C3FE7E32EE3
:1036900033E4F32EFFCED092CF0A02CF8091CD0338
:1036A0002091790330917A0321303105A1F48530DE
:1036B00051F480917803843010F081E97ACD823022
:1036C00040F08EE876CD809176038731B0F78C306C
:1036D000C0F78CE86ECD8E3159F4809176038C3032
:1036E00018F48730B0F3EDCF8F3038F30C94F31229
:1036F0008C3159F4809176038B3018F4863048F37E
:10370000E0CF8E30D0F20C94F312809178038330A6
:10371000A1F230F48130E9F2823099F20C94F31284
:10372000843079F28530A9F20C94F31281E998E0A3
:103730000E94B8AB683C71058105910518F5809130
:1037400002018F7D8093020180E00E94999B80E0BE
:103750000E94759BE091C903F091CA033197E9304B
:10376000F10508F075C08827E754F44E8F4F0C948C
:1037700009C1241C941F371C371F8A1F692D281C60
:10378000971FA1228091020180628093020181E053
:103790000E94999B81E0DCCF81E02091CD0990913E
:1037A000C809291380E00E94759B809198038823A3
:1037B00071F081E998E00E94B8AB683C7105810521
:1037C000910510F40C940D1381E00C940E1380916C
:1037D000C9039091CA032091A308211114C020911C
:1037E0009908211113C00497A1F00E949E6C845087
:1037F000823008F180E00E94999B809192038111B0
:103800001DC01098A7CF8330910561F0049709F08F
:10381000A1CF10980E949E6C8250823010F00C94C0
:103820000D13D2CF8BE998E00E94B8AB62337105DB
:103830008105910528F481E00E94999B109A8ACF16
:1038400080E00E94999BDDCF109297030E94D37F66
:1038500080919203882309F4D3C28091C903909187
:10386000CA03039709F4CCC20E94B47DC9C28091F7
:1038700098039091C703992309F4BBC28111BCC27C
:103880008091440B833089F58EEE9AE00E94FEAB66
:10389000882359F18091B0038D3620F483E890E0BD
:1038A0000E948A098091DC039091DD038D36910599
:1038B00058F4E12C10E000E020E04091060760E0C1
:1038C00086E491E00E94477280910F02803311F4E8
:1038D0000E948F7D40E050E0BA0185E598E00E94AB
:1038E0002EAC8EEE9AE00E9449AC80919203811139
:1038F00026C181E0809392038091440B823009F4C9
:10390000BFC1833009F4F0C1813009F4D3C1809183
:10391000470B8150843008F04CC180917B03882391
:1039200009F433C10E94DE6C40910607E12C10E0DF
:1039300000E020E060E08330A9F0853009F41CC18C
:10394000823009F010C18DE791E00E944772EE24A9
:10395000E3940AEF10E021E04091060761E08EE772
:1039600091E00EC084E690E00E944772EE24E3945A
:1039700004E619E121E04091060761E083E690E06A
:103980000E94477281E080937403809177038823BB
:1039900009F40CC10E94DE6C40910607E12C10E096
:1039A00000E020E060E0833009F0F2C084E690E0BF
:1039B0000E944772EE24E39404E619E121E040916D
:1039C000060761E088E490E00E94477281E08093FE
:1039D00073038091440B853059F4E12C04E610E028
:1039E00021E04091060760E083EA91E00E9447727F
:1039F0008091440B863059F4E12C04E610E021E07C
:103A00004091060760E084EA91E00E94477280914D
:103A10007B0361E070E0811102C062E070E084E14C
:103A200090E00E94CF071092210810922208809106
:103A3000790390917A03019709F0BCC10E94536900
:103A400010927803109A8091490B8D7F813021F478
:103A5000809177038823D9F0809105028823B9F0FB
:103A60008091470B8150990BFC01E551F74F208164
:103A7000222369F0880F991FFC01E252F74F408121
:103A8000518170E060E08BEF98E00E942EAC0E94C4
:103A90008F7D8091440B40E050E0BA01833009F003
:103AA0008FC185E598E00E942EAC1092DC08109240
:103AB000DD081092AD081092AE08109276031092B5
:103AC00075030E94255880910602882381F166E0E3
:103AD00070E080E090E00E942BA49B01AC01265F87
:103AE0003F4F4F4F5F4FA8EEB3E00E9473C0AB0152
:103AF000BC0181E498E00E942EAC8091CE03882323
:103B0000B1F068E070E080E090E00E942BA49B019F
:103B1000AC01295F3F4F4F4F5F4FA8EEB3E00E94CB
:103B200073C0AB01BC018DE298E00E942EAC48E965
:103B30005AE360E070E087E398E00E942EAC8BE9E6
:103B400098E00E94FEAB882321F08BE998E00E9468
:103B500049AC8BEF98E00E94FEAB882309F433C197
:103B60000E94338275CE8BE990E00E944772EE246A
:103B7000E39403E111E0EFCE8FE491E00E944772FD
:103B8000EE24E39408EC10E0E6CE10927403FDCE30
:103B9000853049F48FE491E00E944772EE24E3946B
:103BA0000CE211E00BCF85E090E0F6CF10927303AA
:103BB00010CF0E94DE6C40910607E12C10E000E07F
:103BC00020E060E0833009F43FC0853009F442C052
:103BD0008230E9F587E891E00E94477280917B038B
:103BE000882309F445C081E0809374030E94DE6C51
:103BF00040910607EE24E394823079F504EA16E05A
:103C000021E061E089E891E00E94477280917703AA
:103C1000882361F281E0809373030E94DE6C4091FF
:103C20000607EE24E3940CEB12E0833021F10CE262
:103C300011E0823001F504EA16E021E061E089E854
:103C400091E00E944772C5CE81E690E0C5CF8BE936
:103C500090E0C2CF8FE491E0BFCF0CE211E083305F
:103C600011F40CEB12E021E061E082E690E0CCCFB1
:103C700010927403CBCF21E061E088E490E0E1CFC3
:103C800085E390E00E944271E12C10E000E020E02A
:103C90004091060760E083E390E00E944772EE24C3
:103CA000E39402E513E021E04091060761E084E33C
:103CB00090E0ABCE8BE390E00E944271E12C10E0EB
:103CC00000E020E04091060760E089E390E00E9478
:103CD0004772EE24E39408EE13E021E040910607DA
:103CE00061E08AE390E091CE8091DC039091DD0366
:103CF0008D36910510F5E12C10E000E020E04091B8
:103D0000060760E086E491E00E9447728091470BCD
:103D10008230B1F1B8F4813009F43FC04DE750E092
:103D200060E070E08EEE9AE00E942EAC6091060793
:103D30008DE790E00E946B9A6ACE86E491E00E9443
:103D40004271E4CF833079F0843041F749EB50E0A1
:103D500060E070E08EEE9AE00E942EAC6091060763
:103D600089EB90E0E7CF47ED50E060E070E08EEE49
:103D70009AE00E942EAC6091060787ED90E0DACFC2
:103D800045EF50E060E070E08EEE9AE00E942EACCD
:103D90006091060785EF90E0CDCF43E151E060E010
:103DA00070E08EEE9AE00E942EAC6091060783E1EF
:103DB00091E0C0CF0E94906581E08093780342CE6D
:103DC00083E798E070CE0E94DD5F9091120A8091A7
:103DD0000D0A98130BC09091CD098091C8099813D2
:103DE00005C080914B0B823009F432CD0E94B47D26
:103DF0002FCD882309F42CCD809192038111F6CF29
:103E00008BE498E00E94FEAB81110E9409568FE579
:103E100098E00E94FEAB882311F40C94CC3090E023
:103E200080E00E94CF7C8C019091910380910F02E1
:103E3000E091440B981710F00C94303180915D089C
:103E4000882311F40C943031E150E73010F00C94D9
:103E50008131F0E08827E05DF04E8F4F0C9409C16E
:103E6000BB30A231B531A831AA31AC31AE3180912D
:103E70008F03882309F444C00E94046687EE97E00C
:103E80000E94FEAB8823F9F080911002882321F074
:103E900086EE90E00E948A09E12C10E000E020E02C
:103EA0004091060760E083E490E00E94477220E0C2
:103EB0004091060760E08FE390E00E94477287EE32
:103EC00097E00E9449AC8DED97E00E94FEAB8823FD
:103ED000B9F080911002882321F083EB90E00E94DA
:103EE0008A09E12C10E000E020E04091060760E044
:103EF00084E490E00E9447728DED97E00E9449AC07
:103F000081EF98E00E94FEAB882309F4A1CC0E94C7
:103F1000F2769ECC81EF98E00E94FEAB882309F4F4
:103F200097CC0E946F7394CC0E94C58191CC0E9463
:103F3000046610911402133009F41AC2F8F4113017
:103F400009F497C2123009F083CC82E79AE00E940C
:103F500044AA882309F47AC28091990390919A0324
:103F60008130910509F46DC2029709F471CC62E0C9
:103F700070E084EF90E00E94CF076ACC143009F41F
:103F8000B4C0153009F064CC82E79AE00E9444AADC
:103F90002091990330919A03882399F121303105BA
:103FA00051F02230310571F462E070E084E091E07C
:103FB0000E94CF074DCC62E070E083EF90E00E945A
:103FC000CF0746CC8CE490E00E948A0970E060E064
:103FD0008EE091E00E94CF078BE890E00E94427152
:103FE000EE24E39410E000E020E04091060760E05A
:103FF0008BE890E00E9447720E94796D0E94F64D16
:1040000027CC2130310509F442C08EE599E02230F9
:10401000310509F046C00E9444AA882309F418CC4F
:1040200084EB91E00E94427183EB91E00E94427127
:1040300080918E038823C9F010928E03EE24E394BE
:1040400010E000E020E04091060760E084EB91E0A2
:104050000E94477270E060E085E191E00E94CF0726
:1040600080918E030E94A26DF3CB81E080938E033A
:10407000EE24E39410E000E020E04091060760E0C9
:1040800083EB91E00E94477261E070E0E5CF8091A0
:104090008D09882309F4DCCB8FE690E00E948A0921
:1040A000D7CB0E9444AA882309F4D2CB8DE490E0B8
:1040B0000E948A0970E060E08EE091E00E94CF07E4
:1040C0008CE890E00E944271EE24E39410E000E05E
:1040D00020E04091060760E08CE890E00E94477283
:1040E0000E94176D0E94F64DB3CB82E79AE00E94C2
:1040F00044AA882309F4E7C08091990390919A0318
:104100008130910541F0029709F049C086E690E0C0
:104110000E948A099DCB80910D028E3131F18EE192
:1041200080930D028EE991E00E9442718FE991E047
:104130000E944271EE24E39410E000E020E0409100
:10414000060760E08FE991E00E94477289E590E000
:104150000E948A098091CD038D7F8C3109F078CB44
:1041600080910D028093CD0373CB8CE180930D027F
:104170008EE991E00E9442718FE991E00E944271C4
:10418000EE24E39410E000E020E04091060760E0B8
:104190008EE991E00E94477288E590E0D9CF0E94B5
:1041A000F77C0E94327D80910E02823009F459C062
:1041B000D8F48130B9F184E080930E0280E38093DB
:1041C0000F028EEA90E00E944271EE24E39410E028
:1041D00000E020E04091060760E08EEB91E00E9455
:1041E000477264E070E036C0843009F453C0853013
:1041F00011F781E080930E0285E080930F0287EA39
:1042000091E00E944271EE24E39410E000E020E08F
:104210004091060760E08CEA90E00E94477261E0FE
:1042200070E018C082E080930E0280E380930F025A
:104230008CEA90E00E944271EE24E39410E000E0EA
:1042400020E04091060760E08DEA90E00E9447720E
:1042500062E070E08CEE90E00E94CF070E94764D05
:10426000F7CA83E080930E0280E380930F028DEA09
:1042700090E00E944271EE24E39410E000E020E020
:104280004091060760E08EEA90E00E94477263E08A
:1042900070E0E0CF85E080930E0282E080930F0211
:1042A0008EEB91E00E944271EE24E39410E000E076
:1042B00020E04091060760E087EA91E00E944772A3
:1042C00065E070E0C7CF8EE599E00E9444AA88239C
:1042D00009F4BECA8091990390919A0381309105A7
:1042E00041F0029709F0B4CA88EA90E00E948A0976
:1042F000AFCA8091DB038823E9F01092DB0385EAE3
:1043000091E00E94427186EA91E00E944271EE249F
:10431000E39410E000E020E04091060760E086EAC8
:1043200091E00E94477270E060E08CE091E00E94B2
:10433000CF078ECA81E08093DB0385EA91E00E947B
:10434000427186EA91E00E944271EE24E39410E00B
:1043500000E020E04091060760E085EA91E00E94DD
:10436000477261E070E08CE091E00E94CF0770CA74
:1043700082E79AE00E9444AA8823B1F080919903D1
:1043800090919A038130910551F0029709F460CA27
:1043900062E070E088E091E00E94CF0759CA8AEAA3
:1043A00090E00E948A0954CA8EE599E00E9444AACE
:1043B000882309F44DCA8091990390919A0301973B
:1043C00009F046CA80910C028823E9F010920C0291
:1043D0008EE990E00E9442718FE990E00E94427164
:1043E000EE24E39410E000E020E04091060760E056
:1043F0008FE990E00E94477270E060E088EE90E004
:104400000E94CF0725CA81E080930C028EE990E0DC
:104410000E9442718FE990E00E944271EE24E39481
:1044200010E000E020E04091060760E08EE990E0B7
:104430000E94477261E070E088EE90E00E94CF0732
:1044400007CA89EA90E00E948A0902CA8EE599E0CB
:104450000E9444AA882309F4FBC980919903909192
:104460009A03019709F0F4C98FEA90E00E948A0943
:10447000EFC982E79AE00E9444AA8823B1F08091B4
:10448000990390919A038130910551F0029709F4B4
:10449000DFC962E070E088EF90E00E94CF07D8C9E2
:1044A0008BEA90E00E948A09D3C98EE599E00E94C8
:1044B00044AA882309F4CCC98091990390919A0366
:1044C000019709F0C5C980910B028823E9F0109289
:1044D0000B028BEB91E00E9442718CEB91E00E9409
:1044E0004271EE24E39410E000E020E040910607E2
:1044F00060E08CEB91E00E94477270E060E081E147
:1045000091E00E94CF07A4C910930B028BEB91E0BE
:104510000E9442718CEB91E00E944271EE24E39480
:1045200010E000E020E04091060760E08BEB91E0B6
:104530000E94477261E070E081E191E00E94CF0744
:1045400087C90E940466F090140253E0F51609F43E
:104550008EC55F1548F161E0F61611F40C946E2BD0
:1045600072E0F71275C982E79AE00E9444AA882394
:1045700009F46EC98091990390919A03009709F00C
:10458000DFC785E690E00E948A09809199039091A7
:104590009A03009711F00C94172B62E070E085EFFE
:1045A00090E00E94CF0754C984E0F81609F4D1C204
:1045B00095E0F9124DC98EE599E00E9444AA209138
:1045C000990330919A03882309F47BC121153105A1
:1045D000C9F48BE490E00E948A098CE890E00E9484
:1045E0004271EE24E39410E000E020E040910607E1
:1045F00060E08CE890E00E9447720E943A6F0E944F
:10460000F64D26C92130310509F03FC080918D0358
:104610008823E9F010928D0380EB90E00E944271B4
:104620008FEA90E00E944271EE24E39410E000E0F3
:1046300020E04091060760E080EB90E00E94477226
:1046400070E060E08DEE90E00E94CF0701C981E04C
:1046500080938D038FEA90E00E94427180EB90E09E
:104660000E944271EE24E39410E000E020E04091CB
:10467000060760E08FEA90E00E94477261E070E018
:104680008DEE90E00E94CF07E3C82230310509F09B
:10469000D6C080918C03823009F480C058F58130F7
:1046A00009F454C081E080938C038EE091E00E9475
:1046B000427182E091E00E94427181E091E00E94AB
:1046C000427180E091E00E9442718FEF90E00E9481
:1046D0004271EE24E39410E000E020E040910607F0
:1046E00060E08FEF90E00E9447728DE890E00E94BA
:1046F0008A09AEC8833009F479C0843099F61092E3
:104700008C038EE091E00E94427182E091E00E9471
:10471000427181E091E00E94427180E091E00E944C
:1047200042718FEF90E00E944271EE24E39410E01A
:1047300000E020E04091060760E08EE091E00E94FA
:10474000477280E990E00E948A0982C882E08093E3
:104750008C038EE091E00E94427182E091E00E9421
:10476000427181E091E00E94427180E091E00E94FC
:1047700042718FEF90E00E944271EE24E39410E0CA
:1047800000E020E04091060760E080E091E00E94B8
:1047900047728EE890E00E948A095AC883E08093AD
:1047A0008C038EE091E00E94427182E091E00E94D1
:1047B000427181E091E00E94427180E091E00E94AC
:1047C00042718FEF90E00E944271EE24E39410E07A
:1047D00000E020E04091060760E081E091E00E9467
:1047E00047728FE890E00E948A0932C884E0809383
:1047F0008C038EE091E00E94427182E091E00E9481
:10480000427181E091E00E94427180E091E00E945B
:1048100042718FEF90E00E944271EE24E39410E029
:1048200000E020E04091060760E082E091E00E9415
:10483000477281E990E00E948A090C94281C233079
:10484000310541F581E391E00E94427182E391E0FC
:104850000E94427183E391E00E94427184E391E0FF
:104860000E94427185E391E00E944271EE24E3943C
:1048700010E000E020E04091060760E081E391E075
:104880000E94477265E070E081EE90E00E94CF07E1
:104890000C94281C2430310511F00C94281C8091B4
:1048A0009C0481FB662760F991E0692760FB81F930
:1048B00080939C0470E082EF90E00E94CF070C94FC
:1048C000281C2230310509F4ACC030F52130310507
:1048D00009F4F6C082E79AE00E9444AA882311F402
:1048E0000C94281C8AE490E00E948A098BE890E0EE
:1048F0000E944271EE24E39410E000E020E0409139
:10490000060760E08BE890E00E9447720E94F86C16
:104910000E94F64D0C94281C2330310509F451C037
:1049200024303105B9F682E79AE00E9444AA882330
:1049300011F40C94281C9091290280919C049923D5
:1049400019F1109229028D7F80939C048DE191E0F2
:104950000E94427188E191E00E944271EE24E3944A
:1049600010E000E020E04091060760E08DE191E07A
:104970000E94477270E060E08FEF90E00E94CF07E6
:104980000E9487070C94281C91E090932902826072
:1049900080939C0488E191E00E9442718DE191E056
:1049A0000E944271EE24E39410E000E020E0409188
:1049B000060760E088E191E00E94477261E070E0E4
:1049C000DBCF82E79AE00E9444AA882311F40C947A
:1049D000281C8CE291E00E9442718DE291E00E94DD
:1049E00042718EE291E00E9442718FE291E00E945A
:1049F000427180E391E00E944271EE24E39410E062
:104A000000E020E04091060760E08CE291E00E9427
:104A1000477265E070E080EE90E00E94CF070C9452
:104A2000281C8091A10A882311F40C94281C8091E1
:104A3000CE0381110C94281C8091B2039091B30392
:104A4000892B01F581E090E09093B3038093B2034A
:104A500085EB91E00E94427186EB91E00E944271E9
:104A6000EE24E39410E000E020E04091060760E0CF
:104A700085EB91E00E94477284E490E00E948A09ED
:104A80000C94281C1092B3031092B20385EB91E0B2
:104A90000E94427186EB91E00E944271EE24E39401
:104AA00010E000E020E04091060760E086EB91E036
:104AB0000E94477283E490E00E948A090C94281CAB
:104AC00082E79AE00E9444AA882311F40C94281CDF
:104AD00080910A028823F1F010920A028DE990E099
:104AE0000E9442718CE990E00E944271EE24E394AE
:104AF00010E000E020E04091060760E08DE990E0E2
:104B00000E94477270E060E08BE091E00E94CF0766
:104B10000C94281C81E080930A028DE990E00E94A9
:104B200042718CE990E00E944271EE24E39410E01F
:104B300000E020E04091060760E08CE990E00E94F0
:104B4000477261E070E08BE091E00E94CF070C9427
:104B5000281C82E79AE00E9444AA882309F4CAC06C
:104B60008091990390919A03009721F40E94B6795D
:104B70000C94281C8130910541F466E070E083E1DB
:104B800091E00E94CF070C94281C8230910509F017
:104B900041C080918B038823F1F010928B0380EA4F
:104BA00090E00E94427181EA90E00E944271EE24FE
:104BB000E39410E000E020E04091060760E081EA25
:104BC00090E00E94477270E060E089EE90E00E9401
:104BD000CF070C94281C81E080938B0380EA90E03F
:104BE0000E94427181EA90E00E944271EE24E394B7
:104BF00010E000E020E04091060760E080EA90E0ED
:104C00000E94477261E070E089EE90E00E94CF0759
:104C10000C94281C8330910541F58CE291E00E94B0
:104C200042718DE291E00E9442718EE291E00E9419
:104C300042718FE291E00E94427180E391E00E9414
:104C40004271EE24E39410E000E020E0409106077A
:104C500060E08DE291E00E94477264E070E080EED7
:104C600090E00E94CF070C94281C049711F00C943C
:104C7000281C9091E80880919C049923F1F01092EF
:104C8000E8088B7F80939C048EE191E00E94427142
:104C900089E191E00E944271EE24E39410E000E08B
:104CA00020E04091060760E08EE191E00E944772AB
:104CB00070E060E08EEF90E061CE91E09093E808C4
:104CC000846080939C0489E191E00E9442718EE1AE
:104CD00091E00E944271EE24E39410E000E020E0B5
:104CE0004091060760E089E191E00E94477261E02F
:104CF00070E0E0CF8EE599E00E9444AA882311F489
:104D00000C94281C8091990390919A03009709F0C4
:104D10004DC09091410B8091490B923021F181114E
:104D200022C08091460B883701F51092460B8AE924
:104D300090E00E94427189E990E00E944271EE2465
:104D4000E39410E000E020E04091060760E08AE98B
:104D500090E00E94477270E060E08FE091E00E9476
:104D6000CF070C94281C811105C08091460B8867E1
:104D70008093460B8AE990E00E94427189E990E0B5
:104D80000E944271EE24E39410E000E020E04091A4
:104D9000060760E089E990E00E94477261E070E0F8
:104DA0008FE091E00E94CF070C94281C8130910580
:104DB00009F0D7C080E490E00E944271EE24E394B1
:104DC00010E000E020E04091060760E080E490E021
:104DD0000E94477280910902823009F468C08330D2
:104DE00009F48EC0813079F181E0809309028093CB
:104DF0004C0B809308028CE690E00E9442718AE698
:104E000090E00E9442718BE690E00E9442718AE439
:104E100091E00E94427120E04091060760E08AE63E
:104E200090E00E94477261E070E083E191E00E94AF
:104E3000CF074AEF50E060E070E087EB9AE00E9415
:104E40002EAC0C94281C82E08093090280934C0BBA
:104E500081E0809308028CE690E00E9442718AE62D
:104E600090E00E9442718BE690E00E9442718AE4D9
:104E700091E00E944271EE24E39410E000E020E013
:104E80004091060760E08CE690E00E94477262E085
:104E900070E083E191E00E94CF074AEF50E060E0CC
:104EA00070E087EB9AE00E942EAC0C94281C83E003
:104EB0008093090280934C0B8CE690E00E94427133
:104EC0008AE690E00E9442718BE690E00E94427177
:104ED0008AE491E00E944271EE24E39410E000E045
:104EE00020E04091060760E08BE690E00E94477268
:104EF00063E070E083E191E00E94CF070C94281CEE
:104F0000F092090282E080934C0B8CE690E00E94C4
:104F100042718AE690E00E9442718BE690E00E9426
:104F200042718AE491E00E944271EE24E39410E021
:104F300000E020E04091060760E08AE491E00E94F2
:104F4000477264E070E083E191E00E94CF074AEF8E
:104F500050E060E070E087EB9AE00E942EAC0C9489
:104F6000281C8230910509F041C080918F0388236D
:104F7000F1F010928F0385E091E00E94427184E08D
:104F800091E00E944271EE24E39410E000E020E002
:104F90004091060760E085E091E00E94477270E072
:104FA00060E08AEE90E00E94CF070C94281C81E01C
:104FB00080938F0385E091E00E94427184E091E04C
:104FC0000E944271EE24E39410E000E020E0409162
:104FD000060760E084E091E00E94477261E070E0C3
:104FE0008AEE90E00E94CF070C94281C8330910534
:104FF00041F581E391E00E94427182E391E00E94D9
:10500000427183E391E00E94427184E391E00E9447
:10501000427185E391E00E944271EE24E39410E036
:1050200000E020E04091060760E082E391E00E940A
:10503000477264E070E081EE90E00E94CF070C942C
:10504000281C049711F00C94281C80919C0482FB6E
:10505000662760F991E0692760FB82F980939C04E0
:1050600070E081EF90E00E94CF070C94281C82E74B
:105070009AE00E9444AA882311F40C94281C809181
:10508000990390919A03009779F40E945C7880913B
:10509000990390919A03009709F018C18EE990E066
:1050A0000E948A090C94281C81309105D9F58091C1
:1050B00007028823E9F01092070287E391E00E943B
:1050C000427188E391E00E944271EE24E39410E083
:1050D00000E020E04091060760E087E391E00E9455
:1050E000477270E060E08AEF90E00E94CF07CFCF78
:1050F00081E08093070287E391E00E94427188E398
:1051000091E00E944271EE24E39410E000E020E080
:105110004091060760E088E391E00E94477261E0F9
:1051200070E0E1CF8230910509F06CC020918903D5
:1051300030918A032130310539F12230310509F0EF
:1051400042C081E090E090938A038093890388E0D5
:1051500091E00E9442718AE091E00E94427189E0F0
:1051600091E00E944271EE24E39410E000E020E020
:105170004091060760E08AE091E00E94477285EA6C
:1051800090E00E948A0983CF10928A0310928903CB
:1051900088E091E00E94427189E091E00E944271B2
:1051A0008AE091E00E944271EE24E39410E000E076
:1051B00020E04091060760E088E091E00E9447729D
:1051C0008AE690E0DECF90938A038093890388E09B
:1051D00091E00E94427189E091E00E9442718AE070
:1051E00091E00E944271EE24E39410E000E020E0A0
:1051F0004091060760E089E091E00E94477285E8EF
:1052000090E0BFCF8330910529F58CE291E00E94B8
:1052100042718DE291E00E9442718EE291E00E9423
:1052200042718FE291E00E94427180E391E00E941E
:105230004271EE24E39410E000E020E04091060784
:1052400060E08EE291E00E94477263E070E080EEE1
:1052500090E04BCF049709F01ACF8091E90888239A
:10526000D9F01092E9088FE191E00E9442718AE141
:1052700091E00E944271EE24E39410E000E020E00F
:105280004091060760E08FE191E00E94477270E074
:1052900060E08DEF90E029CF81E08093E9088AE11A
:1052A00091E00E9442718FE191E00E944271EE24F0
:1052B000E39410E000E020E04091060760E08AE11E
:1052C00091E00E94477261E070E0E3CF8130910588
:1052D00009F07EC0209187033091880321153105A4
:1052E00031F5909388038093870310924B0B8FEADC
:1052F00091E00E9442718EEA91E00E94427180EB3F
:1053000091E00E944271EE24E39410E000E020E07E
:105310004091060760E08EEA91E00E94477262E0E9
:1053200070E08BEE90E00E94CF070C94281C213097
:10533000310541F582E090E09093880380938703E4
:1053400010924B0B8FEA91E00E9442718EEA91E03D
:105350000E94427180EB91E00E944271EE24E3943E
:1053600010E000E020E04091060760E080EB91E073
:105370000E94477263E070E08BEE90E00E94CF07DE
:105380000C94281C109288031092870310924B0BE8
:105390008FEA91E00E9442718EEA91E00E94427190
:1053A00080EB91E00E944271EE24E39410E000E073
:1053B00020E04091060760E08FEA91E00E9447728A
:1053C00061E070E08BEE90E00E94CF070C94281C07
:1053D0008230910509F073C02091850330918603D6
:1053E0002130310541F12230310509F046C081E01C
:1053F00090E090938603809385038BE091E00E9478
:1054000042718DE091E00E9442718CE091E00E9437
:105410004271EE24E39410E000E020E040910607A2
:1054200060E08BE091E00E94477286EA90E00E9483
:105430008A090C94281C10928603109285038DE033
:1054400091E00E9442718CE091E00E9442718BE0F9
:1054500091E00E944271EE24E39410E000E020E02D
:105460004091060760E08DE091E00E9447728BE674
:1054700090E00E948A090C94281C909386038093E4
:1054800085038DE091E00E9442718CE091E00E94E2
:1054900042718BE091E00E944271EE24E39410E0AF
:1054A00000E020E04091060760E08CE091E00E947F
:1054B000477286E890E00E948A090C94281C833089
:1054C000910541F581E391E00E94427182E391E010
:1054D0000E94427183E391E00E94427184E391E073
:1054E0000E94427185E391E00E944271EE24E394B0
:1054F00010E000E020E04091060760E083E391E0E7
:105500000E94477263E070E081EE90E00E94CF0756
:105510000C94281C049711F00C94281C80919C0476
:1055200083FB662760F991E0692760FB83F980932C
:105530009C0470E080EF90E00E94CF070C94281C40
:105540008130910539F462E070E081E091E00E94E1
:10555000CF071BC88230910529F462E070E086EF26
:1055600090E0F5CF8330910529F58CE291E00E941F
:1055700042718DE291E00E9442718EE291E00E94C0
:1055800042718FE291E00E94427180E391E00E94BB
:105590004271EE24E39410E000E020E04091060721
:1055A00060E08FE291E00E94477262E070E080EE7E
:1055B00090E0CDCF049711F00C94C5228091EA08B9
:1055C0008823D9F01092EA0880E291E00E944271AB
:1055D0008BE191E00E944271EE24E39410E000E040
:1055E00020E04091060760E080E291E00E9447726F
:1055F00070E060E08CEF90E0AACF81E08093EA0851
:105600008BE191E00E94427180E291E00E94427140
:10561000EE24E39410E000E020E04091060760E013
:105620008BE191E00E94477261E070E0E3CF81304E
:10563000910541F462E070E080E091E00E94CF07C4
:105640000C94281C8230910541F462E070E08AE0FD
:1056500091E00E94CF070C94281C8330910541F5FE
:1056600081E391E00E94427182E391E00E944271E5
:1056700083E391E00E94427184E391E00E944271D1
:1056800085E391E00E944271EE24E39410E000E093
:1056900020E04091060760E084E391E00E944772B9
:1056A00062E070E081EE90E00E94CF070C94281C2D
:1056B000049711F00C94281C80919C0484FB6627AD
:1056C00060F991E0692760FB84F980939C0470E0A5
:1056D0008FEE90E00E94CF070C94281C82E79AE09E
:1056E0000E9444AA882311F40C94281C80919903E9
:1056F00090919A03009751F5809110028823A9F0A8
:1057000010921002EE24E39410E000E020E04091BB
:10571000060760E086E990E00E94477270E060E072
:1057200084E191E00E94CF0718C0F0921002EE24AD
:10573000E39410E000E020E04091060760E085E996
:1057400090E00E94477261E070E0EACF81309105FD
:10575000C1F587E590E00E948A09809199039091B4
:105760009A03009709F0F2C08091060291E0892720
:10577000809306028CE790E00E9442718DE790E0F2
:105780000E94427180910602EE24E39410E000E052
:1057900020E04091060760E0882309F4D4C08CE73C
:1057A00090E00E9447728091060262E070E08111F1
:1057B00002C061E070E089E091E00E94CF070C94A4
:1057C000281C8230910509F059C08CE890E00E94B5
:1057D0008A098091CE03882309F4BFCF8091410BC1
:1057E000813071F592E09093410B8093420B1092BF
:1057F000440B8091490B811103C081E08093490BD8
:105800008091470B813029F08093480B81E0809391
:10581000470B87E191E00E94427186E191E00E948E
:105820004271EE24E39410E000E020E0409106078E
:1058300060E087E191E00E9447720E943A7A8DCF42
:10584000F092410B0E94469C8091470B8093480B3D
:1058500085E08093470B86E191E00E94427187E1E9
:1058600091E00E944271EE24E39410E000E020E019
:105870004091060760E086E191E0DDCF833091053D
:1058800029F58CE291E00E9442718DE291E00E9444
:1058900042718EE291E00E9442718FE291E00E949B
:1058A000427180E391E00E944271EE24E39410E0A3
:1058B00000E020E04091060760E080E391E00E9474
:1058C000477261E070E080EE90E02CCF049711F019
:1058D0000C94281C8091F0088823D9F01092F008CD
:1058E00081E291E00E9442718CE191E00E9442715C
:1058F000EE24E39410E000E020E04091060760E031
:1059000081E291E00E94477270E060E08BEF90E0EE
:1059100009CF81E08093F0088CE191E00E94427110
:1059200081E291E00E944271EE24E39410E000E0F5
:1059300020E04091060760E08CE191E00E94477210
:1059400061E070E0E3CF8DE790E02BCF81309105EF
:1059500041F462E070E082E091E00E94CF070C9495
:10596000281C8230910509F073C020918303309187
:1059700084032130310541F12230310509F446C05C
:1059800081E090E0909384038093830381E191E030
:105990000E94427183E191E00E94427185E191E0B1
:1059A0000E944271EE24E39410E000E020E0409178
:1059B000060760E081E191E00E9447728FE590E088
:1059C0000E948A090C94281C90938403809383037B
:1059D00081E191E00E94427183E191E00E94427175
:1059E00085E191E00E944271EE24E39410E000E032
:1059F00020E04091060760E083E191E00E94477259
:105A000080E690E00E948A090C94281C109284037E
:105A10001092830381E191E00E94427183E191E061
:105A20000E94427185E191E00E944271EE24E3946C
:105A300010E000E020E04091060760E085E191E0A1
:105A40000E94477281E690E00E948A090C94281C0B
:105A50008330910541F581E391E00E94427182E338
:105A600091E00E94427183E391E00E94427184E3DD
:105A700091E00E94427185E391E00E944271EE2420
:105A8000E39410E000E020E04091060760E085E349
:105A900091E00E94477261E070E081EE90E00E9428
:105AA000CF070C94281C049711F00C94281C8091AB
:105AB0009C0485FB662760F991E0692760FB85F906
:105AC00080939C0470E08EEE90E00E94CF070C94CF
:105AD000281C0E940466F0901402A3E0FA1609F450
:105AE000BEC0AF1508F452C0B1E0FB1609F439C2CC
:105AF00002E0F0120C94281C8091990390919A0373
:105B0000009709F081C182E79AE00E9444AA8823A5
:105B100009F4F7C08091CE03882309F4ECC000910A
:105B2000D1031091D20380918203E090CF03F090D3
:105B3000D003882309F4CDC0045F1140B80190E080
:105B400080E00E94889820917C0330917D03261785
:105B5000370709F0A6C0109281031092800360916C
:105B600080037091810390E080E00E943B996E1564
:105B70007F050CF49DC060918003709181036F5F7D
:105B80007F4F7093810360938003EDCF14E0F11693
:105B900009F442C025E0F2120C94281C809199036C
:105BA00090919A030097D1F482E79AE00E9444AA68
:105BB000882311F40C94281C81E390E00E948A0948
:105BC0008091CE03882311F40C94281C9091D40367
:105BD00081E089270E94CCAF0C94281C019711F01A
:105BE0000C94281C82E79AE00E9444AA81110C942C
:105BF000B6258EE599E00E9444AA882311F40C94FE
:105C0000281C8091490B81110C94281C8FEA90E08C
:105C10000E948A090C94281C8091990390919A0300
:105C2000009731F48EE599E00E9444AA0C94492033
:105C3000019711F00C94281C82E79AE00E9444AA74
:105C4000882321F00E945C780C94281C8EE599E052
:105C50000E9444AA882311F40C94281C1FCA809126
:105C6000990390919A03019711F00C94281C82E7F4
:105C70009AE00E9444AA882331F085E690E00E94D1
:105C80008A090C94281C8EE599E00E9444AA882376
:105C900011F40C94281C86E690E00E948A090C946A
:105CA000281C6F5F7F4F709381036093800357CFF1
:105CB0008B010C501E4F8091D5038823B1F00E94B8
:105CC000DDAF1093D2030093D1030E94D2700C94E5
:105CD000281C0F5F1F4F3DE0E31A3EEFF30AE0166A
:105CE000F10648F704EF11E0E6CF1093D2030093DA
:105CF000D1030C94281C8CE290E00E948A090C9439
:105D0000281C8EE599E00E9444AA882311F40C9483
:105D1000281C8091CE03882309F470C0E090D10341
:105D2000F090D20380918203882309F450C044EF9D
:105D3000E41A41E0F40AB70190E080E00E948898FC
:105D400020917E0330917F032617370731F580912C
:105D50007C0390917D0390938103809380036091F5
:105D600080037091810390E080E00E943B99009154
:105D7000CF031091D00360177107B4F060918003D6
:105D80007091810361507109709381036093800366
:105D900090E080E00E943B99EECF615071097093D2
:105DA000810360938003DBCF7B015CE0E51A5EEF4B
:105DB000F50A8091D5038823D9F00E94DDAFF092D7
:105DC000D203E092D1030E94D2700C94281C61E0AF
:105DD000E61AF10874EFE71671E0F70650F7E09065
:105DE000CF03F090D0038DE0E81A8EEFF80AE1CFF0
:105DF000F092D203E092D1030C94281C8DE290E043
:105E00000E948A090C94281C019711F00C94281CFC
:105E100082E79AE00E9444AA882341F065E070E09E
:105E200083E191E00E94CF070C94281C8EE599E055
:105E30000E9444AA882311F40C94281C80E490E06A
:105E40000E944271EE24E39410E000E020E04091D3
:105E5000060760E080E490E00E94477280914C0B5E
:105E6000813031F1833009F44FC083E080934C0BD3
:105E70008CE690E00E9442718AE690E00E944271B6
:105E80008BE690E00E944271EE24E39410E000E083
:105E900020E04091060760E08BE690E00E944772A8
:105EA00063E070E083E191E00E94CF070C94281C2E
:105EB000F0924C0B809308028CE690E00E944271B5
:105EC0008AE690E00E9442718BE690E00E94427167
:105ED000EE24E39410E000E020E04091060760E04B
:105EE0008CE690E00E94477262E070E083E191E00E
:105EF0000E94CF074AEF50E060E070E087EB9AE045
:105F00000E942EAC0C94281C81E080934C0B809353
:105F100008028CE690E00E9442718AE690E00E94BE
:105F200042718BE690E00E944271EE24E39410E00F
:105F300000E020E04091060760E08AE690E00E94E1
:105F4000477261E070E083E191E00E94CF074AEF81
:105F500050E060E070E087EB9AE00E942EAC0C9479
:105F6000281C8091990390919A03009709F03FC0F3
:105F700082E79AE00E9444AA8823B1F08EE290E082
:105F80000E948A098091CE03882311F40C94281C66
:105F90008091D503882321F00E94DDAF0C94281C4A
:105FA0000E94D2700C94281C8EE599E00E9444AAAD
:105FB000882311F40C94281C89E390E00E948A093C
:105FC0008091CE03882311F40C94281C80911E022A
:105FD0008A3B49F48091070780931E0280E00E946B
:105FE000B37A0C94281C809307078AEBF5CF0197AE
:105FF00011F00C94281C82E79AE00E9444AA88239E
:1060000009F4A0C086E590E00E948A098091CE0341
:10601000882311F40C94281C84E490E00E944271BF
:10602000EE24E39410E000E020E04091060760E0F9
:1060300084E490E00E9447720E949E6C833009F1D4
:10604000853009F45FC08230E1F580938C0383E0F2
:1060500091E00E9442718EE590E00E9442718EE4D0
:1060600090E00E9442718DE490E00E94427120E035
:106070004091060760E08EE490E00E9447720C9425
:10608000281C80938C0383E091E00E9442718EE58E
:1060900090E00E9442718EE490E00E9442718DE493
:1060A00090E00E944271EE24E39410E000E020E0D2
:1060B0004091060760E08EE590E00E9447720C94E4
:1060C000281C84E080938C0383E091E00E9442715D
:1060D0008EE590E00E9442718EE490E00E94427151
:1060E0008DE490E00E944271EE24E39410E000E021
:1060F00020E04091060760E083E091E00E94477253
:106100000C94281CF0928C0383E091E00E94427171
:106110008EE590E00E9442718EE490E00E94427110
:106120008DE490E00E944271EE24E39410E000E0E0
:1061300020E04091060760E08DE490E00E94477205
:106140000C94281C8EE599E00E9444AA882311F43F
:106150000C94281C83E390E00E948A098091CE036E
:10616000882311F40C94281C80918203F826F09265
:1061700082030C94281C85E16FEF0E9473860E94B5
:10618000BC509091910380910F02981708F0EFC0D6
:106190008FE598E00E9449AC89E698E00E94FEAB4A
:1061A000882309F440C0C090CF02D090D002E09084
:1061B000D10290E080E00E94CF7C60919103209119
:1061C0000F02621780F520910E02E62FF0E02330D7
:1061D00009F44BC1243009F44BC1223009F04BC102
:1061E000E753F94F649170E04E2D96010E940F7BAA
:1061F00044E050E060E070E089E698E00E942EAC58
:10620000809191038F5F8093910390910F02891386
:106210000AC010929103803311F40E94327D1092D3
:1062200071081092720889E198E00E94FEAB6396B3
:106230000FB6F894DEBF0FBECDBFDF91CF911F9197
:106240000F91FF90EF90DF90CF90BF90AF909F9015
:106250008F907F906F905F904F903F902F90089518
:10626000E73010F580E0E33010F586E1E130F9F039
:10627000E23009F4CFC00E94E66C8111D1C0809158
:1062800090038111CFC00E94DE6C9091470B833048
:1062900009F0B0C0923009F4B9C008F0A4C0913040
:1062A00009F4AEC085E003C08EEFE73021F790918E
:1062B0000E026FEF933009F4B9C0943009F4C1C0F5
:1062C000923009F0C9C00E9473869B01482FE0916B
:1062D0009103E150FF0BE753F94FE4916E2F70E00B
:1062E000C8010E940F7B10929103109267081092D0
:1062F000680840E050E0BA0189E698E00E942EACC0
:106300004BCF0E94E66C81112EC0809190038111C9
:106310002CC00E94DE6C9091470B833049F4913081
:1063200079F020F084E1943008F426CF86E124CF80
:10633000913020F09330D0F3953010F081E01CCFF5
:1063400083E11ACF0E94DE6C8330C1F38FE014CF5B
:106350008DE612CF85E610CF84E60ECF8091120233
:106360008E3F60F7E3CF8BE007CF8DE005CF8091C4
:10637000470B9091440B9330A9F49FEF980F943002
:10638000C0F498E020910E0222504AE0491B2330CD
:10639000F0F045E58230D9F0A0F444E68130B9F060
:1063A00048E215C096E0823069F328F495E0813028
:1063B00049F399E0E7CF97E0833021F3843009F384
:1063C000F8CF46E4833019F047E3843049F750E0D2
:1063D00070E060E08FE598E00E942EAC10925D08BE
:1063E00010925E08D9CE933099F0943009F05ACFCC
:1063F00087E05DCF9230E1F328F4913009F452CF79
:106400008AE055CF933021F09430D1F789E04FCF17
:1064100088E04DCF0E94DE6C833031F484E047CFBA
:106420008EE045CF81E043CF80E141CF0E9473866B
:106430009B01482FE0919103E150FF0BE756F94F84
:106440004CCF0E9473869B01482FE0919103E1504D
:10645000FF0BE759F94F41CF0E9473869B01482FEC
:10646000609191036150770B3BCFE756F94FBACE5D
:10647000E759F94FB7CE4E2D9601BF010E940F7B11
:1064800044E150E060E070E0B7CE0630110511F055
:106490000C94EB140C945B15813011F00C94531395
:1064A0008091020180620C947713813011F40C9476
:1064B00069130C945313CF92DF92EF920F931F93B3
:1064C000CF93DF93CDB7DEB762970FB6F894DEBFF8
:1064D0000FBECDBF8091CE03811157C01F828FEFB9
:1064E00089838091FF0690910007DC01ED91FC917A
:1064F0000084F185E02D1995892B09F454C081E0C1
:106500008F838091FF0690910007DC01ED91FC9153
:106510000084F185E02D1995892BF9F08091FF0613
:1065200090910007DC01ED91FC910284F385E02D50
:1065300019958983BE01695F7F4FCE0101960E9444
:10654000A2A18093FD068091E7068093FE0683302A
:10655000C1F2181614F00E94369D8091FD06882322
:10656000A1F08091F206882381F0843011F40C941C
:10657000DF3F38F5813009F4B8C0A2EEB5E0E1EABA
:10658000F3E0823011F40C949E3F62960FB6F894BB
:10659000DEBF0FBECDBFDF91CF911F910F91EF9066
:1065A000DF90CF900895BE01695F7F4FCE010196C5
:1065B0000E94A2A18093FD068091E7068093FE06CB
:1065C000C8CF853011F40C940242A2EEB5E0E9E8A0
:1065D000F4E08630D1F68D91819384E0E239F807BA
:1065E000D1F761E176E0CE0101960E94E3A3CE01EE
:1065F00001960E94DBA38091910482FD02C00C945D
:106600006F4281E08093C703809189040E945F9C60
:1066100080918A048093430B80918C040E94329C69
:1066200080918D049FEF980F953030F49091470B37
:106630009093480B8093470B0E943A7A8091910483
:1066400081700E94CF4C0E94BF4D0E94B90790916B
:10665000090280919104943029F483FB992790F9E1
:106660009093080281FB992790F990936E03909183
:106670008E049093B00385FB992790F99093D403EF
:1066800086FB882780F98093820380919004823072
:1066900040F0843010F40C949342843011F40C9444
:1066A00098421092D5031092D30380918F04809367
:1066B0001D02A3E28A9FC001112464E670E00E94DB
:1066C000F5C06352609306070E94D06D80919104DB
:1066D00084FF5BCF80911E02809307078AEB809333
:1066E0001E0280E00E94B37A50CF2091E2052093F1
:1066F000A8039091E3059093A9039091E4059093EA
:10670000AA039091E5059093AB039091E6059093D1
:10671000AC039091E7059093AD036091A90370914C
:10672000AA03223009F031CF6230710511F00C94C8
:106730009F424091AB035091AC032091E204309111
:10674000E3044217530711F00C94A442943011F063
:106750000C94A44223E030E03093D8032093D70375
:106760008093CE038093C7031092D5031092D30376
:1067700080E00E94674C5F980E94A08C40ED57E03B
:1067800060E070E08DE197E00E942EAC0E941B87D4
:1067900081E00E94B37A8091490B8D7F813039F07E
:1067A00081E08093410B1092490B10924A0B0E949A
:1067B0003A7A0E94BF4D1092170810921808E5CE41
:1067C0000730110509F476C00930110511F00C9459
:1067D000E94281E080931B02D8CE0E3B110509F4FB
:1067E000E3C078F40532110511F00C94E942809170
:1067F0009703882309F4C9CE1092F9071092FA077B
:10680000C4CE0F3B110509F4D4C00B3D110511F0A6
:106810000C94E94210926C0340E050E0BA0187E822
:1068200098E00E942EACB1CE8091E2049091E304F6
:10683000C816D906D1F069EF75E0CE0101960E9425
:10684000E3A3CE0101960E94DBA31093D80300932B
:10685000D70380911708811198CE40E050E0BA012B
:106860008FE098E00E942EAC90CE8091D70390915B
:10687000D803B601029729F082E090E00E94CF078A
:1068800084CE81E090E00E94CF077FCE69EE75E074
:10689000CE0101960E94E3A3CE0101960E94DBA3E4
:1068A000CA94CD2811F410921B021092170810926E
:1068B00018086BCE6BED75E0CE0101960E94E3A344
:1068C000CE0101960E94DBA388E090E00E948A0935
:1068D0006091DC037091DD0385E490E00E94CF07B6
:1068E0006091460B70E083E190E00E94CF078091B9
:1068F000C703811107C080916D030E94329C81E023
:106900000E949C788091440B882379F181E08093E8
:10691000410B1092490B10924A0B8091060264E0E1
:1069200070E0811102C063E070E089E091E00E94B4
:10693000CF0780914B0B811125C00E94D17242EB91
:106940005CE060E070E085E098E00E942EAC80E0C2
:106950000E94674C5F9882E090E09093D803809308
:10696000D7038AE08093D60310CE8091490B61E073
:1069700070E0813011F070E060E087EF90E00E94FD
:10698000CF07CBCF823029F48AE590E00E948A09B4
:10699000D6CF8BE590E0FACF809197038111F5CDAA
:1069A00083E080939503F1CD8EEB90E00E948A09FD
:1069B000ECCD8FEB90E00E948A09E7CD0E311105F6
:1069C00009F4B3C570F40D31110509F0DECD8091E5
:1069D000CB039091CC03892B09F4D7CD0E946F7320
:1069E000D4CD0F31110509F470C40032110509F03E
:1069F000CCCD8091CB039091CC038130910509F0EF
:106A0000B4C48091C9039091CA030497039708F412
:106A1000BCCD8091C703882309F4B7CD809198033A
:106A20008111B3CD80910502882309F4AECD0E9477
:106A300016B1ABCD0033110509F4EEC408F068C0FF
:106A40000832110509F401C508F43CC409321105E6
:106A500009F09BCD8091CB039091CC03029709F470
:106A600054C080919803882309F44FC00E94B46CED
:106A70008091CB039091CC030197C1F48091410B9D
:106A8000823091F49091120A80910D0A98130EC0F1
:106A90009091CD098091C809981308C09091570A28
:106AA0008091520A981302C00E94FF6B8091CB0321
:106AB0009091CC03019749F58091C9039091CA0345
:106AC000049719F18091C7038823F9F081E00E94AF
:106AD000A7740E949E6C84508230B8F489E491E0DF
:106AE0000E944271EE24E39410E000E020E0409127
:106AF000060760E089E491E00E9447729091120AD3
:106B000080910D0A98130E946574109298033DCDF0
:106B10000833110509F431C468F40233110509F092
:106B200034CD81E0A2E0CA16D10409F080E0809360
:106B300082032BCD0134110509F407C50234110578
:106B400009F023CD0E94587A20CD0535110509F4AE
:106B5000C0C5D0F50035110509F4EEC5F8F40E34C2
:106B6000110509F43DC608F011C60934110509F0F4
:106B70000CCD0E94796D0E94F86C8BE890E00E9429
:106B80004271EE24E39410E000E020E0409106071B
:106B900060E08BE890E00E944772F7CC0235110567
:106BA00009F485C508F49EC50335110509F488C5A7
:106BB0000435110509F0E9CC84E08093430B0E9471
:106BC000BF4D0E94B907E1CC0836110509F4BAC6D9
:106BD00008F043C00336110509F49EC6C8F4023616
:106BE000110509F0D2CC86E590E00E94427187E55C
:106BF00090E00E944271EE24E39410E000E020E077
:106C00004091060760E086E590E00E944772BDCCA7
:106C10000436110509F4F8C70736110509F0B5CC9B
:106C200089E790E00E9442718AE790E00E944271F9
:106C30008BE790E00E9442718AE791E00E944271E6
:106C4000EE24E39410E000E020E04091060760E0CD
:106C50008AE791E00E94477298CC0C36110509F43E
:106C6000C3C6C8F40936110509F08FCC8BE590E056
:106C70000E9442718AE590E00E944271EE24E39402
:106C800010E000E020E04091060760E08BE590E036
:106C90000E9447727ACC0B37110511F40C947B3E9D
:106CA0000C37110509F071CC89E790E00E94427120
:106CB0008AE790E00E9442718BE790E00E94427167
:106CC0008AE791E00E944271EE24E39410E000E034
:106CD00020E04091060760E08BE790E00E94477259
:106CE00054CC023F110509F491C608F0DFC00D39FC
:106CF000110509F4EAC708F04FC00138110509F47D
:106D0000D9C250F40F37110509F4A2C208F4B9C270
:106D100081E00E94CF4C39CC0438110509F451C2EE
:106D2000B0F40238110509F030CC80911E028A3B84
:106D300009F07BC3B2E0CB16D10409F426CC8091D4
:106D4000070780931E0280E00E94B37A1ECC0B38A6
:106D5000110509F41EC20C39110509F016CC89E79A
:106D600090E00E9442718AE790E00E9442718BE7B6
:106D700090E00E9442718AE791E00E944271EE2405
:106D8000E39410E000E020E04091060760E089E72E
:106D900090E00E944772F9CB0F3D110509F4E4C160
:106DA00008F043C0013B110509F400C608F5003B9B
:106DB000110509F0EACB80E790E00E94427181E77B
:106DC00090E00E94427182E790E00E94427183E766
:106DD00090E00E944271EE24E39410E000E020E095
:106DE0004091060760E083E790E00E944772CDCBB8
:106DF000063B110509F41EC50E3D110509F0C5CB72
:106E000086E191E00E94427187E191E00E94427127
:106E1000EE24E39410E000E020E04091060760E0FB
:106E200086E191E00E944772B0CB0F3E110509F454
:106E30005FC6E0F40E3E110509F0A7CBCD2809F49A
:106E400085C686E291E00E9442718BE291E00E9449
:106E50004271EE24E39410E000E020E04091060748
:106E600060E086E291E00E9447728FCB003F1105FF
:106E700009F410C6013F110509F087CBCD2809F4AC
:106E8000F3C583E291E00E94427188E291E00E94A2
:106E90004271EE24E39410E000E020E04091060708
:106EA00060E083E291E00E9447726FCB023021E004
:106EB000120709F48AC608F085C0063F110509F4D7
:106EC000E5C6F8F4043F110509F42BC708F4BAC667
:106ED00088E990E00E94427187E990E00E94427147
:106EE000EE24E39410E000E020E04091060760E02B
:106EF000CA94CD2809F0C4C687E990E00E94477281
:106F000044CB093F110509F4E9C4D0F5083F110548
:106F100009F03BCB85E891E00E94427185E890E062
:106F20000E94427186E891E00E94427186E890E0FA
:106F30000E94427187E890E00E94427188E890E0E8
:106F40000E944271AAE1CA16D10409F469C708F087
:106F500042C727E1C216D10409F47EC788E1C816EA
:106F6000D10409F46BC7EE24E39410E000E020E0C4
:106F70004091060760E088E890E00E94477205CBE8
:106F8000011591E0190709F4FDC50130114009F020
:106F9000FCCA85EA90E00E94427184EA90E00E9477
:106FA0004271EE24E39410E000E020E040910607F7
:106FB00060E0CA94CD2809F0DFC584EA90E00E9421
:106FC0004772E3CA0A30B1E01B0709F459C708F059
:106FD00046C0053081E0180709F4E5C2E8F4043042
:106FE000114009F0D2CA82EB91E00E94427181EB1C
:106FF00091E00E944271EE24E39410E000E020E072
:107000004091060760E0CA94CD2809F033C781EBB0
:1070100091E00E944772B9CA0730B1E01B0709F43A
:107020003FC40830114009F0B0CA80E890E00E94E7
:10703000427181E890E00E944271EE24E39410E0F6
:1070400000E020E04091060760E09FE0C916D1040F
:1070500009F0BBC680E890E00E94477296CA0031F2
:1070600081E0180709F408C4E0F40D30114009F07C
:107070008CCA85E590E00E94427184E590E00E9410
:107080004271EE24E39410E000E020E04091060716
:1070900060E0CD2809F0FEC385E590E00E944772CC
:1070A00074CA0231B1E01B0709F462C40631114011
:1070B00009F06BCAC6010197029728F084E0C81650
:1070C000D10409F045C281E0809308028091C90390
:1070D0009091CA03099709F458CA80E490E00E948D
:1070E0004271EE24E39410E000E020E040910607B6
:1070F00060E080E490E00E94477280E590E00E94AA
:10710000427181E590E00E94427120E040910607C3
:1071100060E080E590E00E94477237CA8091C70323
:10712000882361F08091CB039091CC03009731F0DC
:10713000029789F40E94D37F109297031092C7039D
:1071400081E0CA94CD2809F080E08093B10380E00B
:107150000E94CF4C1ACA1092970381E090E090935E
:10716000CA038093C903EACF86E191E00E9442718D
:1071700087E191E00E944271EE24E39410E000E088
:1071800020E04091060760E087E191E00E944772AD
:10719000FCC981E08093410B0E94469C8091470B83
:1071A0008093480B85E08093470B0E9463650E94A3
:1071B0003A7A6091460B70E083E190E00E94CF073D
:1071C000E4C982E08093410B81E08093420B1092EE
:1071D000440B8091490B811103C081E08093490BDE
:1071E0008091470B813039F08093480B81E0809388
:1071F000470B0E9463650E943A7A6091460B70E0EB
:1072000083E190E00E94CF07C0C98091CB039091A9
:10721000CC03892B09F4B9C90E94F276B6C981E979
:1072200091E00E94427182E991E00E94427188E7F8
:1072300091E00E944271EE24E39410E000E020E02F
:107240004091060760E088E791E00E9447729DC97F
:1072500081E991E00E94427182E991E00E944271CD
:1072600088E791E00E944271EE24E39410E000E090
:1072700020E04091060760E081E991E00E944772BA
:1072800084C981E991E00E94427182E991E00E9403
:10729000427188E791E00E944271EE24E39410E08D
:1072A00000E020E04091060760E082E991E00E9462
:1072B00047726BC980E00E94CF4C67C981E0809320
:1072C0006E0363C910926E0360C98091CB039091E5
:1072D000CC038130910509F040C08091C9039091A1
:1072E000CA030497039708F450C98091C703882301
:1072F00009F44BC980919803811147C98091050217
:10730000882309F442C980911002882321F088ED76
:1073100090E00E948A090E949E6C82508230D0F0D8
:1073200080916B03811116C00E946A71EE24E39470
:1073300010E000E020E04091060760E081E990E085
:107340000E94477280911002882321F082ED90E024
:107350000E948A090E94338218C9892B09F015C935
:107360008AE190E00E948A0910C9892B09F00DC9B1
:107370008CE190E00E948A0908C9A2E0CA16D104F3
:1073800040F0B4E0CB16D104E0F024E0C216D10402
:10739000E1F01092D5031092D3038091D503882396
:1073A000D1F08091D303811116C08091DB0788232F
:1073B00019F080E00E94759B1092DB071092DC07A9
:1073C000E4C881E08093D503E6CF81E08093D503C4
:1073D0008093D303E2CF8091CB039091CC03892B90
:1073E00009F0D3C88091C9039091CA03892B09F091
:1073F000CCC88091410B9091C703911102C081309C
:1074000041F0823009F0C1C88091420B823009F40A
:10741000BCC80E9441ACB9C881E092E0C916D10451
:1074200009F080E00E94CCAFB0C822E0C216D104BF
:1074300009F0ABC8809307078AEB80931E02109275
:10744000110281E00E94B37AA0C881E08093980382
:107450008091CB039091CC038230910509F495C8BB
:107460002091C9033091CA032430310509F48DC835
:10747000019709F051C080911002882341F08CECF3
:1074800090E00E948A0988ED90E00E948A0981E1DB
:1074900090E00E944271EE24E39410E000E020E0CE
:1074A0004091060760E081E190E00E9447720E94EF
:1074B0009E6C82508230B0F080916B03811112C0BB
:1074C0000E946A7120E04091060760E081E990E047
:1074D0000E94477280911002882321F082ED90E093
:1074E0000E948A090E941C6C8091C9039091CA0372
:1074F000069759F46091440B70E080E191E00E949E
:10750000CF071092CA031092C9030E94C8710E944B
:10751000AC7381E00E94927140E951E060E070E05C
:1075200081E998E00E942EAC30C8109203091092B5
:1075300004090E94B46C88E190E00E948A090E94CC
:107540005E7181E08093020220C80E94857A1DC886
:1075500093E0C916D10409F018C81092080280E41B
:1075600090E00E944271EE24E39410E000E020E0FD
:107570004091060760E080E490E00E94477281E558
:1075800090E00E94427180E590E00E94427120E00C
:107590004091060760E081E590E00E9447720E94FA
:1075A000516C0C94C53280E490E00E944271EE244C
:1075B000E39410E000E020E04091060760E080E402
:1075C00090E00E94477288E690E00E94427186E651
:1075D00090E00E94427187E690E00E9442718BE445
:1075E00091E00E9442718CE991E00E944271A3E017
:1075F000CA16D10409F43FC0C0F421E0C216D10478
:1076000061F182E0C816D10411F00C94C532EE2469
:10761000E39410E000E020E04091060760E088E697
:1076200090E00E9447720C94C53294E0C916D104D0
:1076300081F1A5E0CA16D10411F00C94C532EE24F4
:10764000E39410E000E020E04091060760E08CE960
:1076500091E00E9447720C94C532EE24E39410E04E
:1076600000E020E04091060760E086E690E00E949E
:1076700047720C94C532EE24E39410E000E020E061
:107680004091060760E087E690E00E9447720C9404
:10769000C532EE24E39410E000E020E040910607BC
:1076A00060E08BE491E00E9447720C94C53282E066
:1076B0008093430B0E94BF4D0E94B9070C94C532C2
:1076C00083E08093430B0E94BF4D0E94B9070C9446
:1076D000C53285E08093430B0E94BF4D0E94B907DD
:1076E0000C94C53284E490E00E94427183E091E002
:1076F0000E9442718EE590E00E9442718EE490E01B
:107700000E9442718DE490E00E944271EE24E39465
:1077100010E000E020E04091060760E084E490E0A3
:107720000E94477220E04091060760E083E091E00C
:107730000E9447720C94C53284E490E00E9442712A
:1077400083E091E00E9442718EE590E00E944271D8
:107750008EE490E00E9442718DE490E00E944271BC
:10776000EE24E39410E000E020E04091060760E0A2
:1077700084E490E00E94477220E04091060760E0B8
:107780008EE590E00E9447720C94C53284E490E04C
:107790000E94427183E091E00E9442718EE590E088
:1077A0000E9442718EE490E00E9442718DE490E06C
:1077B0000E944271EE24E39410E000E020E040914A
:1077C000060760E084E490E00E94477220E0409168
:1077D000060760E08EE490E00E9447720C94C53288
:1077E00084E490E00E94427183E091E00E94427143
:1077F0008EE590E00E9442718EE490E00E9442711A
:107800008DE490E00E944271EE24E39410E000E0E9
:1078100020E04091060760E084E490E00E94477217
:1078200020E04091060760E08DE490E00E944772FE
:107830000C94C5328AEA90E00E94427183E091E0A4
:107840000E9442718EE590E00E9442718DE490E0CA
:107850000E9442718EE490E00E944271EE24E39413
:1078600010E000E020E04091060760E08AEA90E046
:107870000E9447720C94C5320E943A7A882311F410
:107880000C94C5328C2D0E94329C80E00E949C7822
:107890000C94C53284E590E00E9447720C94C53286
:1078A00089E991E00E9442718AE991E00E94427167
:1078B000EE24E39410E000E020E04091060760E051
:1078C000CD2831F489E991E00E9447720C94C532C9
:1078D0008AE991E00E9447720C94C53281EC91E0F4
:1078E0000E94427180EC91E00E944271EE24E39488
:1078F00010E000E020E04091060760E0CD2831F480
:1079000081EC91E00E9447720C94C53280EC91E0CA
:107910000E9447720C94C53286E590E00E94427145
:1079200087E590E00E944271EE24E39410E000E0CD
:1079300020E04091060760E087E590E00E944772F2
:107940000C94C5328BE590E00E9442718AE590E08C
:107950000E944271EE24E39410E000E020E04091A8
:10796000060760E08AE590E00E9447720C94C532F9
:1079700080E790E00E94427181E790E00E944271AE
:10798000EE24E39410E000E020E04091060760E080
:10799000CD2831F480E790E00E9447720C94C53204
:1079A00081E790E00E9447720C94C53280E790E036
:1079B0000E94427181E790E00E94427182E790E06C
:1079C0000E94427183E790E00E944271EE24E394AA
:1079D00010E000E020E04091060760E082E790E0E0
:1079E0000E9447720C94C5328FE390E00E9442716E
:1079F000EE24E39410E000E020E04091060760E010
:107A00008FE390E00E9447720C94C532CD28B1F00C
:107A100082E291E00E94427187E291E00E9442710D
:107A2000EE24E39410E000E020E04091060760E0DF
:107A300082E291E00E9447720C94C53287E291E0A5
:107A40000E94427182E291E00E944271EE24E3942E
:107A500010E000E020E04091060760E087E291E05E
:107A60000E9447720C94C53288E291E00E944271F4
:107A700083E291E00E944271EE24E39410E000E082
:107A800020E04091060760E088E291E00E944772A2
:107A90000C94C532CD28B1F084E291E00E9442718D
:107AA00089E291E00E944271EE24E39410E000E04C
:107AB00020E04091060760E084E291E00E94477276
:107AC0000C94C53289E291E00E94427184E291E017
:107AD0000E944271EE24E39410E000E020E0409127
:107AE000060760E089E291E00E9447720C94C5327B
:107AF000CD28B1F085E291E00E9442718AE291E0E6
:107B00000E944271EE24E39410E000E020E04091F6
:107B1000060760E085E291E00E9447720C94C5324E
:107B20008AE291E00E94427185E291E00E944271F6
:107B3000EE24E39410E000E020E04091060760E0CE
:107B40008AE291E00E9447720C94C5328BE291E088
:107B50000E94427186E291E00E944271EE24E39419
:107B600010E000E020E04091060760E08BE291E049
:107B70000E9447720C94C53285EA90E00E944772D9
:107B80000C94C53287EA90E00E94427186EA90E048
:107B90000E944271EE24E39410E000E0CA94CD28E4
:107BA00051F420E04091060760E086EA90E00E94F0
:107BB00047720C94C53220E04091060760E087EAE6
:107BC00090E00E9447720C94C53289EA90E00E94CE
:107BD000427188EA90E00E944271EE24E39410E042
:107BE00000E020E04091060760E0CA94CD2831F41F
:107BF00088EA90E00E9447720C94C53289EA90E0CE
:107C00000E9447720C94C53289E790E00E9442714D
:107C10008AE790E00E9442718BE790E00E944271F7
:107C20008AE791E00E944271EE24E39410E000E0C4
:107C300020E04091060760E08AE790E00E944772EA
:107C40000C94C53280EA91E00E94427181EA91E091
:107C50000E944271EE24E39410E000E020E04091A5
:107C6000060760E0CD2831F480EA91E00E94477277
:107C70000C94C53281EA91E00E9447720C94C5329F
:107C800088E990E00E9447720C94C53280E191E04F
:107C90000E9442718FE091E00E944271EE24E394D1
:107CA00010E000E020E04091060760E0CA94CD2893
:107CB00031F48FE091E00E9447720C94C53280E16C
:107CC00091E00E9447720C94C53289E890E00E94CE
:107CD00042718AE890E00E944271EE24E39410E041
:107CE00000E020E04091060760E089E890E00E9413
:107CF00047720C94C5328AE890E00E94427189E88C
:107D000090E00E944271EE24E39410E000E020E055
:107D10004091060760E08AE890E00E9447720C9468
:107D2000C53282E890E00E94427180E591E00E94B5
:107D3000427183E890E00E94427184E890E00E94E2
:107D40004271B4E2CB16D10421F128E2C216D1046B
:107D500091F084E1C816D10451F5EE24E39410E0CB
:107D600000E020E04091060760E083E890E00E9498
:107D700047720C94C532EE24E39410E000E020E05A
:107D80004091060760E082E890E00E9447720C9400
:107D9000C532EE24E39410E000E020E040910607B5
:107DA00060E080E591E00E9447720C94C532EE24B9
:107DB000E39410E000E020E04091060760E084E8F2
:107DC00090E00E9447720C94C53281E890E00E94D6
:107DD00047720C94C53293E2C916D10499F0A4E21B
:107DE000CA16D10409F0BFC8EE24E39410E000E005
:107DF00020E04091060760E085E891E00E9447722C
:107E00000C94C532EE24E39410E000E020E04091B1
:107E1000060760E085E890E00E9447720C94C53246
:107E2000EE24E39410E000E020E04091060760E0DB
:107E300086E891E00E9447720C94C532EE24E394E8
:107E400010E000E020E04091060760E086E890E066
:107E50000E9447720C94C532EE24E39410E000E0D7
:107E600020E04091060760E087E890E00E944772BA
:107E70000C94C53282EB91E00E9447720C94C5329B
:107E800087EB91E00E94427188EB91E00E94427181
:107E9000EE24E39410E000E0CA94CD2851F420E0F1
:107EA0004091060760E087EB91E00E9447720C94D6
:107EB000C53220E04091060760E088EB91E00E9427
:107EC00047720C94C5328091CB039091CC03892BDF
:107ED00011F00C94C5328091410B813011F00C945B
:107EE000C5329091570A8091520A98130C94C5326A
:107EF0008091C9039091CA03892B11F00C94C5326B
:107F000082E090E09093CA038093C9030C94C53239
:107F10000E94176D0E943A6F8CE890E00E944271B7
:107F2000EE24E39410E000E020E04091060760E0DA
:107F30008CE890E00E9447720C94C5328D91819339
:107F400083E0E83AF807D1F76091A2037091A303A8
:107F50006115710511F40C94C5328091A103823032
:107F600011F00C94C5328091A703843011F00C9469
:107F7000C532CE010D960E943D9B69E476E0CE01AC
:107F800001960E94E3A3BE016F5F7F4FCE0107966B
:107F90000E9411A4BE01635F7F4FCE0107960E942D
:107FA000A8A3CE0107960E94DBA3CE0101960E94F2
:107FB000DBA3CE010D960E94DBA30C94C532A2EE8A
:107FC000B5E0EEE9F4E08D91819394E0EF3AF907A2
:107FD000D1F767E376E0CE0101960E94E3A3CE01DC
:107FE00001960E94DBA363EC75E0CE0101960E942E
:107FF000E3A3CE0101960E94DBA380919E048093AF
:108000000E02813009F041C085E080930F0280911B
:10801000AC0483FB882780F98093050290919F042C
:10802000909313028091A004809312022FEF2B8370
:1080300099838A8390E080E00E94CF7CBE016F5FCD
:108040007F4F0E94B07C81E090E00E94CF7CBE0117
:108050006F5F7F4F0E94B07C9091A1049093460B7C
:10806000E091440BE150E730C8F4F0E02091490B77
:108070008827E25CFF4B8F4F0C9409C14B40654051
:108080006B406F4077407B407340853011F482E055
:10809000BCCF80E3BACF91602223D1F0E091A2045B
:1080A000E0936D03E150E73080F5F0E09091490BEB
:1080B0008827E25AFF4B8F4F0C9409C17F406B41D8
:1080C0007341794185418B417F4192602111E6CF17
:1080D0009093460BE3CF94602223D1F3DFCF9860D7
:1080E0002223B1F3DBCF9064222391F3D7CF9061A9
:1080F000222371F3D3CF2111D1CF9062E9CF8091A8
:10810000460B8160992309F4EBC08091A304813070
:1081100009F407C1833009F416C181E08093410B53
:108120001092490B10924A0B70E060E087EF90E0EC
:108130000E94CF078091A50410924B0B823009F466
:108140000DC1833009F411C1109288031092870386
:108150008091A404823009F40BC1833029F081306E
:1081600009F00AC1809308028093090280934C0BA6
:108170009091AC0491FB882780F98093100295FBC5
:10818000882780F980930A0292FB882780F98093E0
:10819000DB0396FB882780F980930B0297FB8827E7
:1081A00080F98093DA038091AD04282F2170209309
:1081B000D90381FB222720F920930C0282FB22277E
:1081C00020F92093070283FB222720F920938D03B7
:1081D000929591709093060287FB992790F990935E
:1081E0008E039091A604933009F4D6C008F0C9C05C
:1081F000923009F4CDC010928C039091A704923074
:1082000009F4CEC0943009F4D2C0109284031092C5
:10821000830384FB992790F990938B0385FB882730
:1082200080F980938F038091A9048E3109F08CE14D
:1082300080930D028091CD038D7F8C3121F480914C
:108240000D028093CD038091AA04823009F4B2C05C
:10825000833009F4BAC010928A0310928903809186
:10826000AB04823009F4BAC0833009F4C2C0109262
:1082700086031092850380918E030E94A26D8091E7
:10828000AD0486FB882780F90E94FE7A8091A804BD
:108290000E94AB70809308070E94BF4D0E94870721
:1082A0000E94B9078FE390E00E944271EE24E394AC
:1082B00010E000E020E04091060760E08FE390E0EE
:1082C0000E9447726091460B70E083E190E00E944B
:1082D000CF070C94C5328091460B8260911115CF67
:1082E0008093460B12CF8091460B84609923C1F393
:1082F0000CCF8091460B8860992391F306CF809133
:10830000460B8064992361F300CF8091460B806116
:10831000992331F3FACE9111F8CE8091460B806209
:10832000DFCF0E94099C61E070E087EF90E00E943F
:10833000CF0780E00E94329C882309F4FBCE81E0C5
:108340000E949C78F7CE8093490B9091410B91301D
:1083500011F480934A0B62E070E0E7CF81E090E097
:108360009093880380938703F3CE82E090E0F8CF68
:1083700091E090930802F8CE84E08093090282E0B5
:10838000F5CE943059F0953009F035CF94E001C026
:1083900091E090938C0331CF92E0FBCF93E0F9CF43
:1083A00021E030E0309384032093830332CF22E036
:1083B00030E0F8CF109204021092030281E090E0C6
:1083C00090938A03809389034ACF81E090E0909351
:1083D00004028093030282E090E0F2CF10927A03CD
:1083E0001092790381E090E0909386038093850357
:1083F00042CF81E090E090937A038093790382E00A
:1084000090E0F2CFA2EEB5E0E2E9F4E08D91819345
:1084100024E0EE39F207D1F764E276E0CE0101966E
:108420000E94E3A3CE0101960E94DBA380919C04ED
:1084300086FB992790F99093290287FB882780F97A
:108440008093E80880919D04982F91709093E9089B
:1084500081FB992790F99093EA0882FB882780F99D
:108460008093F0084091970488EE93E0489F900134
:10847000499F300D11243093200220931F02409118
:108480009804489F9001499F300D11243093220297
:108490002093210240919904489F9001499F300DFB
:1084A0001124309324022093230240919A04489F80
:1084B0009001499F300D112430932602209325020C
:1084C00040919B04489F9001499F300D11243093A7
:1084D0002802209327020E9487070C94C5328091BE
:1084E000C703882361F08091CB039091CC03009760
:1084F00031F010929703029779F40E94D37F809114
:10850000DB07882319F080E00E94759B0E9441AC34
:108510001092C7030C94043381E090E09093CA0357
:108520008093C903ECCF81E08093D5030C9453333F
:1085300081E08093D5038093D3030C945533611568
:10854000710511F40C94C532943011F00C94C532BD
:10855000CE010D960E943D9B69E576E0CE01019625
:108560000E94E3A3BE016F5F7F4FCE0107960E947A
:1085700011A4BE01635F7F4FCE0107960E94A8A39E
:10858000CE0107960E94DBA3CE0101960E94DBA3D9
:10859000CE010D960E94DBA3C090AB03D090AC033C
:1085A0000091A9031091AA030432110511F40C944F
:1085B000CC3410F00C94ED330330110511F40C940D
:1085C000463410F00C94E0330130110511F40C9492
:1085D00014340D37110511F40C940F3910F00C946C
:1085E00071360734110509F493CC10F00C94A535BD
:1085F0000632110511F40C945E3910F00C941A3502
:108600000B31110511F40C94053910F00C94DE3483
:108610000B30110511F40C948E380E30110509F44D
:1086200052CC0A30110511F00C94C53281E08093D0
:10863000C7031092B1030E94CF4C0C94C532CF9265
:10864000DF92EF92FF920F931F93CF93DF93C82F88
:10865000D62F90E080E00E94CF7C8C0180910E02AA
:10866000982F9B7F913099F46FEF8D2F0E94738626
:108670009B01482F6C2F70E0C801DF91CF911F91B3
:108680000F91FF90EF90DF90CF900C940F7B823092
:1086900009F094C0C23009F45FC048F5F12CE12C18
:1086A000C13009F442C029ECE22E26E0F22E35ED6D
:1086B000C32E36E0D32E6FEF8D2F0E9473869B0161
:1086C000482FF7018491682F70E0C8010E940F7B4A
:1086D000FFEFEF1AFF0ACE14DF0469F7DF91CF91A5
:1086E0001F910F91FF90EF90DF90CF900895C330CE
:1086F00009F44BC0F12CE12CC430A9F66FEF8D2F9B
:108700000E9473869B01482FF701E351F94FE491D2
:108710006E2F70E0C8010E940F7B8FEFE81AF80AF5
:10872000ECE0EE16F10451F7D9CF6FEF8D2F0E94D8
:1087300073869B01482FF701EB52F94FE4916E2F9E
:1087400070E0C8010E940F7B8FEFE81AF80AE8E09A
:10875000EE16F10451F7C2CFF12CE12C6FEF8D2F03
:108760000E9473869B01482FF701E352F94FE49171
:108770006E2F70E0C8010E940F7BFFEFEF1AFF0A17
:1087800088E0E816F10451F7A9CFF12CE12C6FEF46
:108790008D2F0E9473869B01482FF701EB51F94FF3
:1087A000E4916E2F70E0C8010E940F7BEFEFEE1A8C
:1087B000FE0AF8E0EF16F10451F790CF833009F08C
:1087C00089C0C23009F454C0F0F4F12CE12CC1305E
:1087D000C1F199E9E92E96E0F92E6FEF8D2F0E94F5
:1087E00073869B01482FF7018491682F70E0C801C0
:1087F0000E940F7BFFEFEF1AFF0A85EAE81686E07A
:10880000F80659F76BCFC33009F44BC0F12CE12CBB
:10881000C430F9F66FEF8D2F0E9473869B01482FAD
:10882000F701E354F94FE4916E2F70E0C8010E9404
:108830000F7BEFEFEE1AFE0AFCE0EF16F10451F7A2
:108840004DCF6FEF8D2F0E9473869B01482FF7014C
:10885000EB55F94FE4916E2F70E0C8010E940F7B39
:10886000EFEFEE1AFE0AF8E0EF16F10451F736CFFB
:10887000F12CE12C6FEF8D2F0E9473869B01482F06
:10888000F701E355F94FE4916E2F70E0C8010E94A3
:108890000F7B8FEFE81AF80AE8E0EE16F10451F7C3
:1088A0001DCFF12CE12C6FEF8D2F0E9473869B0161
:1088B000482FF701EB54F94FE4916E2F70E0C80197
:1088C0000E940F7BFFEFEF1AFF0A88E0E816F10421
:1088D00051F704CF843009F001CFC23009F454C0FD
:1088E000F0F4F12CE12CC130C1F189E6E82E86E0EC
:1088F000F82E6FEF8D2F0E9473869B01482FF70192
:108900008491682F70E0C8010E940F7BFFEFEF1A7F
:10891000FF0A85E7E81686E0F80659F7DFCEC33090
:1089200009F44BC0F12CE12CC430F9F66FEF8D2F18
:108930000E9473869B01482FF701E357F94FE4919A
:108940006E2F70E0C8010E940F7BEFEFEE1AFE0A57
:10895000FCE0EF16F10451F7C1CE6FEF8D2F0E94AE
:1089600073869B01482FF701EB58F94FE4916E2F66
:1089700070E0C8010E940F7BEFEFEE1AFE0AF8E0EC
:10898000EF16F10451F7AACEF12CE12C6FEF8D2FE9
:108990000E9473869B01482FF701E358F94FE49139
:1089A0006E2F70E0C8010E940F7B8FEFE81AF80A63
:1089B000E8E0EE16F10451F791CEF12CE12C6FEFC7
:1089C0008D2F0E9473869B01482FF701EB57F94FBB
:1089D000E4916E2F70E0C8010E940F7BFFEFEF1A49
:1089E000FF0A88E0E816F10451F778CEEF920F9372
:1089F0001F9390910202981781F1943070F58430A2
:108A0000E9F484EC90E00E948A090E94DE6C8250B6
:108A1000EE24E39410E000E020E04091060761E0DE
:108A20008230C0F08AE691E00E94477244E650E04E
:108A300060E070E08BE998E00E942EAC8091020229
:108A40008F5F8093020289E190E01F910F91EF9078
:108A50000C948A098CE390E0E7CF1F910F91EF907F
:108A60000895EF92FF920F931F93CF93DF9390E0BF
:108A700080E00E94CF7C8C01E0910E02E150C4E2C4
:108A8000E53020F4F0E0E55AFD4FC0818091970376
:108A9000811105C080919803882309F433C18DE7C3
:108AA00098E00E94FEAB882309F4B6C1E09015025D
:108AB000EE2009F4B1C10E94E66CAEE0FA2E8111FD
:108AC00002C0FCE0FF2ED0E080910E02823009F45B
:108AD000A5C008F05AC0813009F4DCC06E2D8F2D7E
:108AE0000E9473869B01482FBE01C8010E940F7B24
:108AF000609115028F2D0E9473869B01482FBE0145
:108B000061507109C8010E940F7B609115028F2D81
:108B10000E9473869B01482FBE0162507109C801F3
:108B20000E940F7B609115028F2D0E9473869B011E
:108B3000482FBE0163507109C8010E940F7B6091EC
:108B400015028F2D0E9473869B01482FBE016F5F17
:108B50007F4FC8010E940F7B609115028F2D0E94EC
:108B600073869B01482FBE016E5F7F4FC8010E9434
:108B70000F7B809115029091B703911193C08035BE
:108B800009F093C00E94327D90C0843059F0853046
:108B900009F0A4CF6E2D8F2D0E9473869B01482F64
:108BA000BE012EC06E2D8F2D0E9473869B01482F13
:108BB000BE01C8010E940F7B609115028F2D0E949B
:108BC00073869B01482FBE0161507109C8010E9444
:108BD0000F7B609115028F2D0E9473869B01482F99
:108BE000BE0162507109C8010E940F7B609115029D
:108BF0008F2D0E9473869B01482FBE01635071091F
:108C0000C8010E940F7B609115028F2D0E94738610
:108C10009B01482FBE016F5F7F4FA8CF6E2D8F2D18
:108C20000E9473869B01482FBE01C8010E940F7BE2
:108C3000609115028F2D0E9473869B01482FBE0103
:108C400061507109C8010E940F7B609115028F2D40
:108C50000E9473869B01482FBE016F5F7F4FC80142
:108C60000E940F7B609115028F2D0E9473869B01DD
:108C7000482FBE01685E7F4FC8010E940F7B609144
:108C800015028F2D0E9473869B01482FBE01675EDF
:108C90007F4F6CCF6E2D8F2D0E9473869B01482FC6
:108CA000BE0164CF8C3309F46DCF809115029BEF28
:108CB000980F909315028650883C50F08091B7032E
:108CC0001092B6039BE4909315028F5F8093B703D5
:108CD0008091B703833070F445E050E060E070E0CD
:108CE0008DE798E0DF91CF911F910F91FF90EF906A
:108CF0000C942EACDF91CF911F910F91FF90EF90CC
:108D00000C948F7D8DE798E00E94FEAB882309F4D8
:108D10007EC0E0901502EE2009F479C0E091440B8A
:108D2000E150E73008F07FC0F0E08827E556F94BC6
:108D30008F4F0C9409C1A2461D47334727472A4746
:108D40002D473047E6E1FE2ED0E080910E028230C2
:108D500009F4D5C008F08AC0813009F40CC16E2D29
:108D60008F2D0E9473869B01482FBE01C8010E946F
:108D70000F7B609115028F2D0E9473869B01482FF7
:108D8000BE0161507109C8010E940F7B60911502FC
:108D90008F2D0E9473869B01482FBE01625071097E
:108DA000C8010E940F7B609115028F2D0E9473866F
:108DB0009B01482FBE0163507109C8010E940F7BBF
:108DC000609115028F2D0E9473869B01482FBE0172
:108DD0006F5F7F4FC8010E940F7B609115028F2D3E
:108DE0000E9473869B01482FBE016E5F7F4FC801B2
:108DF0000E940F7B8091150281508093150245E0FF
:108E000050E060E070E08DE798E00E942EAC809129
:108E10001502882309F46ECFDF91CF911F910F9136
:108E2000FF90EF9008950E94E66CFF24F39488234E
:108E300009F48ACF9EE0F92E87CF0E94DE6C74E0A1
:108E4000F72E833009F480CF8FE0F82E7DCF6DE6CA
:108E5000F62E7ACF55E6F52E77CF44E6F42E74CF72
:108E60003EEFF32E71CF2DE0F22E6ECF843059F00D
:108E7000853009F074CF6E2D8F2D0E9473869B0173
:108E8000482FBE012EC06E2D8F2D0E9473869B0130
:108E9000482FBE01C8010E940F7B609115028F2DE3
:108EA0000E9473869B01482FBE0161507109C80161
:108EB0000E940F7B609115028F2D0E9473869B018B
:108EC000482FBE0162507109C8010E940F7B60915A
:108ED00015028F2D0E9473869B01482FBE0163509F
:108EE0007109C8010E940F7B609115028F2D0E94AD
:108EF00073869B01482FBE016F5F7F4F78CF6E2D29
:108F00008F2D0E9473869B01482FBE01C8010E94CD
:108F10000F7B609115028F2D0E9473869B01482F55
:108F2000BE0161507109C8010E940F7B609115025A
:108F30008F2D0E9473869B01482FBE016F5F7F4F6C
:108F4000C8010E940F7B609115028F2D0E947386CD
:108F50009B01482FBE01685E7F4FC8010E940F7BB6
:108F6000609115028F2D0E9473869B01482FBE01D0
:108F7000675E7F4F3CCF6E2D8F2D0E9473869B01C5
:108F8000482FBE0134CF8091CD038C3109F4EDC15F
:108F90008E3109F07FC3E0917603EF3008F010C402
:108FA000F0E08827E952F84B8F4F0C9409C1E6474F
:108FB0000A483648524881489D48B948D548F14842
:108FC0000D492949454961497D4999498EE00E94E9
:108FD0009A650E94D59B8FE00E949A650E94D59B5E
:108FE000809176038F5F8093760380917503811162
:108FF0000AC08DE00E949A650E94B79B80E10E94A2
:109000009A650E94B79B81E0809375030E94D8A067
:109010000C94B0868DE00E949A650E94D59B80E1F9
:109020000E949A650E94D59B80917503882371F0F8
:109030008EE00E949A650E94B79B8FE00E949A651D
:109040000E94B79B809176038F5F0DC08CE00E94D9
:109050009A650E94B79B81E10E949A650E94B79B26
:1090600080917603815080937603D0CF8CE00E946C
:109070009A650E94D59B81E10E949A650E94D59BCA
:1090800080917503882339F08DE00E949A650E94D3
:10909000B79B80E1D3CF8BE00E949A650E94B79B7B
:1090A00082E1DACF8BE00E949A650E94D59B82E133
:1090B0000E949A650E94D59B80917503882371F068
:1090C0008CE00E949A650E94B79B81E10E949A659C
:1090D0000E94B79B809176038F5F0DC08AE00E944B
:1090E0009A650E94B79B83E10E949A650E94B79B94
:1090F000809176038150809376030E94D8A00C94CF
:10910000327D8AE00E949A650E94D59B83E10E948D
:109110009A650E94D59B80917503882339F08BE076
:109120000E949A650E94B79B82E1D0CF89E00E949D
:109130009A650E94B79B84E1D7CF89E00E949A6527
:109140000E94D59B84E10E949A650E94D59B8091E4
:109150007503882339F08AE00E949A650E94B79BC4
:1091600083E16CCF88E00E949A650E94B79B85E1FD
:1091700073CF88E00E949A650E94D59B85E10E948A
:109180009A650E94D59B80917503882339F089E008
:109190000E949A650E94B79B84E150CF87E00E94AD
:1091A0009A650E94B79B86E157CF87E00E949A6537
:1091B0000E94D59B86E10E949A650E94D59B809172
:1091C0007503882339F088E00E949A650E94B79B56
:1091D00085E17CCF86E00E949A650E94B79B87E17B
:1091E00083CF86E00E949A650E94D59B87E10E940A
:1091F0009A650E94D59B80917503882339F087E09A
:109200000E949A650E94B79B86E160CF85E00E942C
:109210009A650E94B79B88E167CF85E00E949A65B6
:109220000E94D59B88E10E949A650E94D59B8091FF
:109230007503882339F086E00E949A650E94B79BE7
:1092400087E1FCCE84E00E949A650E94B79B89E189
:1092500003CF84E00E949A650E94D59B89E10E9419
:109260009A650E94D59B80917503882339F085E02B
:109270000E949A650E94B79B88E1E0CE83E00E943D
:109280009A650E94B79B8AE1E7CE83E00E949A65C7
:109290000E94D59B8AE10E949A650E94D59B80918D
:1092A0007503882339F084E00E949A650E94B79B79
:1092B00089E10CCF82E00E949A650E94B79B8BE106
:1092C00013CF82E00E949A650E94D59B8BE10E9499
:1092D0009A650E94D59B80917503882339F083E0BD
:1092E0000E949A650E94B79B8AE1F0CE81E00E94BD
:1092F0009A650E94B79B8CE1F7CE81E00E949A6547
:109300000E94D59B8CE10E949A650E94D59B80911A
:109310007503882339F082E00E949A650E94B79B0A
:109320008BE18CCE80E00E949A650E94B79B8DE114
:1093300093CE80E00E949A650E94D59B8DE10E94A9
:109340009A650E94D59B81E00E949A650E94B79B16
:109350008CE10E949A650E94B79B809176038150B0
:10936000809376031092750351CEE0917603EE3030
:1093700008F026C2F0E08827EF53F64B8F4F0C948D
:1093800009C1CF49E949054A214A3D4A594A754A26
:10939000914AAD4AC94AE54A014B1D4B394B8DE014
:1093A0000E949A650E94D59B8EE00E949A650E9459
:1093B000D59B809176038F5F8093760380917503B0
:1093C000811121CE8CE00E949A650E94B79B8FE0AC
:1093D00016CE8CE00E949A650E94D59B8FE00E9479
:1093E0009A650E94D59B80917503882339F08DE0A2
:1093F0000E949A650E94B79B8EE020CE8BE00E946F
:109400009A650E94B79B80E127CE8BE00E949A6507
:109410000E94D59B80E10E949A650E94D59B809115
:109420007503882339F08CE00E949A650E94B79BEF
:109430008FE04CCE8AE00E949A650E94B79B81E142
:1094400053CE8AE00E949A650E94D59B81E10E94DA
:109450009A650E94D59B80917503882339F08BE033
:109460000E949A650E94B79B80E130CE89E00E94FD
:109470009A650E94B79B82E137CE89E00E949A6587
:109480000E94D59B82E10E949A650E94D59B8091A3
:109490007503882339F08AE00E949A650E94B79B81
:1094A00081E1CCCD88E00E949A650E94B79B83E160
:1094B000D3CD88E00E949A650E94D59B83E10E94EB
:1094C0009A650E94D59B80917503882339F089E0C5
:1094D0000E949A650E94B79B82E1B0CD87E00E940E
:1094E0009A650E94B79B84E1B7CD87E00E949A6598
:1094F0000E94D59B84E10E949A650E94D59B809131
:109500007503882339F088E00E949A650E94B79B12
:1095100083E1DCCD86E00E949A650E94B79B85E1DD
:10952000E3CD86E00E949A650E94D59B85E10E946A
:109530009A650E94D59B80917503882339F087E056
:109540000E949A650E94B79B84E1C0CD85E00E948D
:109550009A650E94B79B86E1C7CD85E00E949A6517
:109560000E94D59B86E10E949A650E94D59B8091BE
:109570007503882339F086E00E949A650E94B79BA4
:1095800085E15CCD84E00E949A650E94B79B87E1EB
:1095900063CD84E00E949A650E94D59B87E10E947A
:1095A0009A650E94D59B80917503882339F085E0E8
:1095B0000E949A650E94B79B86E140CD83E00E949D
:1095C0009A650E94B79B88E147CD83E00E949A6527
:1095D0000E94D59B88E10E949A650E94D59B80914C
:1095E0007503882339F084E00E949A650E94B79B36
:1095F00087E16CCD82E00E949A650E94B79B89E169
:1096000073CD82E00E949A650E94D59B89E10E94F9
:109610009A650E94D59B80917503882339F083E079
:109620000E949A650E94B79B88E150CD81E00E941C
:109630009A650E94B79B8AE157CD81E00E949A65A6
:109640000E94D59B8AE10E949A650E94D59B8091D9
:109650007503882339F082E00E949A650E94B79BC7
:1096600089E1ECCC80E00E949A650E94B79B8BE177
:10967000F3CC80E00E949A650E94D59B8BE10E940A
:109680009A650E94D59B81E00E949A650E94B79BD3
:109690008AE15FCE80917803833009F454C028F4C6
:1096A000813049F0823059F10895843041F185309C
:1096B00009F466C0089580E00E949A6560E00E9407
:1096C0007F9D81E00E949A6561E00E947F9D82E01B
:1096D0000E949A6561E00E947F9D83E00E949A65E6
:1096E00061E00E947F9D84E00E949A6560E00E9494
:1096F0007F9D809178038F5F8093780389CC80E091
:109700000E949A6561E00E947F9D81E00E949A65B7
:1097100060E00E947F9D82E00E949A6561E00E9465
:109720007F9D83E00E949A6560E00E947F9D84E0B7
:109730000E949A6561E00E947F9D809178038F5F0F
:1097400080937803DCCC80E00E949A6561E00E94FF
:109750007F9D81E00E949A6561E00E947F9D82E08A
:109760000E949A6560E00E947F9D83E00E949A6556
:1097700061E00E947F9D84E00E949A6561E0B7CF1E
:1097800080E00E949A6560E00E947F9D81E00E94D7
:109790009A6561E00E947F9D82E00E949A6561E087
:1097A0000E947F9D83E00E949A6561E00E947F9DF8
:1097B00084E00E949A6560E00E947F9D81E09CCFDA
:1097C0000895EF92FF921F93CF93DF9300D0CDB710
:1097D000DEB7182F81E090E00E94CF7C7C01809161
:1097E000DB03882309F45FC08DE00E94569D01973A
:1097F00029F06FEF70E08DE00E94BB9E1931C8F434
:1098000070E060E0C7010E94997B69837A838B8353
:10981000CE0101960E9416962FEF40E0882391F129
:109820000F900F900F90DF91CF911F91FF90EF90CD
:10983000089580910B02882379F08091440B212FA9
:109840004DE68430F9F088F4823029F14DE0833020
:10985000C8F444E18130B1F00E949E6C8250212F07
:1098600042E0823078F441E00DC044E6863051F0A9
:1098700045E6863038F04EEF873021F020E845E0AD
:10988000803451F770E060E0C7010E94357B81E0D1
:1098900080936F03C5CF0E94DE6C212F44E083309C
:1098A00089F34FE0EFCFE12FF0E0E750F94FE4917B
:1098B0006FEF70E06E1B71098DE00F900F900F90AD
:1098C000DF91CF911F91FF90EF900C94BB9EFF9280
:1098D0000F931F93CF93DF9300D0CDB7DEB7F82E51
:1098E00081E090E00E94CF7C8C018091DB03F1103D
:1098F0001CC0811101C02E9A61E070E0C8010E9475
:10990000997B69837A838B83CE0101960E94169698
:109910002FEF40E08823D1F10F900F900F90DF914F
:10992000CF911F910F91FF900895811101C02E9842
:1099300061E070E0C8010E94997B69837A838B8320
:10994000CE0101960E941696882331F380910B0276
:10995000882359F08091440B2FEF45E68530B1F014
:1099600068F42FEF4DE6843089F00E949E6C82509F
:109970002FEF41E0823050F442E008C02FEF44E680
:10998000863021F02FEF4EEF873079F761E070E0FD
:10999000C8010E94357B81E080936F03BDCFEF92B9
:1099A0000F931F939091420B882309F45DC092306E
:1099B00009F498C082E08093420B8091DB078823F2
:1099C00019F080E00E94759B1092DB071092DC0773
:1099D0008091C9039091CA03892B09F083C08091BB
:1099E000CB039091CC03892B09F07CC08091410B73
:1099F000823009F077C09091120A80910D0A981375
:109A000071C09091CD098091C80998136BC0809165
:109A10001002882341F088E890E00E948A0989E8D2
:109A200090E00E948A098BEF90E00E9442718CEFD7
:109A300090E00E944271EE24E39410E000E020E008
:109A40004091060760E08CEF90E00E9447728091A1
:109A5000CD038D7F8C3119F480E00E9420651F9129
:109A60000F91EF900C94FF6B9130E1F181E08093C6
:109A7000420B0E9441AC8091410B823099F590914C
:109A8000120A80910D0A981326C09091CD098091F9
:109A9000C809981320C080911002882341F08AE8F9
:109AA00090E00E948A0987E890E00E948A098BEF83
:109AB00090E00E9442718CEF90E00E944271EE248F
:109AC000E39410E000E020E04091060760E08BEFB7
:109AD00090E00E9447720E94D37F1F910F91EF90F8
:109AE0000C94717D1F910F91EF900895FF920F9349
:109AF0001F93CF93DF9390E080E00E94CF7C8C0196
:109B0000F12C80910F02F816A0F580910E02CF2D56
:109B1000D0E06FEF8330A1F08430D9F0823011F5BE
:109B20008EEF0E9473869B01482FFE01E753F94F89
:109B3000E4916E2F70E0C8010E940F7BF394E1CF97
:109B40008EEF0E9473869B01482FFE01E756F94F66
:109B5000EFCF8EEF0E9473869B01482FFE01E759DD
:109B6000F94FE6CF8EEF0E9473869B01482FBE010E
:109B7000E2CFDF91CF911F910F91FF9008958091D7
:109B8000890390918A038130910529F10297D1F4DC
:109B900081E090E09093040280930302809185031A
:109BA0009091860381309105D9F0029721F0809140
:109BB000410B8230A9F481E090E090937A03809386
:109BC000790312C08091410B823011F30E949E6C88
:109BD00082508230E8F61092040210920302DECF27
:109BE00010927A03109279030C946A65EF920F93A6
:109BF0001F93EE24E39410E000E020E0409106077C
:109C000060E084E490E00E94477210929403109206
:109C100093030E94516C8091CE03882319F080E059
:109C20000E94CF4C85E0809314021092CA031092D8
:109C3000C9030E94717D0E94F77C0E94BF4D0E9463
:109C4000B9076091460B70E083E190E00E94CF0776
:109C50008EEB90E00E948A098FEB90E01F910F91AC
:109C6000EF900C948A09EF92FF920F931F93CF937A
:109C7000DF9390E080E00E94CF7C8C01E0910E02A7
:109C8000E150C4E2E53020F4F0E0E55AFD4FC08138
:109C90008091B60390919703911105C0909198031C
:109CA000992309F439C19091B70391110AC08536FF
:109CB00050F0DF91CF911F910F91FF90EF900C9496
:109CC00031458C34B0F78DE798E00E94FEAB8823D5
:109CD00041F09091B7038091B603911109C0853688
:109CE00048F0DF91CF911F910F91FF90EF90089571
:109CF0008C34B8F70E94E66CAEE0FA2E811102C0F7
:109D0000FCE0FF2ED0E080910E02823009F4A8C062
:109D100008F05BC0813009F4E0C06091B6038F2D7C
:109D20000E9473869B01482FBE01C8010E940F7BD1
:109D30006091B6038F2D0E9473869B01482FBE0150
:109D400061507109C8010E940F7B6091B6038F2D8D
:109D50000E9473869B01482FBE0162507109C801A1
:109D60000E940F7B6091B6038F2D0E9473869B012A
:109D7000482FBE0163507109C8010E940F7B60919A
:109D8000B6038F2D0E9473869B01482FBE016F5F23
:109D90007F4FC8010E940F7B6091B6038F2D0E94F8
:109DA00073869B01482FBE016E5F7F4FC8010E94E2
:109DB0000F7B8091B6039091B703911197C08035C6
:109DC00009F097C00E94B08694C0843061F085305D
:109DD00009F0A3CF6091B6038F2D0E9473869B017B
:109DE000482FBE012FC06091B6038F2D0E9473864D
:109DF0009B01482FBE01C8010E940F7B6091B603F2
:109E00008F2D0E9473869B01482FBE0161507109FE
:109E1000C8010E940F7B6091B6038F2D0E9473864C
:109E20009B01482FBE0162507109C8010E940F7B3F
:109E30006091B6038F2D0E9473869B01482FBE014F
:109E400063507109C8010E940F7B6091B6038F2D8A
:109E50000E9473869B01482FBE016F5F7F4FA6CF84
:109E60006091B6038F2D0E9473869B01482FBE011F
:109E7000C8010E940F7B6091B6038F2D0E947386EC
:109E80009B01482FBE0161507109C8010E940F7BE0
:109E90006091B6038F2D0E9473869B01482FBE01EF
:109EA0006F5F7F4FC8010E940F7B6091B6038F2DBB
:109EB0000E9473869B01482FBE01685E7F4FC801D8
:109EC0000E940F7B6091B6038F2D0E9473869B01C9
:109ED000482FBE01675E7F4F69CF6091B6038F2D1B
:109EE0000E9473869B01482FBE0160CF8C3309F41A
:109EF00069CF8091B6038B5F8093B60345E050E055
:109F000060E070E08DE798E0DF91CF911F910F91B5
:109F1000FF90EF900C942EAC853608F0CACE8DE7FA
:109F200098E00E94FEAB882309F4DBCEE090B603F4
:109F300084E68E1508F4D5CEE091440BE150E7306D
:109F400008F06AC0F0E08827E755F04B8F4F0C947B
:109F500009C1B04F16502C50205023502650295084
:109F6000E6E1FE2ED0E080910E02823009F4C0C0FE
:109F700008F075C0813009F4F7C06E2D8F2D0E9456
:109F800073869B01482FBE01C8010E940F7B609120
:109F9000B6038F2D0E9473869B01482FBE0161502E
:109FA0007109C8010E940F7B6091B6038F2D0E943A
:109FB00073869B01482FBE0162507109C8010E943F
:109FC0000F7B6091B6038F2D0E9473869B01482FF3
:109FD000BE0163507109C8010E940F7B6091B603F6
:109FE0008F2D0E9473869B01482FBE016F5F7F4FAC
:109FF000C8010E940F7B6091B6038F2D0E9473866B
:10A000009B01482FBE016E5F7F4FC8010E940F7BEE
:10A010008091B6038F5F70CF0E94E66CFF24F394AB
:10A02000882309F49FCF9EE0F92E9CCF0E94DE6C1E
:10A0300074E0F72E833009F495CF8FE0F82E92CF9D
:10A040006DE6F62E8FCF55E6F52E8CCF44E6F42E36
:10A0500089CF3EEFF32E86CF2DE0F22E83CF8430D2
:10A0600059F0853009F089CF6E2D8F2D0E947386AF
:10A070009B01482FBE012EC06E2D8F2D0E9473862E
:10A080009B01482FBE01C8010E940F7B6091B6035F
:10A090008F2D0E9473869B01482FBE01615071096C
:10A0A000C8010E940F7B6091B6038F2D0E947386BA
:10A0B0009B01482FBE0162507109C8010E940F7BAD
:10A0C0006091B6038F2D0E9473869B01482FBE01BD
:10A0D00063507109C8010E940F7B6091B6038F2DF8
:10A0E0000E9473869B01482FBE016F5F7F4F8DCF0B
:10A0F0006E2D8F2D0E9473869B01482FBE01C801D3
:10A100000E940F7B6091B6038F2D0E9473869B0186
:10A11000482FBE0161507109C8010E940F7B6091F8
:10A12000B6038F2D0E9473869B01482FBE016F5F7F
:10A130007F4FC8010E940F7B6091B6038F2D0E9454
:10A1400073869B01482FBE01685E7F4FC8010E9445
:10A150000F7B6091B6038F2D0E9473869B01482F61
:10A16000BE01675E7F4F51CF6E2D8F2D0E9473868B
:10A170009B01482FBE0149CFCF92DF92EF92FF9211
:10A180000F931F93CF93DF936B01E82E90E080E055
:10A190000E94CF7CEC0180910E02833009F47CC1D7
:10A1A000843009F4C9C2823009F062C485E598E0C0
:10A1B0000E94FEAB882309F448C4E0919103EE238A
:10A1C00009F472C080910F028E1708F46DC080915F
:10A1D000440B873000F5833008F057C0813009F414
:10A1E00051C0823009F445C0809190038823D1F09A
:10A1F0000E94E66C6FEF882399F08EE00E947386D0
:10A200009B01482FE0919103E150FF0BE753F94F79
:10A21000E4916E2F45C0873039F76FEF8EEFEECFA8
:10A2200081E0ECCF0E94DE6C9091470B833079F493
:10A230009230C9F028F4913079F06FEF85E0DECFED
:10A240009330A1F09430C9F76FEF87E0D7CF923009
:10A25000D9F328F4913089F36FEF8AE0CFCF9330B0
:10A2600029F09430C9F76FEF89E0C8CF6FEF88E02D
:10A27000C5CF0E94DE6C6FEF833011F484E0BECF57
:10A2800080E1BCCF6FEF86E1B9CFE150FF0BE75320
:10A29000F94F64912091CF023091D0024091D102C8
:10A2A00070E0CE010E940F7BE091910380910F023C
:10A2B000E81313C0109291038091440B833009F48A
:10A2C000C4C38091470B823009F40DC308F004C366
:10A2D000813009F41DC389E007C3E81708F0B5C34E
:10A2E000F0E0E753F94F649170E04E2D9601CE01F6
:10A2F0000E940F7B8091440B20910F02882309F468
:10A3000060C0833009F09EC0E0919103F0E0319687
:10A310002E171F0659F054F0E753F94FE4916E2FB2
:10A3200070E04E2D9601CE010E940F7BE0919103CB
:10A33000F0E0329680910F028E171F0659F054F00C
:10A34000E753F94FE4916E2F70E04E2D9601CE0148
:10A350000E940F7BE0919103F0E0339680910F0211
:10A360008E171F0659F054F0E753F94FE4916E2F02
:10A3700070E04E2D9601CE010E940F7B9091440B10
:10A38000923009F4C3C18091470B933009F42FC375
:10A390009111C5C147E050E060E070E0823061F0AB
:10A3A00008F030C348E050E060E070E0813021F018
:10A3B00044E050E060E070E085E598E00E942EAC5B
:10A3C0003FC38BEA289F212D1124269530E050E0D1
:10A3D00040E060E070E0CB010E9445A48091470B13
:10A3E000823061F118F5813059F1665FF090910388
:10A3F000F394062F10E0EF2DF0E080919103800F91
:10A40000912F911DE817F9070CF0B8CF80910F023A
:10A41000F81650F4E753F94FE4916E2F70E04E2D8B
:10A420009601CE010E940F7BF394E5CF833021F09B
:10A430008430D9F6685FDACF6A5FD8CF6D5FD6CF48
:10A440006E5FD4CF2695269530E050E040E060E086
:10A4500070E0CB010E9445A4F0909103F394062F85
:10A4600010E0EF2DF0E080919103800F912F911D6E
:10A47000E817F9070CF082CF80910F02F81650F41C
:10A48000E753F94FE4916E2F70E04E2D9601CE0107
:10A490000E940F7BF394E5CF85E598E00E94FEAB28
:10A4A000882309F4D2C2E0919103EE2309F472C02B
:10A4B00080910F028E1708F46DC08091440B873095
:10A4C00000F5833008F057C0813009F451C0823064
:10A4D00009F445C0809190038823D1F00E94E66C76
:10A4E0006FEF882399F08EE00E9473869B01482FBE
:10A4F000E0919103E150FF0BE756F94FE4916E2F85
:10A5000045C0873039F76FEF8EEFEECF81E0ECCFAB
:10A510000E94DE6C9091470B833079F49230C9F041
:10A5200028F4913079F06FEF85E0DECF9330A1F021
:10A530009430C9F76FEF87E0D7CF9230D9F328F482
:10A54000913089F36FEF8AE0CFCF933029F09430C8
:10A55000C9F76FEF89E0C8CF6FEF88E0C5CF0E94E1
:10A56000DE6C6FEF833011F484E0BECF80E1BCCFAE
:10A570006FEF86E1B9CFE150FF0BE756F94F6491D9
:10A580002091CF023091D0024091D10270E0CE01F3
:10A590000E940F7BE091910380910F02E81709F46C
:10A5A00089CEE81708F051C2F0E0E756F94F649100
:10A5B00070E04E2D9601CE010E940F7B8091440BDE
:10A5C00020910F028823B9F1833009F075C0E09122
:10A5D0009103F0E031962E171F0659F054F0E7561C
:10A5E000F94FE4916E2F70E04E2D9601CE010E943E
:10A5F0000F7BE0919103F0E0329680910F028E176D
:10A600001F0659F054F0E756F94FE4916E2F70E0B1
:10A610004E2D9601CE010E940F7BE0919103F0E058
:10A62000339680910F028E171F0609F00CF4A6CE08
:10A63000E756F94F9BCE8BEA289F212D11242695B2
:10A6400030E050E040E060E070E0CB010E9445A4C3
:10A650008091470B823061F118F5813059F1665FC6
:10A66000F0909103F394062F10E0EF2DF0E080912D
:10A670009103800F912F911DE817F9070CF07ECE02
:10A6800080910F02F81650F4E756F94FE4916E2FBF
:10A6900070E04E2D9601CE010E940F7BF394E5CF22
:10A6A000833021F08430D9F6685FDACF6A5FD8CF83
:10A6B0006D5FD6CF6E5FD4CF2695269530E050E003
:10A6C00040E060E070E0CB010E9445A4F09091036F
:10A6D000F394062F10E0EF2DF0E080919103800FAE
:10A6E000912F911DE817F9070CF048CE80910F02C9
:10A6F000F81650F4E756F94FE4916E2F70E04E2DA6
:10A700009601CE010E940F7BF394E5CF8091C9039F
:10A710009091CA03039709F080C18091470B823062
:10A7200009F476C108F09AC1813009F066C146E0AB
:10A7300050E060E070E040CE85E598E00E94FEAB1E
:10A74000882309F482C1E0919103EE2309F472C0D9
:10A7500080910F028E1708F46DC08091440B8730F2
:10A7600000F5833008F057C0813009F451C08230C1
:10A7700009F445C0809190038823D1F00E94E66CD3
:10A780006FEF882399F08EE00E9473869B01482F1B
:10A79000E0919103E150FF0BE759F94FE4916E2FDF
:10A7A00045C0873039F76FEF8EEFEECF81E0ECCF09
:10A7B0000E94DE6C9091470B833079F49230C9F09F
:10A7C00028F4913079F06FEF85E0DECF9330A1F07F
:10A7D0009430C9F76FEF87E0D7CF9230D9F328F4E0
:10A7E000913089F36FEF8AE0CFCF933029F0943026
:10A7F000C9F76FEF89E0C8CF6FEF88E0C5CF0E943F
:10A80000DE6C6FEF833011F484E0BECF80E1BCCF0B
:10A810006FEF86E1B9CFE150FF0BE759F94F649133
:10A820002091CF023091D0024091D10270E0CE0150
:10A830000E940F7BE091910380910F02E81709F4C9
:10A8400039CDE81708F001C1F0E0E759F94F6491FC
:10A8500070E04E2D9601CE010E940F7B8091440B3B
:10A8600020910F02882309F457C0833009F095C066
:10A87000E0919103F0E031962E171F0659F054F045
:10A88000E759F94FE4916E2F70E04E2D9601CE01FD
:10A890000E940F7BE0919103F0E0329680910F02CD
:10A8A0008E171F0659F054F0E759F94FE4916E2FB7
:10A8B00070E04E2D9601CE010E940F7BE091910336
:10A8C000F0E0339680910F028E171F0609F00CF40A
:10A8D00055CDE759F94F4ACD8330E1F0843009F086
:10A8E000FACC88E001C086E04AE050E0481B5109FC
:10A8F000052E000C660B770B85E598E0DF91CF9174
:10A900001F910F91FF90EF90DF90CF900C942EACA1
:10A9100085E0EACF87E0E8CF8BEA289F212D11243C
:10A92000269530E050E040E060E070E0CB010E940E
:10A9300045A48091470B823061F118F5813059F1BF
:10A94000665FF0909103F394062F10E0EF2DF0E096
:10A9500080919103800F912F911DE817F9070CF05A
:10A960000DCD80910F02F81650F4E759F94FE4919C
:10A970006E2F70E04E2D9601CE010E940F7BF39456
:10A98000E5CF833021F08430D9F6685FDACF6A5F93
:10A99000D8CF6D5FD6CF6E5FD4CF2695269530E0A9
:10A9A00050E040E060E070E0CB010E9445A4F090F0
:10A9B0009103F394062F10E0EF2DF0E080919103C6
:10A9C000800F912F911DE817F9070CF0D7CC8091DB
:10A9D0000F02F81650F4E759F94FE4916E2F70E02A
:10A9E0004E2D9601CE010E940F7BF394E5CF81306E
:10A9F00009F4DECC10F08530B0F142E050E060E0C8
:10AA000070E0DACC833009F492CE843009F0D0CCF7
:10AA100045E050E060E070E0CFCC41E050E060E025
:10AA200070E085E598E00E942EAC8091910390E063
:10AA3000049620910F022817190611F40E94B0867F
:10AA4000809191038F5F80939103DF91CF911F914C
:10AA50000F91FF90EF90DF90CF900895833009F42D
:10AA6000A7CC843051F643E050E060E070E0A4CC25
:10AA700085E598E00E94FEAB882339F3609191034D
:10AA8000662361F180910F02861740F18091440B9B
:10AA9000873008F047C02091CF023091D00240911A
:10AAA000D1028330B0F4813009F473C0823009F4EC
:10AAB00067C0809190038823E1F10E94E66C6FEFFC
:10AAC0008823A9F18EE00E9473869B01482F609134
:10AAD00091036150770BCE010E940F7B609191032F
:10AAE00080910F02681367C0109291038091440B0C
:10AAF000833009F4AACF8091470B45E550E060E030
:10AB000070E0823009F4F8CE08F046C044E650E028
:10AB100060E070E0813009F4EFCE48E250E060E0A0
:10AB200070E0EACE873029F66FEF8EEFCCCF81E070
:10AB3000CACF0E94DE6C9091470B833079F492303B
:10AB4000C9F028F4913079F06FEF85E0BCCF9330F5
:10AB5000A1F09430C9F76FEF87E0B5CF9230D9F309
:10AB600028F4913089F36FEF8AE0ADCF933029F06C
:10AB70009430C9F76FEF89E0A6CF6FEF88E0A3CFDD
:10AB80000E94DE6C6FEF833011F484E09CCF80E193
:10AB90009ACF6FEF86E197CF46E450E060E070E037
:10ABA000833009F4A9CE47E350E060E070E08430E0
:10ABB00009F4A2CEB2CF681708F047CF70E04E2D4F
:10ABC0009601CE010E940F7B8091470B4CE150E033
:10ABD00060E070E0823009F4EFCB60F44EE150E0C9
:10ABE00060E070E0813009F4E7CB48E150E060E0DC
:10ABF00070E0E2CB4AE150E060E070E0833009F4BD
:10AC0000DBCB49E150E060E070E0843009F4D4CB64
:10AC1000ECCF8091B80381111BC08091470B81500C
:10AC200020910302309104028093780310927603FE
:10AC30002130310509F050C08091790390917A0359
:10AC4000019709F03EC00E9453690E943768109A2C
:10AC50008091440B8230E1F440E050E0BA0185E598
:10AC600098E00E942EAC0E94DE6C6FEF833009F0FA
:10AC700038C081E00E9473860E94BC5040E050E0E2
:10AC8000BA018FE598E00E942EAC8EE08093B80365
:10AC9000E091B803EE3070F5F0E08827ED5AF94AFC
:10ACA0008F4F0C9409C173569856AA56C856EB5646
:10ACB0001E574C5776579857BA57DF57F2570158D7
:10ACC0000A580E94906585E090E090931702809367
:10ACD00016020E94B969BBCF0E94906583E090E0A4
:10ACE000F4CF8FE0C7CF8091440B8130E9F0B8F00A
:10ACF0008330E1F08091B8038F5F8093B8038E308A
:10AD000008F08AC18091440B42E1811101C044E204
:10AD100050E070E060E08BE498E00C942EAC65E0CD
:10AD200080E00E941F43E6CF65E1FACF6DE0F8CFE7
:10AD30008091440B813061F020F08330D9F66BE0D4
:10AD4000EFCF67E080E00E941F4365E081E0E9CF3C
:10AD500064E1E6CF8091440B8130A1F040F0833074
:10AD600049F669E080E00E941F436DE0EFCF61E0AB
:10AD700080E00E941F4367E081E00E941F4365E07E
:10AD800082E0CFCF63E180E00E941F4365E1DECF28
:10AD90008091440B8130C9F048F0833009F0AACF8C
:10ADA00067E080E00E941F436BE0D0CF67E080E067
:10ADB0000E941F4361E081E00E941F4367E082E040
:10ADC0000E941F4365E083E0ACCF66E180E00E9413
:10ADD0001F4364E1BBCF8091440B813029F168F0BF
:10ADE000833009F087CF65E080E00E941F4369E06F
:10ADF00081E00E941F436DE0C3CF65E080E00E94C8
:10AE00001F4367E081E00E941F4361E082E00E94EF
:10AE10001F4367E083E00E941F4365E084E00E94D7
:10AE20001F430E94B08666CF61E080E00E941F430E
:10AE300063E181E00E941F4365E1A2CF8091440B52
:10AE4000813001F168F0833009F054CF60E080E098
:10AE50000E941F4367E081E00E941F436BE090CF98
:10AE600060E080E00E941F4365E081E00E941F4394
:10AE700067E082E00E941F4361E083E00E941F437D
:10AE800067E09BC060E080E00E941F4366E181E0D4
:10AE90000E941F4364E174CF8091440B8130E1F044
:10AEA00068F0833009F026CF65E081E00E941F43FF
:10AEB00069E082E00E941F436DE085CF60E081E0A1
:10AEC0000E941F4365E082E00E941F4367E083E029
:10AED0000E941F4361E071C061E081E00E941F4356
:10AEE00063E182E00E941F4365E16DCF8091440BD6
:10AEF0008130A1F068F0833009F0FCCE60E081E0A1
:10AF00000E941F4367E082E00E941F436BE05BCF1B
:10AF100060E082E00E941F4365E0AFCF60E081E027
:10AF20000E941F4366E182E00E941F4364E14BCF11
:10AF30008091440B8130A1F068F0833009F0DACEC3
:10AF400065E082E00E941F4369E083E00E941F43A6
:10AF50006DE064CF60E083E00E941F4365E02DC098
:10AF600061E082E00E941F4363E183E00E941F438F
:10AF700065E154CF8091440B8130B1F068F08330AB
:10AF800009F0B8CE60E082E00E941F4367E083E0F2
:10AF90000E941F436BE011C060E084E00E941F43E9
:10AFA0008EE08093B803A6CE60E082E00E941F434B
:10AFB00066E183E00E941F4364E184E0B2CE8091A9
:10AFC000440B813049F0833009F094CE65E083E092
:10AFD0000E941F4369E0F1CF61E083E00E941F43BC
:10AFE00063E1EBCF8091440B813029F0833009F08D
:10AFF00081CE60E042CF60E083E00E941F4366E1C3
:10B00000DCCF8091440B813009F464CF833009F4A4
:10B01000A5CF70CE60E0D1CF0E94327D1092530850
:10B02000109254081092B8030E949E6C8250823095
:10B0300058F48091C9039091CA03039729F0809135
:10B04000440B823009F0109808958F929F92AF922E
:10B05000BF92CF92DF92EF92FF92CF93DF938091D6
:10B06000790390917A03892B09F04DC00E94C34760
:10B070008091CD038D7FC8E78C3109F4C8E29091AF
:10B080000309992309F442C78BEF98E00E94B8ABFB
:10B090006B017C01E091470BE150FF0BEE0FFF1FAE
:10B0A000E252F74F8081918166E070E00E94E1C03A
:10B0B000CB01B0E0A0E0C816D906EA06FB0608F00E
:10B0C000EFC58091CD038D7F8C3109F0E0C54C2F09
:10B0D00046954695469550E04E5F5F4F052E000C15
:10B0E000660B770B8AEC98E00E942EAC86E0DF912D
:10B0F000CF91FF90EF90DF90CF90BF90AF909F9057
:10B100008F900C94F6448091CD038C3109F462C089
:10B11000D0E08E3109F45FC080917803811116C0B0
:10B120008091470B823009F4EFC308F0D8C3813017
:10B1300009F4F1C364E070E080E090E00E942BA489
:10B140006E5F7F4F8F4F9F4F60937803C0E08C2FCF
:10B150000E949A650E94569D019729F48091780378
:10B160008C1708F0DDC3CF5FC53089F781E090917F
:10B17000470B923009F4DDC408F0D4C3913009F4D0
:10B180002DC5882309F405C4C5E080917803C8174C
:10B1900008F4DEC08C1312C0809102028350833009
:10B1A00008F0ECC365E070E080E090E00E942BA422
:10B1B0006F5F7F4F8F4F9F4F60937803C1508C2FED
:10B1C0000E949A650E94569D892BF9F68C2F0E9449
:10B1D000BD65BEC0D2E0CEE18C2E912C8D1A9108B7
:10B1E00080917603811114C08091470B8230D9F190
:10B1F00000F5813069F09401092C000C440B550BCB
:10B2000062E170E080E090E00E9445A460937603E4
:10B21000C0E0C815190494F58C2F0E949A650E940D
:10B22000F29B811104C090917603C91740F1CF5F62
:10B23000F0CF833069F08430F1F66CE070E080E0AC
:10B2400090E00E942BA4635F7F4F8F4F9F4FDECF14
:10B250006AE070E080E090E00E942BA4675F7F4F7F
:10B260008F4F9F4FD3CF6AE070E080E090E00E9464
:10B270002BA46D5F7F4F8F4F9F4FC8CF81E0909180
:10B28000470B923009F43CC220F5913009F4C2C258
:10B29000882309F47BC08DE1F82EFD1A092C000CDF
:10B2A000AA08BB0880917603F81608F44FC08F11E6
:10B2B00041C080910202833009F458C068F58230A1
:10B2C00009F45BC0A501940162E170E080E090E0C8
:10B2D0002DC0933009F454C19430D1F6882309F479
:10B2E000F0C0C9E180917603C81780F18C13B2C019
:10B2F00080910202833009F4C1C008F09AC0813005
:10B3000009F4D2C0823009F4C4C069E170E080E081
:10B3100090E00E942BA49CC0843009F1853091F606
:10B32000A501940166E070E080E090E00E9445A4F1
:10B33000609376038F2D0E949A650E94F29B88236A
:10B3400019F18F2D0E949A650E94B79B0E94D8A088
:10B350008091910380FD98C40E94B08689CEA5019A
:10B36000940169E070E080E090E0E0CFA5019401F5
:10B370006CE070E080E090E0D9CFA50194016FE02F
:10B3800070E080E090E0D2CFFA948CCFC0E0092C3E
:10B39000000CAA08BB08809176038C17B8F28C13B6
:10B3A0001DC080910202833069F150F48130C1F1F7
:10B3B000823079F1A501940160E070E0CB010AC010
:10B3C0008430C9F08530B1F7A501940168E070E0E0
:10B3D00080E090E00E9445A4609376038C2F0E9449
:10B3E0009A650E94F29B811122C08C2F0E949A655F
:10B3F0000E94D59BABCFA50194016CE070E080E08A
:10B4000090E0E8CFA50194016EE070E080E090E06C
:10B41000E1CFA501940160E170E080E090E0DACF37
:10B42000A501940162E170E080E090E0D3CFCF5FAE
:10B43000B2CF8430C1F0853009F067CF68E170E0A9
:10B4400080E090E00E942BA46F5F7F4F8F4F9F4F53
:10B45000609376038C2F0E949A650E94F29B88234A
:10B4600071F18C2F6FCF65E170E080E090E00E9479
:10B470002BA46C5F7F4F8F4F9F4FEACF62E170E04C
:10B4800080E090E00E942BA4695F7F4F8F4F9F4F19
:10B49000DFCF6FE070E080E090E00E942BA4665F59
:10B4A0007F4F8F4F9F4FD4CF6CE070E080E090E0F3
:10B4B0000E942BA4635F7F4F8F4F9F4FC9CFC15016
:10B4C00011CFC0E0809176038C1708F43FCF8C1326
:10B4D00021C080910202833091F160F4813009F43F
:10B4E00044C08230B9F169E170E080E090E00E94F0
:10B4F0002BA40EC08430C1F08530A9F768E170E05C
:10B5000080E090E00E942BA46F5F7F4F8F4F9F4F92
:10B51000609376038C2F0E949A650E94F29B882389
:10B5200009F463CFCF5FCECF65E170E080E090E0BB
:10B530000E942BA46C5F7F4F8F4F9F4FE9CF62E13A
:10B5400070E080E090E00E942BA4695F7F4F8F4FF6
:10B550009F4FDECF6FE070E080E090E00E942BA470
:10B56000665F7F4F8F4F9F4FD3CF6CE070E080E0DE
:10B5700090E00E942BA4635F7F4F8F4F9F4FC8CFF7
:10B58000882309F45EC0C3E180917603C81708F4EC
:10B59000DDCE8C1321C080910202833089F160F4EA
:10B5A000813009F443C08230B1F163E170E080E0A2
:10B5B00090E00E942BA40EC08430B9F08530A9F72A
:10B5C00062E170E080E090E00E942BA46F5F7F4F0B
:10B5D0008F4F9F4F609376038C2F0E949A650E9435
:10B5E000F29B81113ECFC150CFCF60E170E080E08F
:10B5F00090E00E942BA46D5F7F4F8F4F9F4FEACF4B
:10B600006EE070E080E090E00E942BA46B5F7F4FC3
:10B610008F4F9F4FDFCF6CE070E080E090E00E94A2
:10B620002BA4695F7F4F8F4F9F4FD4CF6AE070E0AC
:10B6300080E090E00E942BA4675F7F4F8F4F9F4F69
:10B64000C9CFC0E0809176038C1708F47FCE8C13AD
:10B6500021C080910202833091F160F4813009F4BD
:10B6600044C08230B9F163E170E080E090E00E9474
:10B670002BA40EC08430C1F08530A9F762E170E0E0
:10B6800080E090E00E942BA46F5F7F4F8F4F9F4F11
:10B69000609376038C2F0E949A650E94F29B882308
:10B6A00009F4A3CECF5FCECF60E170E080E090E000
:10B6B0000E942BA46D5F7F4F8F4F9F4FE9CF6EE0AD
:10B6C00070E080E090E00E942BA46B5F7F4F8F4F73
:10B6D0009F4FDECF6CE070E080E090E00E942BA4F2
:10B6E000695F7F4F8F4F9F4FD3CF6AE070E080E05C
:10B6F00090E00E942BA4675F7F4F8F4F9F4FC8CF72
:10B70000882309F443C0CDE080917603C81708F47C
:10B710001DCE8C131CC080910202843009F148F4C4
:10B72000813048F56DE070E080E090E00E942BA44D
:10B730000CC08530B9F76CE070E080E090E00E94CA
:10B740002BA46F5F7F4F8F4F9F4F609376038C2F9B
:10B750000E949A650E94F29B811183CEC150D4CF82
:10B760006BE070E080E090E00E942BA46E5F7F4F62
:10B770008F4F9F4FEACF6AE070E080E090E00E9438
:10B780002BA46D5F7F4F8F4F9F4FDFCFC0E0809125
:10B7900076038C1708F4DACD8C131CC0809102025A
:10B7A000843011F148F4813050F56DE070E080E0B4
:10B7B00090E00E942BA40CC08530B9F76CE070E0DB
:10B7C00080E090E00E942BA46F5F7F4F8F4F9F4FD0
:10B7D000609376038C2F0E949A650E94F29B8823C7
:10B7E00009F403CECF5FD3CF6BE070E080E090E050
:10B7F0000E942BA46E5F7F4F8F4F9F4FE9CF6AE06F
:10B8000070E080E090E00E942BA46D5F7F4F8F4F2F
:10B810009F4FDECF882389F1C7E080917603C81758
:10B8200008F494CD8C1316C0809102028430D9F0B4
:10B8300038F48130E8F467E070E080E090E006C022
:10B840008530C9F76AE070E080E090E00E942BA4A8
:10B85000609376038C2F0E949A650E94F29B81115F
:10B8600000CEC150DACF69E070E080E090E0EECF2A
:10B8700068E070E080E090E0E9CFC0E0809176037E
:10B880008C1708F463CD8C1316C0809102028430AB
:10B89000E1F038F48130F0F467E070E080E090E0AF
:10B8A00006C08530C9F76AE070E080E090E00E9451
:10B8B0002BA4609376038C2F0E949A650E94F29BC2
:10B8C000882309F492CDCF5FD9CF69E070E080E0A2
:10B8D00090E0EDCF68E070E080E090E0E8CF83306A
:10B8E00041F0843009F026CC63E070E080E090E025
:10B8F00025CC63E070E080E090E00E942BA46F5FB5
:10B900007F4F8F4F9F4F20CC63E070E080E090E04E
:10B910000E942BA419CC62E070E080E090E0F8CFA8
:10B9200080E025CC933009F4ABC0943009F029CCE9
:10B93000882309F46FC0C5E080917803C81708F424
:10B9400007CD8C1312C0809102028350833008F01F
:10B9500056C065E070E080E090E00E942BA46F5F2D
:10B960007F4F8F4F9F4F60937803C1508C2F0E9461
:10B970009A650E94569D892BF9F628CC64E070E008
:10B9800080E090E00E942BA46E5F7F4F8F4F9F4F0F
:10B9900013CCC0E0809178038C1708F4D9CC8C13B9
:10B9A0000FC0809102028330A1F0F0F08630E0F405
:10B9B00066E070E080E090E00E942BA46093780342
:10B9C0008C2F0E949A650E94569DCF5F019711F7B8
:10B9D000FDCB65E070E080E090E00E942BA46F5FFB
:10B9E0007F4F8F4F9F4FEACF64E070E080E090E0A0
:10B9F0000E942BA46E5F7F4F8F4F9F4FDFCF64E07D
:10BA000070E080E090E00E942BA46E5F7F4F8F4F2C
:10BA10009F4FA9CFC0E0809178038C1708F498CC91
:10BA20008C130FC0809102028330A1F0F0F08630B9
:10BA3000E0F466E070E080E090E00E942BA4609368
:10BA400078038C2F0E949A650E94569DCF5F0197C4
:10BA500011F7BCCB65E070E080E090E00E942BA481
:10BA60006F5F7F4F8F4F9F4FEACF64E070E080E0C1
:10BA700090E00E942BA46E5F7F4F8F4F9F4FDFCFD0
:10BA8000882339F1C5E080917803C81708F460CCA9
:10BA90008C1311C08091020283508330A8F465E0BA
:10BAA00070E080E090E00E942BA46F5F7F4F8F4F8B
:10BAB0009F4F60937803C1508C2F0E949A650E941B
:10BAC000569D892B01F782CB63E070E080E090E027
:10BAD000EACFC0E0809178038C1708F439CC8C133E
:10BAE0000FC0809102028330A1F0F0F08630E0F4C4
:10BAF00066E070E080E090E00E942BA46093780301
:10BB00008C2F0E949A650E94569DCF5F019711F776
:10BB10005DCB65E070E080E090E00E942BA46F5F59
:10BB20007F4F8F4F9F4FEACF63E070E080E090E05F
:10BB3000F4CF882319F1C5E080917803C81708F481
:10BB400007CC8C130DC0809102028250843088F49F
:10BB500066E070E080E090E00E942BA460937803A0
:10BB6000C1508C2F0E949A650E94569D892B21F707
:10BB70002DCB63E070E080E090E0EECFC0E08091FC
:10BB800078038C1708F4E4CB8C131AC0809102025E
:10BB9000833051F0F0F08630E0F466E070E080E051
:10BBA00090E00E942BA40AC065E070E080E090E085
:10BBB0000E942BA46F5F7F4F8F4F9F4F609378033E
:10BBC0008C2F0E949A650E94569DCF5F0197B9F60F
:10BBD000FDCA63E070E080E090E0E3CF882351F19C
:10BBE000C5E080917803C81708F4B2CB8C130FC05E
:10BBF000809102028330A1F0C0F08630B0F466E09C
:10BC000070E080E090E00E942BA460937803C15024
:10BC10008C2F0E949A650E94569D892B11F7D6CAD7
:10BC200065E070E080E090E0EECF63E070E080E0FF
:10BC300090E0E9CFC0E0809178038C1708F488CBBE
:10BC40008C130FC0809102028330A1F0C0F08630C7
:10BC5000B0F466E070E080E090E00E942BA4609376
:10BC600078038C2F0E949A650E94569DCF5F0197A2
:10BC700011F7ACCA65E070E080E090E0EECF63E0E1
:10BC800070E080E090E0E9CF0E94327DF1C98C2F16
:10BC900065E00E94C7C0482F50E070E060E022CA13
:10BCA0008BEF98E00E94B8AB6B017C01E091470BF1
:10BCB000E150FF0BEE0FFF1FE252F74F80819181A1
:10BCC00065E070E00E94E1C0CB01B0E0A0E0C816E2
:10BCD000D906EA06FB06E0F48091CD038D7F4C2F58
:10BCE0008C3181F446954695469550E04C5F5F4F08
:10BCF000052E000C660B770B8AEC98E00E942EACA8
:10BD000085E0F5C94695469550E070E060E0F4CFD7
:10BD10008BEF98E00E94B8ABE091470BE150FF0B2E
:10BD2000EE0FFF1FE252F74F2081318136952795A4
:10BD3000369527956901F12CE12C6C157D058E0552
:10BD40009F05F0F48091CD038D7F8C3181F44C2FD1
:10BD50004695469550E04F5F5F4F052E000C660BF1
:10BD6000770B8AEC98E00E942EAC84E0C0C98C2F3F
:10BD700063E00E94D3C0482F50E070E060E0F1CF54
:10BD80008BEF98E00E94B8AB6B017C01E091470B10
:10BD9000E150FF0BEE0FFF1FE252F74F80819181C0
:10BDA00063E070E00E94E1C0CB01B0E0A0E0C81603
:10BDB000D906EA06FB06C8F48091CD038D7F4C2F8F
:10BDC0008C3179F44695469550E04D5F5F4F052ED6
:10BDD000000C660B770B8AEC98E00E942EAC83E097
:10BDE00086C946954A50550BF2CF8BEF98E00E94DA
:10BDF000B8ABA091470B2A2F2150330BF901EE0F5E
:10BE0000FF1FE252F74F40815181569547956A01D5
:10BE1000F12CE12C2091CD036C157D058E059F053D
:10BE2000C8F4922F9D7F4C2F9C3179F4469546950E
:10BE300050E04B5F5F4F052E000C660B770B8AECD2
:10BE400098E00E942EAC82E052C9469550E070E026
:10BE500060E0F5CF922F9D7F9C3199F54C2F469550
:10BE6000A23039F1D0F4A13041F14550550B052EE7
:10BE7000000C660B770B8AEC98E00E942EAC81E0F8
:10BE800080930202DF91CF91FF90EF90DF90CF90EF
:10BE9000BF90AF909F908F900895A33031F0A43061
:10BEA00021F750E070E060E0E6CF50E04B5F5F4F7D
:10BEB000DECF50E0465F5F4FDACF50E0415F5F4F2B
:10BEC000D6CF2091790330917A032130310529F4BE
:10BED000A23091F028F4A130A1F04C2F4695E1CF8B
:10BEE000A33041F0A430C9F74C2F469550E0425E94
:10BEF0005F4FBDCF4C2FD5CF4C2F50E0440F551F77
:10BF0000B6CF33E0C39FA0011124B1CF8C3161F5CE
:10BF10004C2F46958091470B8230F1F0B0F4813080
:10BF2000F9F04750550B052E000C660B770B8AEC89
:10BF300098E0DF91CF91FF90EF90DF90CF90BF908E
:10BF4000AF909F908F900C942EAC833041F1843051
:10BF500041F74350550BE7CF50E0495F5F4FE3CFC8
:10BF600050E0445F5F4FDFCF8091790390917A0377
:10BF7000019739F48091470B8230A9F028F4813081
:10BF8000B9F04C2F46950BC0833041F08430C9F78F
:10BF90004C2F469550E0425E5F4FC5CF4C2F50E08E
:10BFA00070E060E0C4CF4C2F50E0440F551FBBCF72
:10BFB00083E0C89FA0011124B6CFCF92DF92EF9209
:10BFC0000F931F93CF93DF9380916C0381110E9495
:10BFD000C87180917B03882341F1809174038111A2
:10BFE0003FC081E0809374038091490B8330C1F599
:10BFF0008091440B811134C088E790E00E948A0947
:10C000000E94DE6CEE24E39410E000E020E040911A
:10C01000060761E0823009F077C189E891E00E946B
:10C02000477280917B0381111BC080917403882328
:10C03000B9F0109274038091490B833089F4809198
:10C04000440B81110DC089E790E00E948A090E948B
:10C05000DE6C823009F05BC189E891E00E94427198
:10C0600080917703882309F441C080917303811183
:10C0700039C081E0809373038091490B833091F53F
:10C080008091440B81112EC080E790E00E948A09C4
:10C090008091470B8530D1F00E94DE6C833009F02F
:10C0A00039C183E690E00E9442710E94DE6C4091AB
:10C0B0000607EE24E39410E000E020E061E0823027
:10C0C00009F02BC189E891E00E944772EE24E394C5
:10C0D00010E000E020E04091060761E088E490E095
:10C0E0000E94477280917703811139C08091730358
:10C0F000882381F1109273038091490B833051F5AD
:10C100008091440B811126C081E790E00E948A094A
:10C1100088E490E00E9442718091470B8530D1F015
:10C120000E94DE6C823009F0FBC089E891E00E9439
:10C1300042710E94DE6C40910607EE24E39410E009
:10C1400000E020E061E0833009F0EDC083E690E09C
:10C150000E94477280917703882309F440C0809140
:10C160007B038823E1F18091B503811138C0809170
:10C170009003811134C081E0809390038093B503D4
:10C180001092490810924A08109235081092360809
:10C1900080918303909184038130910509F4D2C08A
:10C1A000029709F0C9C08EE690E00E9442718FE6C6
:10C1B00090E00E944271E12C10E000E020E040910C
:10C1C000060760E08EE690E00E9447728091490B7E
:10C1D000833009F0ABC085E790E00E948A09809126
:10C1E0007703882321F080917B03811164C08091C3
:10C1F0009003882309F45FC08091490B833009F0D4
:10C200005AC0109290031092B503809183039091CD
:10C2100084038130910509F4BBC0029709F0B2C0D4
:10C220008EE690E00E9442718FE690E00E9442719B
:10C23000E12C10E000E020E04091060760E08FE68E
:10C2400090E00E94477287E790E00E948A098091FF
:10C250000602882381F166E070E080E090E00E94B1
:10C260002BA49B01AC01265F3F4F4F4F5F4FA8EEC1
:10C27000B3E00E9473C0AB01BC0181E498E00E946E
:10C280002EAC8091CE038823B1F068E070E080E0AE
:10C2900090E00E942BA49B01AC01295F3F4F4F4FC0
:10C2A0005F4FA8EEB3E00E9473C0AB01BC018DE20A
:10C2B00098E00E942EAC8091490B8D7F209103095C
:10C2C000813029F480917703882309F47DC080911F
:10C2D0000502882309F478C08091470B8150990B9F
:10C2E000FC01E551F74F3081311175C0222309F46B
:10C2F00081C010920309109204090E94B46C88E175
:10C3000090E00E948A0976C082E690E088CE82E6BC
:10C3100090E0A4CE8EE791E0C6CE82E690E0D4CE47
:10C3200082E690E004CF8EE791E012CF83E790E0C1
:10C3300054CF82E790E051CF0E94DE6C8250823071
:10C3400008F031CF8091DE039091DF03039741F431
:10C350008AE490E00E94427189E490E00E94427178
:10C36000E12C10E000E020E04091060760E08AE464
:10C3700090E00E9447728091490B8330D1F684E7A8
:10C3800090E02BCF0E94DE6C8250823008F048CFC4
:10C390008091DE039091DF03039741F48AE490E0FB
:10C3A0000E94427189E490E00E944271E12C10E009
:10C3B00000E020E04091060760E089E490E00E9400
:10C3C000477286E790E041CF2223A1F01092030943
:10C3D0001092040994CF21110DC0880F991FFC0100
:10C3E000E252F74F4081518170E060E08BEF98E0BE
:10C3F0000E942EACE091440BE150E73008F0F1C010
:10C40000F0E08827E95FFD498F4F0C9409C139633B
:10C41000246375630E622B632E6331631DE68DE624
:10C420006FEF0E9473866B01E82E90E080E00E941F
:10C43000CF7CEC0183E798E00E94FEAB882309F4EF
:10C4400066C06091910380910F02681708F05FC089
:10C4500080910E02E62FF0E0833009F418C1843099
:10C4600009F42CC14E2D9601BF018230E1F4E7534F
:10C47000F94F649170E0CE010E940F7BE09191032F
:10C48000F0E0329680910F028E171F0679F074F05B
:10C49000E753F94FE4912091CF023091D0024091BF
:10C4A000D1026E2F70E0CE010E940F7B80910E02B0
:10C4B000825043E050E060E070E0833020F044E1DF
:10C4C00050E060E070E083E798E00E942EAC80913D
:10C4D00091038F5F8093910390910F02891317C08E
:10C4E0001092910310927B0810927C0880910E02AA
:10C4F000825044E050E060E070E0833020F044E699
:10C5000050E060E070E085E598E00E942EAC6FEFAF
:10C51000812F0E9473860E94BC508AEC98E00E9492
:10C52000FEAB81110E9425588091440B882319F09D
:10C53000873009F073C1809190038111FFC0809111
:10C540000602882309F4FAC08091CE03882309F4F7
:10C55000F5C08DE298E00E94FEAB882309F4EEC09E
:10C560008091B9039091BA038637910509F4BFC051
:10C570008737910509F4C0C0C0E08537910539F4CB
:10C5800063E070E080E090E00E942BA4C62F62E0A0
:10C5900070E080E090E00E942BA46E5F7F4F8F4F91
:10C5A0009F4F28EE33E0629F6001639FD00C729F23
:10C5B000D00C1124C23009F400C1C33009F4A1C069
:10C5C000C13009F00DC1E12C10E000E020E0409105
:10C5D000060760E086E790E00E94477286E790E0F9
:10C5E000F9C080919003882341F00E94E66C882373
:10C5F00009F442C01BE08EE013CF0E94DE6C9091E4
:10C60000470B833099F4923071F030F413E191309C
:10C6100099F016E185E004CF933089F19430C9F7A1
:10C6200016E187E0FDCE14E189E0FACE9230C1F345
:10C6300028F4913071F311E08AE0F2CE933011F1D9
:10C640009430C9F713E1F0CF0E94DE6C8330E1F43F
:10C6500011E084E0E5CE15E685E6E2CE14E684E658
:10C66000DFCE8091120216E18E3F08F011E08EEFCE
:10C67000D7CE15E186E1D4CE1DE081E0D1CE14E124
:10C6800088E0CECE13E1FCCF1FE080E1C9CEE756B3
:10C69000F94F649170E04E2D9601CE010E940F7B00
:10C6A000E0919103F0E0329680910F028E171F0601
:10C6B00009F00CF4FBCEE756F94FECCEE759F94FF1
:10C6C000649170E04E2D9601CE010E940F7BE091A7
:10C6D0009103F0E0329680910F028E171F0609F049
:10C6E0000CF4E4CEE759F94FD5CE1DE010CF62E04F
:10C6F00070E080E090E048CF61E070E080E090E0A2
:10C7000043CFE12C10E000E020E04091060760E01C
:10C7100084E790E00E94477284E790E09093BA0328
:10C720008093B90385E08C9DA0018D9D500D11244F
:10C7300070E060E08DE298E00E942EAC8091440BA6
:10C74000882319F0873009F069C080919003811126
:10C7500065C080910602882309F460C081E498E0F6
:10C760000E94FEAB882309F459C0E12C10E000E0E0
:10C7700020E04091060760E089E090E00E94477267
:10C7800066E070E080E090E00E942BA49B01AC0189
:10C79000265F3F4F4F4F5F4FA8EEB3E00E9473C03C
:10C7A000AB01BC0181E498E0DF91CF911F910F9123
:10C7B000EF90DF90CF900C942EACE12C10E000E0D5
:10C7C00020E04091060760E087E790E00E94477212
:10C7D00087E790E09093BA038093B903A601A8CFAE
:10C7E000E12C10E000E020E04091060760E085E7E2
:10C7F00090E00E94477220E04091060760E088E7E1
:10C8000090E00E94477288E790E09093BA0380938B
:10C81000B90348E057E060E070E08CCFDF91CF9142
:10C820001F910F91EF90DF90CF9008959091CD03DD
:10C830009C3131F4E82FF0E0E853F54F84910895EE
:10C840009E3129F4E82FF0E0EE53F54FF7CF81E069
:10C850000895809194038F5F80939403089580914D
:10C8600093038F5F80939303089583B7817F83BF82
:10C8700083B7816083BF83B7816083BF889583B7A7
:10C880008E7F83BF83B78E7F83BF08951092B603D8
:10C8900084E6809315021092B70345E050E060E013
:10C8A00070E08DE798E00C942EAC0F931F93CF931C
:10C8B000DF9300D000D0CDB7DEB78FEF9FEFDC0164
:10C8C00089839A83AB83BC8310E000E01E830D83D1
:10C8D000BE016B5F7F4FCE0101960E94FFA5BE0196
:10C8E0006A5F7F4FCE0101960E94FFA50F5F1F4F29
:10C8F0000932110559F78FE190E09E838D83BE01C7
:10C900006B5F7F4FCE0101960E94FFA5BE016A5F5B
:10C910007F4FCE0101960E94FFA58AE090E09E83A2
:10C920008D83BE016B5F7F4FCE0101960E94FFA5F4
:10C93000BE016A5F7F4FCE0101960E94FFA569810B
:10C940007A818B819C8160957095809590952696D3
:10C950000FB6F894DEBF0FBECDBFDF91CF911F9110
:10C960000F9108952091DE033091DF0321503109AA
:10C970002330310518F460E00C94C3930895FF92BE
:10C980000F931F93CF93DF93EC01F62E088119814B
:10C99000C8010E943EC0F81621F06F2DC8010E9408
:10C9A00046C0CE01DF91CF911F910F91FF90089566
:10C9B000EF92FF920F931F93CF93DF9300D000D09D
:10C9C000CDB7DEB70E94556469837A838B839C83DD
:10C9D000CE0101967C010CEF1FE01E830D83F70151
:10C9E00061917F01CE0105960E94BF640F5F1F4FCA
:10C9F0000115F0E11F0789F726960FB6F894DEBF00
:10CA00000FBECDBFDF91CF911F910F91FF90EF909F
:10CA10000895E2E0F1E080818F7D808380E00E94D4
:10CA2000759B109880E00E94999B80E00E94674C63
:10CA300080E00E94E14BE3EDF7E010861186089557
:10CA40002091C9033091CA03A901435051094230D2
:10CA5000510518F02630310511F4882399F1909191
:10CA6000470B2091480B291303C0811118C008956A
:10CA70002917A8F481E0809375034EE150E060E04F
:10CA800070E09230D9F070F449E150E060E070E07D
:10CA90009130A1F04CE350E060E070E00FC01092E4
:10CAA0007503EBCF44E250E060E070E0933031F08A
:10CAB0004DE250E060E070E0943061F785EA98E084
:10CAC0000C942EAC08956091470B70E086E091E0E5
:10CAD0000C94CF078091030290910402019739F4DE
:10CAE00080E190E09093170280931602089583E00E
:10CAF00090E090931702809316028091C903909161
:10CB0000CA03049751F08091410B823079F78091EC
:10CB1000CB039091CC03892B49F786E090E0E2CFDC
:10CB20008091CD038D7F8C3121F40E94CEA0109294
:10CB3000760308952091CD0390918B03E82FF0E0C8
:10CB40002C3149F4992321F0EA55F54F8491089549
:10CB5000E657F54FFBCF2E3141F4992319F0EE59EA
:10CB6000F54FF4CFEC5BF54FF1CF992319F0EB576C
:10CB7000F54FECCFE058F54FE9CFCF93C82F84E0C5
:10CB8000C530F0F00E949A6560E00E947F9D83E0CE
:10CB90000E949A6560E00E947F9D82E00E949A65F3
:10CBA00060E00E947F9D81E00E949A6560E00E94A3
:10CBB0007F9D80E00E949A6560E0CF910C947F9DFC
:10CBC0000E949A6561E00E947F9DC43001F383E07A
:10CBD0000E949A6561E00E947F9DC330F1F282E07D
:10CBE0000E949A6561E00E947F9DC230E1F281E07F
:10CBF0000E949A6561E00E947F9DC111DACF80E0BA
:10CC00000E949A6561E0D9CFEF92FF920F931F9334
:10CC1000CF93DF938BEF97E00E94FEAB882341F028
:10CC200040E951E060E070E08BEF97E00E942EACAD
:10CC30008091CD0310E08E3109F012E08BEF97E088
:10CC40000E94B8AB683C71058105910508F0DFC012
:10CC5000C091D403CC2391F08091C9039091CA0371
:10CC6000069759F480911402853039F4C1E080911F
:10CC7000990390919A03892B09F0C0E08091490BA8
:10CC80008D7F813089F48091C9039091CA03069702
:10CC900059F480911402853039F480919903909170
:10CCA0009A03019709F4C1E080911E028A3B69F45E
:10CCB0008091C9039091CA03069739F4D1E080911D
:10CCC000990390919A03892B09F0D0E08091820317
:10CCD000882379F02091C9033091CA0326303105A9
:10CCE00041F42091990330919A032130310509F4E0
:10CCF000D82F8091CD038C3169F105E08E3159F147
:10CD000080E0DD2309F47BC00E949A6560E00E9408
:10CD10007F9D81E00E949A6561E00E947F9D82E094
:10CD20000E949A6561E00E947F9D83E00E949A655F
:10CD300061E00E947F9D84E0CC2309F464C00E94DE
:10CD40009A6560E0DF91CF911F910F91FF90EF9076
:10CD50000C947F9D04E0CC2379F1C0E08EE190E05B
:10CD60007C01E11AF108CE151F04ACF4CC2369F064
:10CD7000DD2311F0C01710F0C93138F08C2F0E945C
:10CD80009A650E94D59BCF5FEECF8C2F0E949A654B
:10CD90000E94B79BF8CF8091CD038E3129F48DE1AD
:10CDA0000E949A650E94B79BDF91CF911F910F91CE
:10CDB000FF90EF900C94D8A0DD23C9F0C0E08EE185
:10CDC00090E07C01E11AF108CE151F046CF78C2F5E
:10CDD000CC2341F0C01730F40E949A650E94D59B85
:10CDE000CF5FF2CF0E949A650E94B79BF9CFDF9187
:10CDF000CF911F910F91FF90EF900C94CEA00E94C5
:10CE00009A6561E084CF0E949A6561E09BCF809132
:10CE10001402833009F4BDC068F4813009F40BC1F9
:10CE2000823009F4E3C0DF91CF911F910F91FF9001
:10CE3000EF900895843009F47BC08530A1F780918C
:10CE4000CD038C3109F439C08E3109F068C0C1E0DE
:10CE50008EE190E09C01211B31098901C017110668
:10CE60000CF0A2CFEBEFEC0FE93100F5F0E08827F2
:10CE7000E35CF8498F4F0C9409C15B675B675667A9
:10CE80005667566756675B675B67566756675667B0
:10CE900056675B675B6756675667566756675B679B
:10CEA0005B6756675667566756675B678C2F0E94AD
:10CEB0009A650E94D59BCF5FD1CFC1E08EE190E013
:10CEC0009C01211B31098901C01711060CF06CCFA0
:10CED000ECEFEC0FE531E0F4F0E08827ED58F8498D
:10CEE0008F4F0C9409C18D678D678D678867886740
:10CEF00088678D678D678D678867886788678D67A6
:10CF00008D678D678867886788678D678D678D6790
:10CF10008C2F0E949A650E94D59BCF5FD5CF85E06C
:10CF2000DF91CF911F910F91FF90EF900C94BD6511
:10CF30008091CD038C3149F18E3149F5C1E0CD307E
:10CF400038F48BEFCB3028F0CF5FC731C1F72CCF4F
:10CF50008FEE8C0F8230C0F38C2F0E949A650E9456
:10CF6000D59BF2CFCD3038F48CEFCA3028F0CF5FAC
:10CF7000C631C1F719CF80EF8C0F8330C0F38C2FEF
:10CF80000E949A650E94D59BF2CFC1E0F8CF84E061
:10CF9000C7CF8091CD038C3129F18E3129F5C1E0C5
:10CFA000C53030F0C73048F085EF8C0F823028F064
:10CFB0008C2F0E949A650E94D59BCF5FC13181F76B
:10CFC000F3CEC43030F0C73048F086EF8C0F83309A
:10CFD00028F08C2F0E949A650E94D59BCF5FC031AC
:10CFE00081F7E2CEC1E0F5CF83E09ACF8091CD0307
:10CFF0008C31E9F08E31E9F4C1E08BEF8C0F823097
:10D0000028F08C2F0E949A650E94D59BCF5FCB3071
:10D01000A1F7CACE8CEF8C0F833028F08C2F0E94A2
:10D020009A650E94D59BCF5FCA30A1F7BDCEC1E003
:10D03000F5CF82E075CF8091CD038C3161F08E31D8
:10D04000A1F4C1E08C2F0E949A650E94D59BCF5F0E
:10D05000C530C1F7A9CEC1E08C2F0E949A650E940D
:10D06000D59BCF5FC430C1F79FCE81E059CFEF92FF
:10D07000FF920F931F93CF93DF9300D01F921F92C5
:10D08000CDB7DEB78091CD038D7F8C3109F0EAC03A
:10D0900085EA98E00E94FEAB882309F455C0809190
:10D0A000CD03F12C8E3111F082E0F82E85E0E0E620
:10D0B000F2E0DE01119601900D928A95E1F78091E0
:10D0C000030290910402019731F48AE089838A83F4
:10D0D0008B838C838D8380917603282F30E00EE143
:10D0E00010E00F19110990917503992309F45CC0A0
:10D0F0002017310724F40E949A650E94E3A08091D2
:10D10000470B9FEF980F9430F0F50E9416649091B2
:10D110007603981728F1109275038091030290917D
:10D1200004024AE550E060E070E0019739F51092A2
:10D13000AD081092AE0880917503882329F0809184
:10D1400076038F5F809376030F900F900F900F9070
:10D150000F90DF91CF911F910F91FF90EF90089565
:10D16000E091470BEC0FFD2FF11D408184E0489FBB
:10D17000A0011124052E000C660B770B85EA98E0C0
:10D180000E942EACD8CF909176039017110641F0F3
:10D190003CF0109275038EE18F1980937603BDCF1A
:10D1A000FE01E80FF11DE1CF2017310724F40E94A2
:10D1B0009A650E94DCA0F0907603F11016C081E021
:10D1C000809375034AE550E060E070E085EA98E0FE
:10D1D0000F900F900F900F900F90DF91CF911F91B4
:10D1E0000F91FF90EF900C942EACFA94F09276038E
:10D1F000EE24E3948091CD038E3109F4E12C8091EB
:10D20000470B20910302309104029FEF980F943056
:10D21000F8F42130310569F40E9416648E0D9927C7
:10D22000991FF81619062CF41092AD081092AE084A
:10D230008BCFE091470BEC0FFD2FF11D408184E077
:10D24000489FA0011124052E000C660B770BBECF62
:10D250002130310519F4F016110634F3FE01E80F00
:10D26000F11DECCF8091470B8230C9F020F4813062
:10D2700041F085E007C08330A1F08430D1F784E02D
:10D2800001C081E00F900F900F900F900F90DF91F1
:10D29000CF911F910F91FF90EF900C94BD6582E0AC
:10D2A000F1CF83E0EFCF0F931F93CF93DF93909154
:10D2B000CD038091470B9C3169F0D0E09E3159F04D
:10D2C000823009F452C008F042C0813009F446C0EF
:10D2D00085E045C0D2E081502D2F30E0C0E00EE166
:10D2E00010E0021B130B843018F5C01711069CF4D4
:10D2F0008091470B0E9416648C1738F08C2F0E9487
:10D300009A650E94D59BCF5FF0CF8C2F0E949A65C3
:10D310000E94B79BF8CF0E94D8A08091470B0E9433
:10D32000166480937603DF91CF911F910F9108953A
:10D33000C01711063CF48C2F0E949A650E94D59B61
:10D34000CF5FF6CF0E94D8A08EE18D1BEACF83304D
:10D3500071F0843009F0BCCF84E001C081E0DF913E
:10D36000CF911F910F910C94BD6582E0F8CF83E0BF
:10D37000F6CFCF938091CD038C3109F0E5C0809139
:10D3800076038C3118F1883308F040C097E3981B7E
:10D39000892F2091C9033091CA032430310521F02F
:10D3A000909198039923A1F10E949A650E94DCA0B4
:10D3B00080917603873309F0E8C01092DC08109260
:10D3C000DD08109275031092760320C00E949A65C2
:10D3D0000E94E3A0809176038F5F809376038C3167
:10D3E00009F0EDC04AE550E060E070E084ED98E0BF
:10D3F0000E942EAC8091030290910402019731F4B7
:10D4000088E090E09093170280931602CF910895E0
:10D4100020910302309104029091470B953018F44B
:10D420002130310511F0232B21F40E949A650E94CE
:10D43000DCA080910302909104020097E9F001972B
:10D4400029F7809176039091470B923009F45EC0E2
:10D4500058F5913009F467C08733B1F51092AD08E3
:10D460001092AE081092DC081092DD08109275033D
:10D470008BE18093760315C0809176038733D9F5CD
:10D480004AE550E060E070E085EA98E00E942EAC4A
:10D490001092DC081092DD0881E0809375031092F1
:10D4A0007603CF910C946A659330C9F09430A1F65D
:10D4B000803241F41092DC081092DD08109275035E
:10D4C00086E1D7CF8132B8F01092DC081092DD08E7
:10D4D00091E09093750397E3981B892FCACF86320A
:10D4E00041F41092DC081092DD081092750380E17F
:10D4F000C0CF873248F74091160250911702440F6F
:10D50000551F440F551F70E060E043C08B3241F45B
:10D510001092DC081092DD08109275038BE0A9CF01
:10D520008C3248F3D1CF823341F41092DC08109250
:10D53000DD081092750384E09CCF8333E0F21092F3
:10D54000DC081092DD08C5CF8E3109F0C0C0809193
:10D5500076038E3140F18C3308F058CF9BE3981B53
:10D56000892F2091C9033091CA032430310521F05D
:10D5700090919803992391F10E949A650E94DCA0F2
:10D58000809176038B3309F418CF40E550E060E0DA
:10D5900070E084ED98E00E942EAC809176038F5F5E
:10D5A0008093760333CF0E949A650E94E3A0809116
:10D5B00076038F5F809376038E3109F413CF409109
:10D5C000160250911702440F551F440F551F70E06B
:10D5D00060E084ED98E0CF910C942EAC2091030292
:10D5E000309104029091470B953018F421303105A9
:10D5F00011F0232B21F40E949A650E94DCA08091F7
:10D600000302909104020097E1F0019709F0FECE29
:10D61000809176039091470B923009F440C0B8F4A2
:10D62000913009F442C08B3319F51092AD08109275
:10D63000AE081092DC081092DD08109275038DE19F
:10D6400018CF809176038B3309F055CF19CF9330E3
:10D65000C1F0943041F7833241F41092DC0810920B
:10D66000DD081092750387E104CF843208F443CFBC
:10D670001092DC081092DD0891E0909375039BE313
:10D680002BCF893241F41092DC081092DD08109201
:10D69000750381E1EECE8A3208F42DCFE9CF8F32C7
:10D6A00009F436CF08F427CFE3CF853341F4109245
:10D6B000DC081092DD081092750385E0DACE86331F
:10D6C00008F419CF1092DC081092DD08D6CF8091B3
:10D6D000C9039091CA03049721F080919803C1E097
:10D6E0008111C2E0E0917803EA3008F08FCEF0E0DB
:10D6F0008827E258F4498F4F0C9409C1886B9D6BC1
:10D700009F6BA16BA36BC46BCE6BD76BE06BFB6B9A
:10D7100081E00E94BD6588E7C89FA0011124052E05
:10D72000000C660B770B84ED98E00E942EAC809184
:10D7300078038F5F8093780369CE82E0EACF83E03D
:10D74000E8CF84E0E6CF85E00E94BD658091780354
:10D75000282F30E02F5F3F4F9091470B9217130611
:10D7600039F42091C9033091CA0324303105E1F521
:10D770008F5F8093780388E7C89FA0011124052E4E
:10D78000000C660B770B25CF84E00E94BD6580916D
:10D790007803482F4150550B9A01DECF83E00E9459
:10D7A000BD6580917803482F4350550BF5CF82E03B
:10D7B0000E94BD6580917803482F4550550BECCFF2
:10D7C00081E00E94BD65809178038750990B20917C
:10D7D000470B2817190609F09ECF8091C903909135
:10D7E000CA03049709F497CF1092DC081092DD0861
:10D7F000109278030BCE80E00E94BD65F5CF0E94A9
:10D800009065109203081092040880918F03811193
:10D8100012C00E946A658091CD038D7F8C3149F4DE
:10D820008091030290910402019719F480E00E9414
:10D8300020650C94B96908950F931F93CF9380913D
:10D84000CD0390E08E3109F092E02EE1291B209368
:10D85000760325E0209378038D7F8C31F1F4C0E0CE
:10D860000EE110E0091B1109C01711063CF48C2FC2
:10D870000E949A650E94D59BCF5FF6CF0E94D8A0E8
:10D8800048E750E060E070E084ED98E00E942EAC44
:10D89000CF911F910F910C94B96985E00E94BD65ED
:10D8A000EFCFE7EBFAE0108611861092710370E07B
:10D8B00060E08BE00C94BB9E40914C0B4330F1F048
:10D8C000909108029923D1F02091C9033091CA03A5
:10D8D0002430310599F09091980391110FC09091E7
:10D8E000C703992359F0882349F0909121084230C9
:10D8F00081F42330310569F091110BC00C94516C07
:10D900008217D9F080937103682F70E08BE00C943C
:10D91000BB9E20917103992399F3682F70E0660FE5
:10D92000771F6F3F710519F014F06FEF70E0261745
:10D93000170619F060937103E9CF089580918C0365
:10D94000823061F028F4813069F08091430B0895B2
:10D95000833031F08430C9F785E0089583E008957D
:10D9600084E0089582E008951092A3081092A4081C
:10D970001092990810929A088091920381110BC01D
:10D980000E949E6C84508230A8F48091CB039091C9
:10D99000CC03019779F4109A0E949E6C84508230D7
:10D9A00030F48091CB039091CC03019729F080E073
:10D9B0000C94999B1098F0CF81E0FACF8091CE0320
:10D9C00081110C949E6C8091430B08950E94DE6C33
:10D9D000853059F480916E03811107C09091440BFA
:10D9E00081E0992321F0973011F080E008950895A7
:10D9F0000F931F93CF93DF931F921F92CDB7DEB784
:10DA000010E000E01A8309836FEFCE0101960E94B7
:10DA1000BF640F5F1F4F0F311105A1F70E94D8643B
:10DA20000F900F90DF91CF911F910F910895EF927A
:10DA3000FF920F931F93CF93DF93CDB7DEB72C9751
:10DA40000FB6F894DEBF0FBECDBF70910E0260918D
:10DA50000D0280910C0251E0811152E080910B0285
:10DA600031E0811132E08091DB0341E0811142E03D
:10DA700080918E0321E0811122E08091DA0391E010
:10DA8000811192E08091D903811131C081E0E09150
:10DA90001302E983E0911202EA835B837C836D8346
:10DAA0004E833F83288799878A87CE0101967C0120
:10DAB0000FE110E01C870B87F70161917F01CE0118
:10DAC0000B960E94BF640F5F1F4F0932110591F73B
:10DAD0000E94D8642C960FB6F894DEBF0FBECDBF5F
:10DAE000DF91CF911F910F91FF90EF90089582E009
:10DAF000CECF0F931F93CF93DF931F921F92CDB77B
:10DB0000DEB70FE110E01A8309836FEFCE010196B3
:10DB10000E94BF640F5F1F4F09321105A1F70E94D9
:10DB2000D8640F900F90DF91CF911F910F910895BE
:10DB30008091DE039091DF030197039710F40C941A
:10DB400039940895CF93DF93CDB7DEB764970FB6BE
:10DB5000F894DEBF0FBECDBF2091DE033091DF030E
:10DB6000215031092230310580F4FE01319694E1D3
:10DB7000DF011D929A95E9F795E0998381110EC016
:10DB800083E18D83CF010E945E9264960FB6F89474
:10DB9000DEBF0FBECDBFDF91CF91089582E1F1CFFF
:10DBA0008091DE039091DF030197039708F03BC15A
:10DBB00060910607062E000C770B8CE390E00E9424
:10DBC000EC9360910607062E000C770B8AE691E035
:10DBD0000E94EC9360910607062E000C770B81E201
:10DBE00090E00E94EC9360910607062E000C770BE4
:10DBF0008DE190E00E94EC9360910607062E000CE8
:10DC0000770B8EE190E00E94EC9360910607062E60
:10DC1000000C770B8FE190E00E94EC936091060777
:10DC2000062E000C770B80E290E00E94EC9380912E
:10DC3000CE038823D1F08091440B823069F0833089
:10DC400009F4DBC0813089F460910607062E000CD0
:10DC5000770B84E991E007C060910607062E000C5F
:10DC6000770B83E991E00E94EC93809192038823E3
:10DC7000B9F18091440B823009F4C7C0833081F13F
:10DC800060910607062E000C770B813009F4C5C0A1
:10DC90008EE791E00E94EC9360910607062E000C3F
:10DCA000770B89E891E00E94EC9360910607062EBD
:10DCB000000C770B83E690E00E94EC9360910607DE
:10DCC000062E000C770B88E490E00E94EC936091A4
:10DCD0000607062E000C770B82E690E00E94EC937C
:10DCE00080919703882371F00E94DE6C6091060793
:10DCF000062E000C770B853009F092C084E991E084
:10DD00000E94EC930E949E6C8450823008F08BC07D
:10DD100060910607062E000C770B8EE890E00E94BB
:10DD2000EC9360910607062E000C770B80E990E0DB
:10DD30000E94EC9360910607062E000C770B8DE88D
:10DD400090E00E94EC9360910607062E000C770B82
:10DD50008FE890E00E94EC9360910607062E000C7D
:10DD6000770B83E990E00E94EC9360910607062E02
:10DD7000000C770B81E990E00E94EC93609106071C
:10DD8000062E000C770B82E990E00E94EC936091E4
:10DD90000607062E000C770B84E990E00E94EC93B6
:10DDA00060910607062E000C770B82E190E00E943E
:10DDB000EC9360910607062E000C770B83E190E050
:10DDC0000E94EC9360910607062E000C770B84E10D
:10DDD00090E00E94EC9360910607062E000C770BF2
:10DDE00085E190E00E94EC9360910607062E000CFE
:10DDF000770B86E190E00C94EC9360910607062E79
:10DE0000000C770B87E491E02ECF60910607062E79
:10DE1000000C770B84E390E061CF8AE390E05ECF63
:10DE20008BE691E06DCF0895E82F80916A038823F7
:10DE300091F01E163CF40E2E000CFF0BE45AF74F27
:10DE400084910895EF3D94F0FF27E1950CF4F0954F
:10DE5000E25FF74FF5CFE53D4CF01E164CF0FF2783
:10DE6000E1950CF4F095E05DF74FEACF80E008957E
:10DE700084E608952F923F924F925F926F927F9225
:10DE80008F929F92AF92BF92CF92DF92EF92FF92CA
:10DE90000F931F93CF93DF93CDB7DEB7A6970FB63F
:10DEA000F894DEBF0FBECDBF809108070E94146FAB
:10DEB000682E8091490B12E0813031F011E08330FF
:10DEC00019F412E042E001C041E08091460BEE24DB
:10DED000E394E80EF0906D0380910502BB24B394A7
:10DEE000882311F072E0B72E80910602CC24C394EF
:10DEF000882311F062E0C62E80911002DD24D394B5
:10DF0000882311F052E0D52E80910A0281110EC1B2
:10DF1000E1E0EAA380918D0381110BC1E1E0EBA365
:10DF200080918B0301E0811102E080918F035524E1
:10DF30005394882311F032E0532E8091410B4424F6
:10DF40004394823011F422E0422E80910702332460
:10DF50003394882311F092E0392E80916A032224B1
:10DF60002394882311F082E0282E80911F02909143
:10DF7000200228EE33E0B9010E94E1C0762E8091A4
:10DF8000210290912202B9010E94E1C0862E809167
:10DF9000230290912402B9010E94E1C0962E809143
:10DFA000250290912602B9010E94E1C0A62E80911F
:10DFB000270290912802B9010E94E1C080912902B4
:10DFC00071E0811172E08091E808B1E08111B2E066
:10DFD0008091E9088111B0C051E05CA38091EA080A
:10DFE0008111ADC091E09DA38091F0088111AAC07C
:10DFF000F1E0FEA38091890390918A0322E08130B1
:10E00000910521F023E0029709F021E0809185033A
:10E01000909186038130910509F499C0029709F027
:10E0200094C093E0E0918C03E15081E0E43020F46F
:10E03000F0E0E859FD4F8081E0918303F091840383
:10E0400032E0E130F10521F034E0329709F031E0BF
:10E05000E4E651E0560DE61508F455E6E091870335
:10E06000F0918803A2E0E130F10521F0A3E03297BE
:10E0700009F0A1E0E0910902E150E33008F069C045
:10E08000F0E0EB59FD4FE08119834A83EB82FC827B
:10E09000BD82CE82DF82FAA1F8874BA149870A8729
:10E0A0002B879C875D868E873F87488A398A2A8A94
:10E0B0005B8B7C8A8D8A9E8AAF8A688F798FBA8FB4
:10E0C0005CA15B8F8DA18C8F9EA19D8FAE8FEF8FFA
:10E0D000FE0131967F0110E000E019A308A3F701CB
:10E0E00061917F01CE0180960E94BF640F5F1F4F38
:10E0F0000F31110591F70E94D864A6960FB6F894D7
:10E10000DEBF0FBECDBFDF91CF911F910F91FF906A
:10E11000EF90DF90CF90BF90AF909F908F907F90C7
:10E120006F905F904F903F902F900895F2E0FAA388
:10E13000F1CEF2E0FBA3F4CE82E08CA34FCFE2E07D
:10E14000EDA352CF52E05EA355CF91E06BCF92E0AA
:10E1500069CFE4E099CF282F853608F024E6822F96
:10E1600065E00E94C7C0992361F0822F90E002967B
:10E1700065E070E00E94F5C0862F880F880F282F79
:10E18000260F822F65E00E94C7C0E82FF0E0809143
:10E190006A03882321F0E750F84F84910895E15DE8
:10E1A000F54FFBCF8091CF039091D003181619063D
:10E1B0000CF067C08091D1039091D203843F21E09D
:10E1C000920708F45EC021E02093D5034091CE036E
:10E1D0002091DE033091DF032230310599F12330A5
:10E1E000310519F02130310509F54423F9F020916A
:10E1F000D40361E0211101C060E00E94C3936091EB
:10E200000507062E000C770B8091D1039091D20365
:10E210000E94EC9361E08091D1039091D2030E941F
:10E2200012940E94399481E08093BD078091CE03BF
:10E23000882339F140E157E260E070E089E097E03F
:10E240000C942EAC442391F32091D40361E021116E
:10E2500001C060E00E94C39360910507062E000C88
:10E26000770B8091D1039091D2030E94EC9350E000
:10E2700040E061E08091D1039091D2030E94A29589
:10E28000D0CF08952091DE033091DF032150310972
:10E290002330310510F40C94EE9908958DEB91E044
:10E2A0000E94427184E991E00E9442718BE691E004
:10E2B0000E9442718CE691E00C9442710E94DE6CE7
:10E2C0008250823020F08AE691E00C9442718CE317
:10E2D00090E0FBCFEFE0F9E010861186E5E0F9E091
:10E2E000108611868DE890E00E9442718EE890E0E1
:10E2F0000E9442718FE890E00E94427180E990E0B4
:10E300000E94427181E990E00E94427182E990E0AE
:10E310000E94427183E990E00E94427184E990E09A
:10E320000C944271CF93C82F8091470B813051F0EC
:10E3300010F08430E0F08DE190E00E94427180E2C4
:10E3400090E002C081E290E00E944271CC23F1F0A3
:10E350008091CE038823D1F08091440B823071F0FC
:10E36000833089F0813091F484E991E009C081E241
:10E3700090E00E9442718DE190E0E6CF83E991E068
:10E38000CF910C94427187E491E0FACFCF91089538
:10E390009091CD098091C80998131AC09091120AE2
:10E3A00080910D0A981314C09091570A8091520AD7
:10E3B00098130EC08091CB039091CC03019741F448
:10E3C00048EE53E060E070E087E898E00E942EACF1
:10E3D00080916C03882309F459C010926C039091CA
:10E3E000CD098091C809981312C09091120A8091AA
:10E3F0000D0A98130CC09091570A8091520A9813F5
:10E4000006C08091CB039091CC03019719F182E172
:10E4100090E00E94427183E190E00E94427184E1A9
:10E4200090E00E94427185E190E00E94427186E195
:10E4300090E00E94427180911002882321F084EEC6
:10E4400090E00E948A0940E050E0BA0187E898E035
:10E450000C942EAC82E190E00E94B26483E190E0E3
:10E460000E94B26484E190E00E94B26485E190E091
:10E470000E94B26486E190E00E94B2648091100232
:10E48000882321F085EE90E00C948A090895AF92DC
:10E49000BF92CF92DF92EF92FF920F931F93CF9391
:10E4A000DF93CDB7DEB764970FB6F894DEBF0FBE2B
:10E4B000CDBF5C01F62EC42E14160CF4C12C8AEBD1
:10E4C000C81614F48AEBC82E8091DE039091DF0306
:10E4D0008230910509F449C08330910511F001970C
:10E4E00099F50C2C000CDD082223F9F06AEB7FEF84
:10E4F000C5010E94EC936E2DC5010E941294FE018D
:10E50000339682E1DF011D928A95E9F78CE08983D9
:10E51000BB82AA828AE08D83DD86CC861A87098732
:10E52000CE0101960E945E9208C0B601C5010E940C
:10E53000EC936E2DC5010E94129461E0F11001C0B0
:10E5400060E0C5010E94C39364960FB6F894DEBFE5
:10E550000FBECDBFDF91CF911F910F91FF90EF9034
:10E56000DF90CF90BF90AF9008950C2C000CDD0889
:10E57000222361F06AEB7FEFC5010E94EC9350E02B
:10E5800040E06E2DC5010E94A295B9CFB601C5012C
:10E590000E94EC9350E040E06E2DC5010E94A295D0
:10E5A000CCCFEF920F931F93CF93809187039091DD
:10E5B0008803C0914B0B009721F5909143098091FE
:10E5C0003E09981731F1C23031F10E949E6CCC2384
:10E5D00009F46CC0909110028450823008F454C049
:10E5E000992321F08AE790E00E948A09EE24E394BF
:10E5F00010E000E020E04091060760E08DE891E047
:10E6000053C0019701F79091430980913E099817F3
:10E61000D1F2C13059F481E090914B0B923009F066
:10E6200080E0CF911F910F91EF900895CC23A1F03E
:10E6300080911002882321F082EB90E00E948A09E9
:10E64000EE24E39410E000E020E04091060760E053
:10E6500086E991E00E9447720E949E6C825082304F
:10E6600058F48091410B813039F41092EC0A1092E9
:10E67000ED0A80E00E94674C8BE590E00E948A09D9
:10E6800081E080934B0BC7CF992321F086ED90E07A
:10E690000E948A09EE24E39410E000E020E040911B
:10E6A000060760E081EB90E00E9447720E949E6C3A
:10E6B0008250823070F48091410B813051F440914E
:10E6C00000025091010270E060E084EE9AE00E9446
:10E6D0002EAC8AE590E00E948A0982E0D2CFEF92C8
:10E6E0000F931F938091CE03882371F11092F90844
:10E6F0001092FA0887E591E00E944271EE24E394BB
:10E7000010E000E020E04091060760E088E591E03D
:10E710000E9447728091440B8230B1F48091CB0308
:10E720009091CC03019781F49091120A80910D0A87
:10E7300098130AC004E813E021E04091060761E065
:10E7400083E991E00E9447721092CA031092C903B4
:10E750001F910F91EF900895EF920F931F93809167
:10E760006B038823B1F10E949E6C82508230B8F511
:10E7700089E491E00E9442718CE491E00E94427130
:10E780008DE491E00E94427181E00E94927180913B
:10E79000C9039091CA030497E1F080919703811116
:10E7A00018C080911002882321F08CEC90E00E9428
:10E7B0008A0981E190E00E944271EE24E39410E026
:10E7C00000E020E04091060760E081E190E00E94D7
:10E7D000477210926B031F910F91EF9008958091F3
:10E7E00010022091C9033091CA032430310551F041
:10E7F00090919803911106C02091CB033091CC03E6
:10E80000232B99F4882321F084ED90E00E948A095B
:10E81000EE24E39410E000E020E04091060760E081
:10E8200084E990E00E94477230C090919703911163
:10E830002CC0882321F083ED90E00E948A0949E5ED
:10E8400057E060E070E08FE099E00E942EAC1092FB
:10E850000D0910920E098CE30E9481A121E030E0A5
:10E8600049E557E060E070E08DE20E943EA18091B2
:10E87000DE039091DF030297E9F4409106076EE80A
:10E8800070E082E990E00E94149A8091100288233F
:10E8900021F085ED90E00E948A098FE890E00E94C7
:10E8A000427183E990E00E94427180E990E00E9409
:10E8B00042718FCFEE24E39410E000E020E040911D
:10E8C000060760E082E990E0ADCFEF920F931F93CF
:10E8D0000E946A7180911002882321F08FEC90E0F1
:10E8E0000E948A0948EE56E060E070E08FE099E00F
:10E8F0000E942EAC8EE10E9481A121E030E048EE22
:10E9000056E060E070E08DE20E943EA18091DE035F
:10E910009091DF03029771F4409106076EE870E072
:10E920008DE890E00E94149A10921A021F910F91A4
:10E93000EF900895EE24E39410E000E020E0409191
:10E94000060760E08DE890E00E944772EDCFEF92FD
:10E950000F931F93CF93C82F409106078091470BC9
:10E96000813020F0833058F0853060F1EE24E3945C
:10E9700008EE13E02C2F61E080E290E008C0EE2466
:10E98000E39408EE13E02C2F61E081E290E00E9416
:10E9900047728091CE03882351F1CC2341F18091BD
:10E9A000440B8230C1F0833039F1813001F5EE241F
:10E9B000E39404E813E021E04091060761E084E974
:10E9C00091E013C0EE24E39408EE13E02C2F61E0F5
:10E9D0008DE190E0DCCFEE24E39404E813E021E045
:10E9E0004091060761E083E991E00E944772CF9170
:10E9F0001F910F91EF900895EE24E39404E813E043
:10EA000021E04091060761E087E491E0EECFEF92CC
:10EA10000F931F93CF938091C9039091CA038430C1
:10EA2000910509F4A8C1209198032111A4C1309146
:10EA3000120A20910D0A3213CAC120910C0222231E
:10EA400061F02091440B223009F487C0039729F02C
:10EA500080912108882309F480C08FEF0E94E14B48
:10EA6000C0916B030E949E6CC11139C082508230EC
:10EA700008F0A0C08091C403811129C089E491E00D
:10EA80000E9442718CE491E00E9442710E949E6C4F
:10EA9000833009F077C08DE491E00E944271EE244A
:10EAA000E39410E000E020E04091060760E08DE490
:10EAB00091E00E94477280911002882341F080917A
:10EAC000C303811104C084EB90E00E948A09C1E075
:10EAD000C093720381E00E94A774C0936B030E94ED
:10EAE0009E6C8450823000F585E099E00E94FEAB78
:10EAF0008823D1F080911002882321F08EEC90E0E1
:10EB00000E948A098091DE039091DF03029761F0F1
:10EB1000EE24E39410E000E020E04091060761E07D
:10EB200080E990E00E9447721092C4031092C303E0
:10EB30009091CD098091C809981309C080919203E2
:10EB4000811105C00E94E66C882309F4A6C0CF910C
:10EB50001F910F91EF900C94C8718091470B8230F8
:10EB600069F020F4813061F08CEC78CF833021F0B3
:10EB70008430D1F782EB72CF89E970CF80E86ECF15
:10EB800086E66CCFEE24E39410E000E020E04091B4
:10EB9000060760E089E491E00E94477280911002CC
:10EBA000882309F494CF8091C303811190CF8AEC1C
:10EBB00090E08BCF80911002882349F080911A0257
:10EBC000882309F448C081ED90E00E948A091092E0
:10EBD00017091092180949E557E060E070E085E0F8
:10EBE00099E00E942EAC8DE20E9481A121E030E0EC
:10EBF00049E557E060E070E08CE30E943EA120917F
:10EC00001A02409106078091DE039091DF032223D0
:10EC100081F1029719F560E970E083E990E00E94C4
:10EC2000149A10921A028DE890E00E9442718EE8C8
:10EC300090E00E94427181E990E00E94427182E975
:10EC400090E00E94427184E990E00E94427181E06C
:10EC500080936B0344CF80ED90E0B7CFEE24E39434
:10EC600010E000E020E060E083E990E00E9447725D
:10EC7000D8CF029739F460E970E08FE890E00E9405
:10EC8000149AD1CFEE24E39410E000E020E060E09D
:10EC90008FE890E00E944772C6CF80916C0381118B
:10ECA0006AC087E898E00E94FEAB882309F463C03D
:10ECB0008091C9039091CA03049709F45CC08091C4
:10ECC0006C03811158C00E949E6CC82F82E190E0B5
:10ECD0000E94427183E190E00E94427184E190E0E1
:10ECE0000E94427185E190E00E94427186E190E0CD
:10ECF0000E944271C450C23008F054C08091070293
:10ED0000882309F44FC080911002882321F083EEFC
:10ED100090E00E948A09409106078091470B82305B
:10ED200079F158F48130B1F0EE24E39410E000E082
:10ED300020E061E086E190E015C0833051F184303D
:10ED400099F7EE24E39410E000E020E061E085E133
:10ED500090E008C0EE24E39410E000E020E061E0E1
:10ED600082E190E00E94477281E080936C031092F0
:10ED70008F0810929008CF911F910F91EF900895F6
:10ED8000EE24E39410E000E020E061E083E190E015
:10ED9000E9CFEE24E39410E000E020E061E084E1BC
:10EDA00090E0E0CF8091CE098823F1F280911002AB
:10EDB000882321F082EE90E00E948A09EE24E394F9
:10EDC00010E000E020E04091060760E0B3CF80E073
:10EDD0000E94E14B0E94C871CF911F910F91EF905B
:10EDE0000C94AC73EF920F931F930E949065109256
:10EDF000F9081092FA08109203081092040811986A
:10EE000080918F03811102C00E946A650E949E6CEE
:10EE10008250823048F58CE491E00E944271EE24E9
:10EE2000E39410E000E020E04091060760E08CE40D
:10EE300091E00E9447729091120A80910D0A9817F2
:10EE400039F00E949E6C8450823010F40E946574E8
:10EE50001092CA031092C90381E08093C3031F91EB
:10EE60000F91EF900C94B96989E491E00E9442718E
:10EE7000EE24E39410E000E020E04091060760E01B
:10EE800089E491E00E94477281E00E94A774D3CF89
:10EE9000EF920F931F93CF93C82F8091030290910D
:10EEA00004020197D9F580E190E0909317028093D6
:10EEB00016028BEF90E00E9442718091CB039091FB
:10EEC000CC03029709F4A8C08091980381110AC06D
:10EED0008091410B823029F58091DC08811102C0BC
:10EEE0000E94B969809102018062809302010E94B0
:10EEF0009E6C8250823020F48091410B8230E9F484
:10EF0000409100025091010270E060E084EE9AE0CE
:10EF10000E942EAC81E00E94674C13C086E090E016
:10EF2000C4CF0E94B9699091120A80910D0A98137A
:10EF3000D9CF81E08093C403D5CF80914B0B823031
:10EF4000F9F21092A3081092A40810929908109256
:10EF50009A088091980381115FC00E949E6C823054
:10EF600059F1833009F45DC08091CE03882309F400
:10EF700085C089E491E00E944271EE24E39410E0A0
:10EF800000E020E04091060760E089E491E00E9403
:10EF9000477281E00E94A7749091120A80910D0A35
:10EFA0009817D1F180919803811136C0CF911F91AC
:10EFB0000F91EF900C9465748CE491E00E94427183
:10EFC00089E491E00E9442718091C703EE24E394AA
:10EFD00010E000E020E04091060760E08823C1F0E7
:10EFE0008CE491E00E944772809110028823A1F086
:10EFF0008091C703882381F08091970381110CC011
:10F0000089EC90E0CF911F910F91EF900C948A09B9
:10F0100089E491E00E944772CF911F910F91EF9088
:10F0200008958CE491E00E9442718DE491E00E9489
:10F0300042718091C703EE24E39410E000E020E0E9
:10F040004091060760E0882331F09091120A809188
:10F050000D0A9813C5CF8DE491E00E94477280910C
:10F0600010028823C9F28091C7038823A9F28091F6
:10F0700097038111D1CF84EB90E0C4CF9091120A15
:10F0800080910D0A981385CFCC2309F482CF89E4AF
:10F0900091E00E944271EE24E39410E000E020E051
:10F0A0004091060760E089E491E00E9447728AEC93
:10F0B00090E00E948A096DCFEF920F931F93809189
:10F0C00005028823F9F0109205028DE590E00E9478
:10F0D00042718CE590E00E944271EE24E39410E0CE
:10F0E00000E020E04091060760E08DE590E00E949E
:10F0F000477270E060E083E091E01F910F91EF9024
:10F100000C94CF0781E0809305028DE590E00E948A
:10F1100042718CE590E00E944271EE24E39410E08D
:10F1200000E020E04091060760E08CE590E00E945E
:10F13000477261E070E0DFCFEF920F931F93882357
:10F1400039F06091440B70E080E191E00E94CF07BC
:10F150008091C9039091CA038630910509F454C087
:10F160000897029708F450C08091CB039091CC038C
:10F17000019709F049C086E090E00E94427180E367
:10F1800090E00E94427185E490E00E94427186E422
:10F1900090E00E9442718EE390E00E944271809163
:10F1A000CE03882361F083E991E00E94427184E9F3
:10F1B00091E00E94427187E491E00E944271809147
:10F1C000440B833009F499C0B0F5813009F447C08D
:10F1D000823009F46BC0EE24E39410E000E020E0FC
:10F1E0004091060760E086E090E00E94477210922E
:10F1F000B60384E68093150245E050E060E070E0DD
:10F200008DE798E00E942EAC8091DE039091DF03A1
:10F210000197029740F48091440B833009F0A4C019
:10F2200080E00E94DB9A10922B0810922C081F910C
:10F230000F91EF900895853009F486C0863059F615
:10F240008091CE03882399F2EE24E39410E000E04D
:10F2500020E04091060760E088E991E0C6CFEE2407
:10F26000E39410E000E020E04091060760E085E4D0
:10F2700090E00E9447728091CE03882309F4B7CFB3
:10F280008091CB039091CC03019709F0B0CF90917E
:10F29000120A80910D0A9813AACF00ED17E021E021
:10F2A0004091060761E084E991E09FCFEE24E3946A
:10F2B00010E000E020E04091060760E080E390E08D
:10F2C0000E9447728091CE03882309F490CF8091E9
:10F2D000CB039091CC03019709F089CF9091120A4A
:10F2E00080910D0A981383CF0CEB12E021E040913E
:10F2F000060761E083E991E078CFEE24E39410E023
:10F3000000E020E04091060760E086E490E00E9483
:10F3100047728091CE03882309F469CF8091CB0393
:10F320009091CC03019709F062CF9091120A8091DD
:10F330000D0A98135CCF02EE14E021E0409106071D
:10F3400061E087E491E051CF8091CE03882309F4F6
:10F350004ECFEE24E39410E000E020E04091060759
:10F3600060E087E991E041CF81E05BCFEF920F93BE
:10F370001F9388E290E00E944271EE24E39410E033
:10F3800000E020E04091060760E088E290E00E9403
:10F39000477288E590E00E94427185E690E00E9405
:10F3A000427189E590E00E9442719091410B8091F9
:10F3B000490B923031F1833021F581E08093410B8C
:10F3C0001092490B10924A0B70E060E087EF90E0DA
:10F3D0000E94CF0720E04091060760E089E590E0B9
:10F3E0000E9447728EEA90E00E948A0980E00E94A3
:10F3F000329C8823D9F181E01F910F91EF900C94FA
:10F400009C788130E1F483E08093490B913011F4D2
:10F4100080934A0B62E070E087EF90E00E94CF0794
:10F42000EE24E39410E000E020E04091060760E065
:10F4300085E690E00E9447728EE590E0D5CF0E946D
:10F44000099C61E070E087EF90E00E94CF07EE2416
:10F45000E39410E000E020E04091060760E088E5DA
:10F4600090E00E9447728DE590E0BECF1F910F9112
:10F47000EF9008959091490B8091410B8230A1F457
:10F48000911108C00E94099C61E070E087EF90E054
:10F490000E94CF0780E00E94329C882341F081E0E7
:10F4A0000E949C7880E003C081E09111FBCF089519
:10F4B000EF920F931F9380911D02853010F51092EB
:10F4C0001D0280E490E00E944271E12C10E000E017
:10F4D00020E040E060E080E490E00E94477280918C
:10F4E0001D0223E2829FC001112464E670E00E94A5
:10F4F000F5C06352609306071F910F91EF900C9433
:10F50000D06D855080931D02EACFEF920F931F9329
:10F5100080911D02803618F184E680931D0280E4FC
:10F5200090E00E944271E12C10E000E020E040E019
:10F5300060E080E490E00E94477280911D0223E227
:10F54000829FC001112464E670E00E94F5C06352FE
:10F55000609306071F910F91EF900C94D06D8B5F15
:10F5600080931D02EACFEF920F931F93CF93C82F82
:10F570008091DE039091DF030197039738F4809127
:10F580001E02082E000C990B0E94B79AC11124C0CC
:10F5900080911E020E94146F809311022091CB0370
:10F5A0003091CC03232BC1F49091D503992321F002
:10F5B0009091D303992381F0823399F48FE390E003
:10F5C0000E944271E12C10E000E020E040E060E0A9
:10F5D0008FE390E00E944772CF911F910F91EF90BF
:10F5E000089580E490E00E944271E12C10E000E078
:10F5F00020E040E060E080E490E0ECCF80936A039C
:10F6000081118AE080939603809111020E94AB7071
:10F6100080931E028093070781E00C94B37AB22F87
:10F62000A42FFC01808191810197C9F482E09BE0C5
:10F63000E4E0F0E06E177F07B8F4FC0142815381EB
:10F640006417750788F4232F30E050E040E0542F12
:10F65000432F322F22274B2B2A2B0C949EAD88E16F
:10F660009BE0E2E3F0E0E6CF0895CF92DF92EF92E5
:10F67000FF920F931F93CF93DF9300D000D0CDB7AD
:10F68000DEB76C017B01842FD601ED91FC9102E085
:10F690001BE0E130F10511F008E11BE0843620F4B5
:10F6A000622F0E94229605C0422F682F8E2F0E9443
:10F6B000A19669837A838B83CE0101960E945FA510
:10F6C0006C837D838E83D601EC9180912E0B60E05C
:10F6D000E81740F480913B0B90913C0BE80FF92F19
:10F6E000F11D6081CE0104960E94DEA5F801228101
:10F6F0003381E216F30670F4272F30E050E040E04B
:10F70000542F432F322F2227462B282BB701C80115
:10F710000E949EAD26960FB6F894DEBF0FBECDBFF9
:10F72000DF91CF911F910F91FF90EF90DF90CF90DD
:10F7300008954F925F926F927F928F929F92AF92B5
:10F74000BF92CF92DF92EF92FF92CF93DF93EC01C3
:10F7500088819981A8E1BBE0019711F4A2E0BBE0A8
:10F7600012968D919C9113976817790708F0F4C051
:10F770001E964C911E971B965C911B9719968D9126
:10F780009C911A9718968C901897242F30E01C960D
:10F79000EC911C97F0E01D96AC91B0E045136FC062
:10F7A000AB01440F551F640F751F860F971F280F5D
:10F7B000391FE9012881E80FF91FF080A80FB91F50
:10F7C000CC91882009F450C0912CB12CA12C622F2F
:10F7D00070E0762F6627072E000C880B990BA50189
:10F7E00094010E9486C03901552444246F2D70E095
:10F7F000762F6627072E000C880B990BA501940124
:10F800000E9486C0B42FA32F922F8827482A592AF6
:10F810006A2A7B2A6C2F70E0762F6627072E000C51
:10F82000880B990BA50194010E9486C0D301C201E7
:10F83000822B932BA42BB52BAD0166277727C92EDE
:10F84000DA2EEB2EFF24642F7C2DDF91CF91FF90D9
:10F85000EF90DF90CF90BF90AF909F908F907F9070
:10F860006F905F904F9008958F2D90E0B0E0A0E0F2
:10F87000BA2FA92F982F8827A22B8C2BDDCF660FAC
:10F88000771F660F771F680F791F260F371FE90153
:10F890003881EB01C50FD11DF880E60FF71FC0813D
:10F8A000A60FB71FEC90882009F44BC0912CB12C07
:10F8B000A12C632F70E0762F6627072E000C880B93
:10F8C000990BA50194010E9486C0722E66245524CE
:10F8D00044246F2D70E0762F6627072E000C880BCE
:10F8E000990BA50194010E9486C0A9013327222704
:10F8F000422A532A642A752A6E2D70E0762F6627D5
:10F90000072E000C880B990BA50194010E9486C05C
:10F91000422A532A642A752A6C2F70E0762F6627B4
:10F92000072E000C880B990BA50194010E9486C03C
:10F93000B42FA32F922F882784299529A629B72988
:10F940007BCF8F2D90E0B0E0A0E0DC0199278827E5
:10F95000B32B8E299C2B70CF80E090E0DC016CCF24
:10F96000CF93DF93EC018881998120912E0B821730
:10F9700098F49927FC01EE0FFF1F8E0F9F1FE09157
:10F98000390BF0913A0BE80FF91FEB01888199814F
:10F99000AA8180839183A283DF91CF910895EF9212
:10F9A000FF920F931F93CF93DF93EC01CC0FDD1FDA
:10F9B0009E0123543C4F7901F90120813181232B91
:10F9C00059F48C0182E090E00E947DC4FC01118317
:10F9D0000083F70191838083C354DC4F8881998130
:10F9E000DF91CF911F910F91FF90EF900895CF92EB
:10F9F000DF92EF921F93CF93DF9390E080E00E941D
:10FA0000CF7CEC0110E0C090CF02D090D002E0900B
:10FA1000D10280910F021817F0F480910E02E12FAD
:10FA2000F0E0833071F0843099F04E2D9601BF01E3
:10FA3000E753F94F823039F0CE010E940F7B1F5FF0
:10FA4000E8CFE756F94F649170E04E2D9601F4CF60
:10FA5000E759F94FF8CFDF91CF911F91EF90DF90E9
:10FA6000CF900895CF92DF92EF92CF93DF9390E003
:10FA700080E00E94CF7CEC0180910E028330B1F0D7
:10FA8000843031F1823059F42091CF023091D0028C
:10FA90004091D1026CE070E0CE010E940F7B129881
:10FAA000DF91CF91EF90DF90CF900895C090CF027B
:10FAB000D090D002E090D1024E2D960164E270E029
:10FAC000CE010E940F7B4E2D960165E270E0E4CFDF
:10FAD0002091CF023091D0024091D10264E270E0D7
:10FAE000DBCF8091CD038D7F8C31A1F40E94906596
:10FAF0000E9409650E94327D10927803109276036D
:10FB00008091D503882321F08091D303882331F09D
:10FB10000C9441AC80E00E94BD65EACF0895EBE40F
:10FB2000F8E010861186E3E7F8E010861186E5E537
:10FB3000F8E010861186EFE5F8E010861186E9E618
:10FB4000F8E010861186EDE7F8E010861186109235
:10FB500091031092B8031092B60384E680931502C5
:10FB60000E94F77C0C94327DEF920F931F93CF93FA
:10FB7000109203091092040980919703811104C027
:10FB800085E190E00E948A091092CA031092C9038D
:10FB90001092920310927B03109277031092D20876
:10FBA0001092D3081092AD081092AE08109275030F
:10FBB0008091470B81502091030230910402809381
:10FBC0007803109276032130310509F078C08091D6
:10FBD000790390917A03019709F066C00E945369F6
:10FBE0000E94376810927B0810927C081092490896
:10FBF00010924A08109235081092360840E050E002
:10FC0000BA018FE598E00E942EAC0E94327D0E94DE
:10FC1000B46C0E945E711092740310927303109280
:10FC2000B5031092F60A1092F70A8091970381119A
:10FC30005BC08091440B823009F406C1833009F423
:10FC400053C0813009F40AC10E94DE6C833009F48C
:10FC5000A3C0853009F4F4C0823009F0C4C080919B
:10FC6000470B853009F46BC087E398E00E94B8AB7E
:10FC7000E12C10E000E0683873418105910508F43B
:10FC8000ABC087E398E00E94B8ABE12C10E000E045
:10FC90006031774281059105F8F420E04091060734
:10FCA00060E08AE090E01EC00E94906585E090E0F0
:10FCB00090931702809316020E94B96993CF0E9415
:10FCC000906583E090E090931702809316028091F4
:10FCD0009803811187CFF0CF20E04091060760E0C4
:10FCE00080E891E00E9447728091440B833021F4B8
:10FCF00086E491E00E94B2648091440B823009F462
:10FD000028C1833009F4DCC0813009F429C1C091D5
:10FD1000470B0E94DE6CC150C43008F004C1833030
:10FD200009F4A6C0853009F4FBC0823009F0F5C0A3
:10FD30008DE791E00E9442718EE791E09FC087E3DA
:10FD400098E00E94B8AB683873418105910550F482
:10FD5000E12C10E000E020E04091060760E088E838
:10FD600091E0C0CF87E398E00E94B8ABE12C10E0AF
:10FD700000E0603177428105910538F420E0409140
:10FD8000060760E08BE891E0ADCF20E040910607E8
:10FD900060E08AE891E0A6CF87E398E00E94B8ABE4
:10FDA000683873418105910550F4E12C10E000E0C2
:10FDB00020E04091060760E08BE090E093CF87E37E
:10FDC00098E00E94B8ABE12C10E000E0603177428F
:10FDD0008105910508F061CF20E04091060760E0C1
:10FDE00087E490E07FCF87E398E00E94B8AB683863
:10FDF00073418105910550F4E12C10E000E020E012
:10FE00004091060760E083E891E06CCF87E398E0DB
:10FE10000E94B8ABE12C10E000E060317742810530
:10FE2000910538F420E04091060760E082E891E017
:10FE300059CF20E04091060760E081E891E052CF81
:10FE4000E12C10E000E0EECFE12C10E000E020E03B
:10FE50004091060760E085E390E044CFE12C10E09C
:10FE600000E020E04091060760E08BE390E03ACFAD
:10FE700084E690E00E94427183E690E00E94427125
:10FE800080910602882321F089E090E00E9442716F
:10FE900088E490E00E94427182E690E00E94427104
:10FEA0008091440B853021F483EA91E00E944271F5
:10FEB0008091440B863021F484EA91E00E944271E3
:10FEC00080919003882321F1809183039091840392
:10FED0008130910509F451C0029709F048C08EE6BF
:10FEE00090E00E9442718FE690E00E944271809102
:10FEF000970381110BC0E12C10E000E020E040915D
:10FF0000060760E08FE690E00E944772109290032F
:10FF1000CF911F910F91EF90089580E690E00ACF66
:10FF20008FE491E007CF833059F0853079F082304B
:10FF300051F487E891E00E94427189E891E09ECFF8
:10FF400081E690E09BCF8BE990E098CF8FE491E041
:10FF500095CF83E390E00E94427184E390E0AECFBE
:10FF600089E390E00E9442718AE390E0A7CF0E946B
:10FF7000DE6C8250823008F0B2CF8AE490E00E94BA
:10FF8000427189E490E00E9442718091970381114F
:10FF9000BDCFE12C10E000E020E04091060760E0DA
:10FFA00089E490E0B1CFEF920F931F93CF938091AC
:10FFB000C9039091CA03069739F46091440B70E02D
:10FFC00080E191E00E94CF070E949E6C82508230B7
:10FFD00008F4B5C00E946A718091C9039091CA0368
:10FFE000049721F080917003882361F083E490E00E
:10FFF0000E9442718FE390E00E94427184E490E09D
:020000021000EC
:100000000E94427189E491E00E9442718CE691E085
:100010000E9442718091C9039091CA03C0917003FC
:100020008730910509F094C0C11198C0C091970321
:10003000C11194C01092CC031092CB031092CA034A
:100040001092C9038091920381110E94B47D809126
:10005000C50381111092C50380911002882371F0AD
:1000600088ED90E00E948A09CC2321F082ED90E097
:100070000E948A0984EE90E00E948A090E94C87159
:100080000E94AC7381E00E9492710E94516C8EE3D9
:1000900090E00E9442718091440B823009F402C1C9
:1000A000833009F405C1813009F4FFC086E090E097
:1000B0000E94427110929503C1E0C0931A021092FF
:1000C000F9081092FA08109203081092040810928E
:1000D0002B0810922C0810922108109222081092DE
:1000E000A3081092A4081092990810929A0880917F
:1000F000CB039091CC03892BE9F48091410B8230A2
:1001000009F0D9C00E946A658091470B813071F077
:100110008093480BC093470B8091CD038D7F8C312A
:1001200019F480E00E9420650E9463651092940398
:1001300010929303CF911F910F91EF9008958091AA
:100140006B03811149CF8CE491E00E94427144CF4E
:10015000C111A6C020919703211174CF2091CB0328
:100160003091CC03232B19F4892B09F499C0909179
:10017000120A80910D0A61E098130AC060919803F9
:10018000611106C061E08091410B813009F460E0AB
:1001900070E082E190E00E94CF071092CC031092B1
:1001A000CB031092CA031092C90380919703811167
:1001B0000E944E7180919703811107C0809198032E
:1001C000811103C08091850881110E948F7DC091AB
:1001D0009803C11127C00E949E6C8250823020F586
:1001E0008091410B813009F056C080916B038111E1
:1001F00052C08091970381114EC0C091CE03CC2391
:1002000009F449C08BEF90E00E944271EE24E39420
:1002100010E000E020E04091060760E08BEF90E006
:100220000E944772C0E037C080916B03811117C0F4
:10023000C0919703C11132C08091C9039091CA0344
:10024000049769F0EE24E39410E000E020E0409190
:10025000060760E081E990E00E944772C1E080916A
:100260009703811118C080911002882321F08CEC33
:1002700090E00E948A0981E190E00E944271EE24A0
:10028000E39410E000E020E04091060760E081E1A7
:1002900090E00E94477210929703D4CEC0E0DFCF67
:1002A000C0E0D0CE80E390E003CF85E490E000CFC3
:1002B00086E490E0FDCE1092DC081092DD081092EA
:1002C000AD081092AE080E94717D0E946A652ECF23
:1002D000EF920F931F930E94D37F82E090E0909360
:1002E000CC038093CB0387E090E09093CA03809384
:1002F000C90380919703811143C040E456E060E058
:1003000070E08BE998E00E942EAC40E951E060E09B
:1003100070E081E998E00E942EAC40E951E060E095
:1003200070E08BEF97E00E942EAC80911002882342
:1003300041F083EB90E00E948A0986EE90E00E94F3
:100340008A09E12C10E000E020E04091060760E01F
:1003500083E490E00E94477220E04091060760E04D
:100360008FE390E00E94477220E04091060760E032
:1003700084E490E00E9447721F910F91EF900895DE
:100380001F910F91EF900C944E71EF920F931F936A
:10039000CF93109295031092970381E080931A02F5
:1003A0008091DB07882319F080E00E94759B1092F2
:1003B000DB071092DC078091410B823089F581E0E8
:1003C00090E09093CC038093CB031092CA031092D9
:1003D000C9038091580A811118C0809110028823A6
:1003E00021F089E890E00E948A098CEF90E00E9459
:1003F0004271EE24E39410E000E020E04091060713
:1004000060E08CEF90E00E94477281E190E00E94F2
:100410008A0980E0CF911F910F91EF900C9448775B
:100420009091CD098091C80998130CC080918D03DB
:10043000882341F081E0809370030E946881C0E0CE
:100440008C2FE8CF81E090E09093CC038093CB0396
:100450001092CA031092C903C091C70381E190E0D2
:100460000E948A09EDCFEF920F931F938091C903E9
:100470009091CA03039729F48091920381110E94FD
:10048000B47D84E090E09093CA038093C903809187
:10049000CE03882341F04CEA5DE060E070E081EF3C
:1004A00098E00E942EAC0E94C8710E94AC7381E05B
:1004B0000E94927180918F03882309F464C0109286
:1004C000DC081092DD080E9490658091100288235C
:1004D00041F086EE90E00E948A0983EB90E00E9452
:1004E0008A0940E951E060E070E08BEF97E00E94FC
:1004F0002EACE12C10E000E020E04091060760E027
:1005000083E490E00E94477220E04091060760E09B
:100510008FE390E00E94477220E04091060760E080
:1005200084E490E00E94477240E951E060E070E0AE
:1005300087EE97E00E942EAC40E456E060E070E069
:100540008DED97E00E942EAC80911002882321F05F
:100550008CEC90E00E948A0981E190E00E94427157
:10056000EE24E39410E000E020E04091060760E014
:1005700081E190E00E9447728AE190E01F910F9123
:10058000EF900C948A090E941C6CDECFEF920F93BF
:100590001F93CF93DF938091C9039091CA03AC015D
:1005A000445051093091570A2091520A4330510565
:1005B00008F452C34091980341114EC3321761F0C1
:1005C00081E090E09093CA038093C903DF91CF91BB
:1005D0001F910F91EF90089580919503833008F457
:1005E000F8C081E0809397030E9468818091440B5A
:1005F000813009F4C0C0823009F4BAC00E94DE6CB8
:10060000833009F49CC0853009F4AFC0823009F012
:10061000A1C08091470B853009F486C08AE090E044
:100620000E94427187E490E00E94427180E891E06C
:100630000E94427189E490E00E9442718AE490E055
:100640000E9442718FE690E00E9442718EE690E037
:100650000E9442710E9446640E94DE6CC8EBDBE09F
:10066000853091F40E94E66C882361F0EE24E394D7
:1006700010E000E020E04091060760E08DEB91E0A3
:100680000E944772C0E7D7E18091470B823009F49E
:1006900080C008F073C0813011F0C053D84FAE0154
:1006A00070E060E081EF97E00E942EACBE0181E235
:1006B00090E00E94CF070E94DE6C853009F06CC08C
:1006C000EE24E39404EC19E021E04091060761E098
:1006D00084E991E00E94477280910A02882309F41C
:1006E00075CF8091410B813009F070CF9091CD0989
:1006F0008091C809981709F469CF9091120A8091E6
:100700000D0A981363CF80910502882309F45ECF08
:100710008091A10A882309F493C2DF91CF911F91A0
:100720000F91EF900C9416B188E891E00E9442710D
:100730008BE891E00E9442718AE891E079CF8BE0EA
:1007400090E00E94427187E490E00E9442718AE04A
:1007500090E06ECF81E891E00E94427182E891E0E2
:100760000E94427183E891E063CF82E891E060CF1C
:1007700085E390E06DCF8BE390E06ACF833031F07A
:10078000843009F08ACFC452DA4F89CFC851DC4F88
:1007900086CFCC50DE4F83CF80911002882321F08A
:1007A00082E290E00E948A09EE24E39410E000E0E7
:1007B00020E04091060760E08EE591E00E944772DC
:1007C00004EC19E021E04091060761E08BE691E03E
:1007D00081CF8091C6038823B1F083E298E00E9424
:1007E000B8AB672B682B692B71F41092C6030E947B
:1007F0009E6C8250823038F48091C9039091CA0374
:10080000039709F0109880914B0B823081F1909101
:10081000CD098091C80998132AC09091120A80913D
:100820000D0A981324C082E79AE00E9444AA81111D
:1008300006C08EE599E00E9444AA8823C1F0809109
:100840001002882321F087ED90E00E948A098CE253
:1008500090E00E944271EE24E39410E000E020E07A
:100860004091060760E08CE290E00E944772909110
:100870009C0A8091970A981346C09091CD09809167
:10088000C809981340C09091120A80910D0A9813DC
:100890003AC080914B0B8230B1F5C091440BC1300E
:1008A00009F498C0C33009F4B6C081EF97E00E9404
:1008B000B8AB672B682B692B51F41092950348EE67
:1008C00053E060E070E081EF97E00E942EAC8091F1
:1008D0007B03811105C0809195038F5F8093950301
:1008E00080919503833078F48091C9039091CA0375
:1008F000039731F083E090E09093CA038093C9039B
:1009000081E080937B0320918809909183098091F5
:10091000490B8D7F813009F4A0C08091440B88235E
:1009200021F03CEF380F343040F44091C90350912E
:10093000CA034330510509F40FC12913CEC02091D9
:10094000CD099091C8092913C8C02091120A90912D
:100950000D0A2913C2C090914B0B923009F0BDC013
:10096000813041F008F424C1823009F43CC1833065
:1009700009F0B3C081EF97E00E94B8AB672B682BFA
:10098000692B51F41092950348EE53E060E070E05B
:1009900081EF97E00E942EAC8091950390917B03AC
:1009A000911103C08F5F80939503809195038330ED
:1009B00008F093C08091C9039091CA03039731F066
:1009C00083E090E09093CA038093C90381E0809311
:1009D0007B0383C08091C503811195CF83E298E0AA
:1009E0000E94B8AB672B682B692B09F08CCF8091E4
:1009F000C9039091CA03039709F485CF48E552E0F3
:100A000060E070E083E298E00E942EAC0E948FB01C
:100A1000C093C50378CF8091C503811174CF83E261
:100A200098E00E94B8AB672B682B692B09F06BCF5D
:100A30008091C9039091CA03039709F464CF4AEFE8
:100A400050E060E070E083E298E00E942EAC0E94EB
:100A50008FB081E08093C50356CF29136CC090916D
:100A6000CD098091C809981338C09091120A8091DD
:100A70000D0A981332C080914B0B823071F581EFD3
:100A800097E00E94B8AB672B682B692B51F410924A
:100A9000950348EE53E060E070E081EF97E00E943C
:100AA0002EAC80917703811105C0809195038F5FF3
:100AB0008093950380919503833078F48091C903E6
:100AC0009091CA03039731F083E090E09093CA03BA
:100AD0008093C90381E08093770390919C0A809171
:100AE000970A981348C090918809809183099817B4
:100AF00009F4F2CD8091490B8111EECD8091440B28
:100B0000813041F008F499C0823009F496C08330F6
:100B100009F0E2CD80919203882309F4DDCD809124
:100B20007B03882309F4D8CD1092CA031092C9031D
:100B300010927B03D1CD80917B0381110AC08091FB
:100B4000C9039091CA03039721F41092CA0310922B
:100B5000C90310927703C1CF291709F4BBCF0E94B4
:100B6000E66C882309F4B9CF90919C0A8091970A8A
:100B7000981709F4AFCF8091440B813009F45AC023
:100B8000833009F457C080919203882309F4ABCFD6
:100B900080917B03882309F4A6CF8091770381118C
:100BA00044C01092CA031092C90310927B039BCFDA
:100BB0008091C503811191CF83E298E00E94B8AB88
:100BC000672B682B692B09F088CF40ED57E060E078
:100BD00070E083E298E00E942EAC0E948FB081E02A
:100BE0008093C5037ACF8091C503811176CF809120
:100BF000C9039091CA03039709F46FCF8091C6038C
:100C0000811110C04EEE52E060E070E083E298E0A7
:100C10000E942EAC0E948FB08091C6038F5F80939C
:100C2000C603DDCF8230D8F6F5CF0E943A7A811123
:100C3000B8CFBBCF1092C50356CF1092C5034CCD91
:100C400080919E0A882309F4C1CCDF91CF911F9136
:100C50000F91EF900C9433823213B2CC892B09F0B0
:100C6000B5CC82E79AE00E9444AA81110DC0809120
:100C7000490B8D7F813009F0A9CC8EE599E00E9467
:100C800044AA882309F4A2CC8091850881119ECCC6
:100C90009091120A80910D0A981398CC9091CD09E9
:100CA0008091C809981392CC80911002882321F07A
:100CB0008BEC90E00E948A098EE591E00E944271DF
:100CC000EE24E39410E000E020E04091060760E0AD
:100CD0008EE591E00E944772DF91CF911F910F91B5
:100CE000EF900C944664FF920F931F93CF93DF9382
:100CF00000D000D0CDB7DEB7182FF62E01E08091DE
:100D00000E02813009F000E090E080E00E94CF7C8C
:100D1000143608F14F2D612FFC0180810E94A196AD
:100D20006C837D838E83CE0104960E945FA56983C8
:100D30007A838B83602FCE0101960E94DEA52696D2
:100D40000FB6F894DEBF0FBECDBFDF91CF911F91DC
:100D50000F91FF9008956F2D812F0E942296E0CF72
:100D60000F931F93CF93DF9390E080E00E94CF7C9E
:100D70008C01D0910E028EEF8D0F833098F50E947A
:100D8000DE6C853099F40E94E66CCEE081111DC0C6
:100D900080919703811130C08091980381112CC0FC
:100DA0008091440B823051F5C0E10FC090919703C0
:100DB000911122C09091980391111EC09091440B03
:100DC0009230E1F4C4E0833079F76FEF8C2FD230AA
:100DD000B9F40E9473869B01482F6CE070E0C80153
:100DE0000E940F7B8091440B823009F0129ADF91B0
:100DF000CF911F910F910895CCE0E7CFC1E0E5CFEF
:100E0000D33091F40E9473869B01482F64E270E016
:100E1000C8010E940F7B6FEF8C2F0E9473869B018D
:100E2000482F65E270E0DBCF0E9473869B01482F5C
:100E300064E270E0D4CFEF92FF920F931F93CF93B1
:100E4000DF93CDB7DEB7E0970FB6F894DEBF0FBEE5
:100E5000CDBF8CEF9FE00E943EC08AA78DEF9FE040
:100E60000E943EC08BA78EEF9FE00E943EC08CA7E1
:100E70008FEF9FE00E943EC08DA70E9455640AA597
:100E80001BA52CA53DA5601771078207930709F0E4
:100E9000B4C2CE0101967C0110E000E0C8010E94BE
:100EA0003EC0F70181937F010F5F1F4F0F31110586
:100EB000A9F78981823071F40E94099C8A8182306D
:100EC00049F483E08093490B9091410B913011F4E8
:100ED00080934A0B8B81815087FF8093460B8C81D6
:100EE0009FEF980F983090F480936D030E94329C8E
:100EF0008091440B833051F48091DE039091DF03A5
:100F00000197029718F480E00E94DB9A9D818FEF91
:100F1000890F823030F481E0923008F480E08093D1
:100F200005029E818FEF890F823030F481E092308C
:100F300008F480E0809306029F818FEF890F823052
:100F400030F481E0923008F480E0809310029885BC
:100F50008FEF890F823030F481E0923008F480E026
:100F600080930A0299858FEF890F823030F481E0F7
:100F7000923008F480E080938D039A858FEF890F7B
:100F8000823030F481E0923008F480E080938B036B
:100F90008B859FEF980F933050F4823009F47FC116
:100FA000833009F487C110928A03109289038C85DB
:100FB0009FEF980F933050F4823009F484C183304E
:100FC00009F48CC110928603109285039D858FEFE2
:100FD000890F823030F481E0923008F480E0809311
:100FE0008F038E859FEF980F953050F4833009F46E
:100FF00089C108F07CC1823009F480C110928C0351
:101000008F859FEF980F953050F4823009F47EC1A0
:10101000843009F482C1109284031092830388897A
:101020009FEF980F923050F49091CE03992331F0B6
:10103000823009F475C181E00E945F9C99898FEF2D
:10104000890F823030F481E0923008F480E08093A0
:1010500007029A898FEF890F823030F481E0923055
:1010600008F480E00E94FE7A8B898150853650F426
:10107000809311020E94AB7080930807809307074A
:1010800080931E028C899FEF980F9C3358F448EE92
:1010900053E0849F9001859F300D112430932002EE
:1010A00020931F028D899FEF980F9C3358F448EED0
:1010B00053E0849F9001859F300D112430932202CC
:1010C000209321028E899FEF980F9C3358F448EEAD
:1010D00053E0849F9001859F300D112430932402AA
:1010E000209323028F899FEF980F9C3358F448EE8A
:1010F00053E0849F9001859F300D11243093260288
:1011000020932502888D9FEF980F9C3358F448EE6A
:1011100053E0849F9001859F300D11243093280265
:1011200020932702998D8FEF890F823030F481E070
:10113000923008F480E0809329029A8D8FEF890F16
:10114000823030F481E0923008F480E08093E80847
:101150009B8D8FEF890F823030F481E0923008F45C
:1011600080E08093E9089C8D8FEF890F823030F406
:1011700081E0923008F480E08093EA089D8D8FEF43
:10118000890F823030F481E0923008F480E080935F
:10119000F0088E8D9FEF980F933050F4823009F451
:1011A000C1C0833009F4C5C0109288031092870330
:1011B0008F8D9FEF980F9430A0F4823009F4BEC059
:1011C000833009F4BEC0813009F4BEC084E080934E
:1011D00009028091CE03882309F4AEC083E0809396
:1011E0004C0B0E9487070E94B9077E01F0E2EF0EC8
:1011F000F11C0FE110E0C8010E943EC0F70181938D
:101200007F010F5F1F4F09321105A9F788A19FEFDA
:10121000980F9E3F10F48093130289A19FEF980FBF
:101220009E3F10F4809312028FEF88AB80911302DF
:101230008EA7809112028FA790E080E00E94CF7C61
:10124000BE01625D7F4F0E94B07C81E090E00E9411
:10125000CF7CBE01625D7F4F0E94B07C9AA18FEF70
:10126000890F823030F481E0923008F480E080937E
:101270000C028BA19FEF980F953040F480930E02E3
:10128000813009F064C085E080930F028CA18C311D
:1012900009F463C08E3109F06AC08EE15FC010921C
:1012A00004021092030281E090E090938A038093FD
:1012B00089037DCE81E090E0909304028093030245
:1012C00082E090E0F2CF10927A031092790381E0ED
:1012D00090E0909386038093850378CE81E090E040
:1012E00090937A038093790382E090E0F2CF843088
:1012F00059F0853009F082CE84E001C081E080930E
:101300008C037ECE82E0FBCF83E0F9CF81E090E0DA
:10131000909384038093830382CE82E090E0F8CFA1
:1013200082E08ACE81E090E09093880380938703E7
:101330003FCF82E090E0F8CF82E051CF91E09093F0
:101340000802809309024BCF80930802FACF8530C0
:1013500011F482E099CF80E397CF8CE180930D0266
:101360009091CD039D7F9C3111F48093CD039DA17D
:101370008FEF890F823030F481E0923008F480E002
:101380008093DB039EA18FEF890F823030F481E0E0
:10139000923008F480E080930B029FA18FEF890FB9
:1013A000823040F481E0923008F480E080938E0334
:1013B0000E94A26D98A58FEF890F823030F481E0F2
:1013C000923008F480E08093DA0399A58FEF890FBB
:1013D000823030F481E0923008F480E08093D903C9
:1013E000E0960FB6F894DEBF0FBECDBFDF91CF9170
:1013F0001F910F91FF90EF900895EE24E39410E079
:1014000000E020E04091060760E08FE591E00E9457
:1014100047720E94F86C0E94796DE2CF8F929F9282
:10142000AF92BF92DF92EF92FF920F931F93CF93F1
:10143000DF9300D01F921F92CDB7DEB7DC0112966A
:10144000DC901297D0FADD24D0F812968C91129786
:101450008E7F12968C93129712968C9112978D7F95
:1014600012968C931297FB0110829F96ED90FC9040
:10147000D097E114F104B9F1DD20A9F19996ED912D
:10148000FC919A97309779F15B018D01BA83A9831A
:101490001D828091BB039091BC039C838B83CE0102
:1014A00001969093BC038093BB03D70114968D9053
:1014B0009C90159715961C930E93149719958B81F4
:1014C0009C819093BC038093BB038D818823E9F0BA
:1014D0000815190511F4912C812CF701958284824D
:1014E00081E0D5018C938D2D0F900F900F900F9070
:1014F0000F90DF91CF911F910F91FF90EF90DF90B0
:10150000BF90AF909F908F900895F701958284824D
:10151000EACF0F931F93CF93DF931F92CDB7DEB720
:101520008C018AEF92E0D8018D939C93E091BB03EC
:10153000F091BC0381E0309751F020813181201778
:10154000310709F484830280F381E02DF4CFF801A0
:10155000828180FF06C0BE016F5F7F4FC8010E947D
:101560000E8AD8019F96ED91FC91309759F1228512
:1015700082E082878789908DA18DB28D0197A10924
:10158000B109878B908FA18FB28FD8019D964D9115
:101590005C91868197810817190711F45783468358
:1015A000D801D0961C921E929F979B968D919C91EC
:1015B0000097B1F44115510559F41182108213823C
:1015C000128222870F90DF91CF911F910F91089582
:1015D000DA019C961C921E929B9751834083F1CF17
:1015E000DC014115510539F49E961C921E929D977F
:1015F00093838283E6CF9E965C934E939D97D8010A
:101600009D964D915C91DA019C969C938E939B974D
:10161000D8CFCF93DF93EC010E94898ACE01DF916E
:10162000CF910C9419C50E94929FCB0108958F927F
:101630009F92AF92BF92CF92DF92FF920F931F9330
:10164000CF93DF9300D000D0CDB7DEB79C01215CF3
:1016500031403093D0032093CF03F090CE03FF208E
:1016600009F451C12115310509F431C137FF12C008
:101670001092D0031092CF0381E08093C1036DE6F6
:1016800079E0CE0101960E94E3A3CE0101960E946B
:10169000DBA31DC14091180250911902BA01615C8F
:1016A0007140261737070CF024C14817590708F472
:1016B00020C184EF91E09093D2038093D1030E94E4
:1016C00032A14B015C010E9488BE20E031E040E085
:1016D00050E00E9454C09B01AC01280D391D4A1DE9
:1016E0005B1D65E979EE81ED9BE50E94B7C0292F6E
:1016F000332744275527262737274827592765E9C1
:1017000079EE81ED9BE50E94B7C09B01AC01E7EC4F
:101710002E27E1E03E27E1E14E27E3E55E2769EB76
:1017200070E98AE698E20E94B7C0DC01CB0127E5A8
:10173000822723E792272AE2A2272AEAB2279C01DE
:10174000AD016DE056954795379527956A95D1F788
:10175000282739274A275B2765E979EE81ED9BE544
:101760000E94B7C08B019C01EFE036952795179535
:101770000795EA95D1F7AB01BC01402751276227B5
:1017800073270091CF031091D0034801012E000C64
:10179000AA08BB0884E090E0A0E0B0E088159905B5
:1017A000AA05BB0540F432E0880F991FAA1FBB1F92
:1017B0003A95D1F7F3CF0197A109B109812C912C6A
:1017C00054010097A105B10551F0B695A7959795DD
:1017D0008795EFEF8E1A9E0AAE0ABE0AF2CFB69434
:1017E000A794979487948092E0039092E103A0924B
:1017F000E203B092E30381E090E002C0880F991FFA
:101800008A94E2F70197092E000CAA0BBB0B809378
:10181000E4039093E503A093E603B093E7034093BA
:10182000E8035093E9036093EA037093EB0310928B
:101830007F0310927E0310927D0310927C03D12CC3
:10184000C12C580121E0A21AB108C016D1068CF5AE
:1018500060917C0370917D0390E080E00E943B9951
:10186000601771075CF060917C0370917D036F5F7E
:101870007F4F70937D0360937C03EECFFF2041F098
:1018800080917C0390917D0390937F0380937E03EE
:10189000AC14BD0449F080917C0390917D030196C6
:1018A00090937D0380937C038FEFC81AD80AF12CA4
:1018B000CCCF6091D1037091D203615C714090E014
:1018C00080E00E948898709381036093800326963D
:1018D0000FB6F894DEBF0FBECDBFDF91CF911F9141
:1018E0000F91FF90DF90CF90BF90AF909F908F901F
:1018F00008951092D0031092CF0381E08093C20329
:1019000068E179E0BECE37FF0AC01092D003109292
:10191000CF0381E08093C1036CEB78E0B2CE2091DD
:101920001802309119021092D0031092CF03281799
:10193000390768F681E08093C20367E678E0A1CEBC
:101940009F92AF92BF92CF92DF92EF92FF920F934E
:101950001F93CF93DF93CDB7DEB7AF970FB6F89451
:10196000DEBF0FBECDBF8091110265E00E94C7C0EF
:10197000E82FF0E0E15DF54FE491E0931E02E09383
:101980000807E093070740E051EE60E070E08CEE5E
:1019900093E00E94D2951092B9071092BA07109264
:1019A000BB078CEE93E090932E0780932D07109247
:1019B000700710927107E2E7F7E08EE897E02FEFEB
:1019C0003FEF219331938E179F07D9F780912D0711
:1019D00090912E07DC01ED91FC910084F185E02DC2
:1019E0001995892B61F080912D0790912E07DC01CC
:1019F000ED91FC910284F385E02D1995E7CF0E94CB
:101A000032A168517C4F8E010F5F1F4F6B01F12C8B
:101A1000E12C44E1942E55E0A52E61E1B62E0E9402
:101A200039948091BB07811114C00E9432A16C15BA
:101A30007D058E059F0568F4F801892D11928A9520
:101A4000E9F7A982BD82C8010E945E920E94FDA0B2
:101A5000E6CF0E9439948091BB07882309F48FC098
:101A600080919007909191079093DD038093DC0320
:101A7000009709F471C022E030E03093DF03209337
:101A8000DE038D36910518F080E00E94DB9A80918C
:101A9000CE0381110DC081E080936A038091110211
:101AA0000E94AB7080931E02809308078093070703
:101AB0006091900770919107CE018A960E943D9B9C
:101AC00062E17AE0C8010E94E3A3B801CE01469624
:101AD0000E9411A4BE01665D7F4FCE0146960E9412
:101AE000A8A3CE0146960E94DBA3C8010E94DBA3F7
:101AF000CE018A960E94DBA30E94399400918E0742
:101B000010918F07C8010E94178B80918E030E944D
:101B1000A26D8AEB9FEF0E94B79A0E941D9B809155
:101B2000C203811126C08091C103811122C0FF240C
:101B3000F3948F2DAF960FB6F894DEBF0FBECDBFD6
:101B4000DF91CF911F910F91FF90EF90DF90CF9099
:101B5000BF90AF909F90089581E090E09093DF0355
:101B60008093DE0384E690E09093DD038093DC03B2
:101B70008ECF0C33110508F09DC0F12CDACF8AEB23
:101B80009FEF0E94B79A0E941D9B24E1E22ED8018C
:101B9000EE2D1D92EA95E9F735E0F32EF98281E00A
:101BA0008D83C8010E945E92D8011D92EA94E9F7E4
:101BB000F98282E08D83C8010E945E920E94FDA09E
:101BC0000E943994F090B907FF2009F47EC0AEEB73
:101BD000B7E0F801CE0145962D912193E817F9075A
:101BE000D9F70E943994F090BA078E010A5E1F4F10
:101BF000FF2009F479C080E098E090931902809367
:101C000018020E943994E0908E07F0908F07C70168
:101C10000E94178BFE01789682E1DF011D928A9562
:101C2000E9F787E08E8B188E1F8A8CE08A8FC801B7
:101C30000E945E9284E1C82EF8018C2D11928A9543
:101C4000E9F796E0D92EDE8A89E08A8F81E08C8FD1
:101C5000C8010E945E928091CE03D8011D92CA9461
:101C6000E9F7DE8A9EE09A8F8C8FC8010E945E920F
:101C700083E090E09093DF038093DE0381E090E0C7
:101C80009093DD038093DC0360E07AE0C8010E945A
:101C9000E3A3C8010E94DBA38091C203811105C0A8
:101CA0008091C103882309F442CFBCE3EB16F10411
:101CB00008F463CFE12C10E000E020E040E060E0B9
:101CC0008CE390E00E94477258CF1092DF0310928D
:101CD000DE030E94009B69EC79E0C8010E94E3A347
:101CE000C8010E94DBA325CF69ED79E0C8010E94FD
:101CF000E3A3C8010E94DBA31092DF031092DE036E
:101D00000E94009B16CFFC01E60FF11D218162812C
:101D100070E090E080E0CB0177276627722B20816E
:101D2000622B2381922B0895FC01DB019C91915041
:101D3000492F4F3FC9F0242F30E0DF01A20FB31F1E
:101D40008C918E3711F04150F4CF9F3F69F0492FAD
:101D500050E0DF01A40FB51F8C918E3719F4291BB9
:101D60002C93292F9150F1CF08958150823108F0A2
:101D70005AC0E82FF0E08827EF53F1478F4F0C94BB
:101D800009C1E18EE58ED38ED98EDD8E138FE88E5C
:101D9000EE8EF28EF88EFC8E008F068F0A8F138FD8
:101DA0000E8F148F188F809180008F778093800022
:101DB0000895809180008F7DF9CF80918000877F8A
:101DC000F5CF84B58F7784BD089584B58F7DFBCF23
:101DD0008091B0008F778093B00008958091B0001B
:101DE0008F7DF9CF809190008F7780939000089538
:101DF000809190008F7DF9CF80919000877FF5CF03
:101E00008091A0008F778093A00008958091A0001A
:101E10008F7DF9CF8091A000877FF5CF8091200141
:101E20008F77809320010895809120018F7DF9CFD5
:101E300080912001877FF5CF08950895AF92BF92DA
:101E4000CF92DF92EF92FF920F931F93CF93DF9386
:101E50006C017B018B01040F151FEB015E01AE18B5
:101E6000BF08C017D10759F06991D601ED91FC91D7
:101E70000190F081E02DC6011995892B79F7C501F4
:101E8000DF91CF911F910F91FF90EF90DF90CF9056
:101E9000BF90AF900895FC01A089B1898C91A6896B
:101EA000B78982FD0FC09C91818D8F5F8F73228DCA
:101EB000821749F0A18DAE0FBF2FB11D5D969C9387
:101EC000818F08958C910895FC01538D448D252FA9
:101ED00030E0842F90E0821B930B541710F0CF96C4
:101EE000089501970895FC01918D828D981761F0F6
:101EF000A28DAE0FBF2FB11D5D968C91928D9F5F0D
:101F00009F73928F90E008958FEF9FEF0895FC01EB
:101F1000918D828D981731F0828DE80FF11D858D9E
:101F200090E008958FEF9FEF0895FC01918D228D31
:101F3000892F90E0805C9F4F821B91098F739927B6
:101F400008958CEE93E00E94958F21E0892B09F48F
:101F500020E0822F089588E39CE00E94958F21E085
:101F6000892B09F420E0822F089585ED9CE00E94E2
:101F7000958F21E0892B09F420E0822F0895FC0140
:101F8000A48DA80FB92FB11DA35ABF4F2C91848DDA
:101F900090E001968F739927848FA689B7892C9337
:101FA000A089B1898C91837080648C93938D848D8A
:101FB000981306C00288F389E02D80818F7D80838D
:101FC0000895EF92FF920F931F93CF93DF93EC014D
:101FD00081E0888F9B8D8C8D98131AC0E889F989D0
:101FE000808185FF15C09FB7F894EE89FF896083D3
:101FF000E889F98980818370806480839FBF81E054
:1020000090E0DF91CF911F910F91FF90EF90089595
:10201000F62E0B8D10E00F5F1F4F0F731127E02E70
:102020008C8D8E110CC00FB607FCFACFE889F989A8
:10203000808185FFF5CFCE010E94BF8FF1CFEB8D60
:10204000EC0FFD2FF11DE35AFF4FF0829FB7F8947C
:102050000B8FEA89FB8980818062CFCFCF93DF939A
:10206000EC01888D8823B9F0AA89BB89E889F989B0
:102070008C9185FD03C0808186FD0DC00FB607FCE5
:10208000F7CF8C9185FFF2CF808185FFEDCFCE0118
:102090000E94BF8FE9CFDF91CF91089580E090E05B
:1020A000892B29F00E94B58F81110E94000080E0E9
:1020B00090E0892B29F00E94AB8F81110E940000D3
:1020C00080E090E0892B49F080E090E0892B29F0B6
:1020D0000E94000081110E94000080E090E0892BA6
:1020E00029F00E94A18F81110C9400000895209185
:1020F000B60B260F3327331F21323105ECF4209124
:102100000E0CFC0190E080E0243069F082E008953C
:10211000A091B60B2191AC014A56544FA40FB52F94
:10212000B11D2C930196861798F38091B60B680F1A
:102130006093B60B80E0089581E008950895E091E2
:10214000DE0B8091DD0BE81730F4F0E0EB58F44F34
:10215000808190E008958FEF9FEF08959091DE0BBE
:102160008091DD0B2FEF3FEF981748F4E92FF0E057
:10217000EB58F44F208130E09F5F9093DE0BC90154
:1021800008958091DD0B9091DE0B891B990B0895CA
:10219000CF92DF92EF92FF920F931F93CF93DF9333
:1021A0007C01CB018A012091140C222389F0EB01E0
:1021B0006B01C40ED51ECC15DD0569F06991D70100
:1021C000ED91FC910190F081E02DC7011995F3CFBD
:1021D000642F0E947790C801DF91CF911F910F91DA
:1021E000FF90EF90DF90CF900895CF93DF931F92F1
:1021F000CDB7DEB769832091140C2223F9F020912A
:10220000370C203258F021E030E0FC013383228388
:1022100090E080E00F90DF91CF9108958091150CB0
:10222000E82FF0E0EA5EF34F998190838F5F80930F
:10223000150C8093370C81E090E0ECCF61E0CE018B
:1022400001960E947790F7CF90E080E00895FB011F
:1022500001900020E9F73197AF01461B570BDC01D5
:10226000ED91FC910280F381E02D19948F929F9261
:10227000AF92BF92EF92FF920F931F93CF93DF9392
:10228000CDB7DEB7A1970FB6F894DEBF0FBECDBFB6
:102290007C01FA01CB0119A2223008F42AE08E0158
:1022A0000F5D1F4F822E912CB12CA12CBF01A501D7
:1022B00094010E9486C0F901CA016A300CF5605D84
:1022C000D8016E938D01232B242B252B79F790E0D9
:1022D00080E0109721F0BD01C7010E942791A196CF
:1022E0000FB6F894DEBF0FBECDBFDF91CF911F9127
:1022F0000F91FF90EF90BF90AF909F908F900895B7
:10230000695CDECF0F931F93CF93DF93EC010E94A4
:1023100027918C016EEF72E0CE010E942791800F11
:10232000911FDF91CF911F910F9108958F929F92EE
:10233000AF92BF92CF92DF92EF92FF92CF93C42FD2
:102340009B01AC010E9439C16B017C016C2F70E0D4
:1023500090E080E00E941FBF4B015C0120E030E074
:1023600040E85FE3C701B6010E941ABF87FF16C0AD
:10237000A5019401C701B6010E948FC220E030E0A0
:1023800040E05FE30E9480BFCF91FF90EF90DF902D
:10239000CF90BF90AF909F908F900895A701960126
:1023A00060E070E080E090E40E9438C1A5019401F3
:1023B0000E948FC29F7720E030E040E05FE30E9400
:1023C00080BF9B01AC0160E070E080E89FE30E9469
:1023D00038C1DACF8EEFE4EEF4E0DF01982F1D92E2
:1023E0009A95E9F7E2EEF5E0DF011D928A95E9F7AB
:1023F0001092E6061092F5061092F6061092F70675
:102400001092F8060895CF93DF93EC0188819981AB
:10241000009711F00E9419C5198218821D821C8232
:102420001B821A82DF91CF9108950F931F93CF9350
:10243000DF93EC0188819981009759F02A813B81D3
:102440002617370730F081E0DF91CF911F910F9170
:1024500008958B016F5F7F4F0E94A2C5009759F0CE
:10246000998388831B830A832C813D81232B59F711
:10247000FC011082E8CF80E0E7CFEF92FF920F934C
:102480001F93CF93DF93EC017B018A01BA010E9475
:10249000159281110BC0CE010E940392CE01DF91F3
:1024A000CF911F910F91FF90EF9008951D830C83A2
:1024B000B701888199810E9493C6F0CFCF92DF92B5
:1024C000EF92FF920F931F93CF93DF93CDB7DEB7B9
:1024D000DC010DB71EB73C91432F50E07A0181E03B
:1024E000E81AF108EDB7FEB7E41BF50B0FB6F89448
:1024F000FEBF0FBEEDBF6DB77EB76F5F7F4F20E0B1
:102500008AEAD82E90EFC92E822F90E08E159F0573
:102510000CF01BC1233030F4FB01213021F12230BB
:1025200021F1C08213969C911397992309F49AC0C4
:10253000233008F438C0EDEFE20FEC3008F033C080
:10254000F0E08827E955FD468F4F0C9409C1499367
:10255000B792BD92C392C992D992ED92F892039329
:102560000E931A932693D182DDCF3283DBCF14965C
:102570008C911497FB01848316C011968C9111974E
:10258000FB01858310C012968C911297FB01868304
:102590000AC051968C915197882339F052968C91AC
:1025A0005297FB0187832F5FAFCF16968C911697BA
:1025B000F8CF1A968C911A97882331F01B968C913C
:1025C0001B97FB018087EFCF51968C915197882301
:1025D00051F353968C915397F4CF1A968C911A9786
:1025E000882309F31C968C911C97FB018187DBCF14
:1025F0001A968C911A978823B1F21D968C911D978B
:10260000FB018287D0CF1E968C911E97882359F2AA
:102610001F968C911F97FB018387C5CF1E968C91C7
:102620001E97882309F4BFCF50968C915097FB01D9
:102630008487B9CF17968C911797882309F4B3CF65
:1026400018968C911897FB018587ADCF17968C91C2
:102650001797882309F4A7CF19968C911997FB0136
:102660008687A1CFEDEFE20FE83008F09CCFF0E0D5
:1026700014969C9114978827EF5BFC468F4F0C941F
:1026800009C149934C936C937E938793909397934E
:102690009E93FB01938387CF95509C3008F083CFA6
:1026A000E92FF0E08827E85AFC468F4F0C9409C1C7
:1026B0006493D392D392649368936493D392649314
:1026C000D39268936893649311968C91119752CF2B
:1026D00016968C9116974ECF9A3031F048F495307B
:1026E00019F0983009F05FCF12968C91129748CF6D
:1026F0009C30D1F3903109F056CFF6CF983019F0D5
:102700009A3009F050CF1B968C911B973FCF983091
:1027100019F09A3009F047CF1C968C911C9741CF45
:102720009A3009F040CF18968C9118974ACF9A307A
:1027300009F039CF19968C91199757CF9A3009F033
:1027400032CF17968C9117975BCF860F971F25E591
:10275000DC012C9380912D0790912E07DC01ED91E7
:10276000FC910280F381E02D19950FB6F8941EBFFD
:102770000FBE0DBFDF91CF911F910F91FF90EF9092
:10278000DF90CF900895CF93DF93CDB7DEB76497F6
:102790000FB6F894DEBF0FBECDBFFE01359620E127
:1027A000DF011D922A95E9F729E029839B838A831B
:1027B0008DE08C8386E0611185E08D836F83CE018F
:1027C00001960E945E9264960FB6F894DEBF0FBE2B
:1027D000CDBFDF91CF910895CF93DF93CDB7DEB713
:1027E00064970FB6F894DEBF0FBECDBFFE013396DF
:1027F00022E1DF011D922A95E9F729E029839B83D5
:102800008A8388E08D837D876C87CE0101960E9444
:102810005E9264960FB6F894DEBF0FBECDBFDF9117
:10282000CF910895CF93DF93CDB7DEB764970FB6FE
:10283000F894DEBF0FBECDBFFE01359620E1DF016B
:102840001D922A95E9F729E029839B838A838DE0ED
:102850008C8381E08D836F83CE0101960E945E920E
:1028600064960FB6F894DEBF0FBECDBFDF91CF9157
:1028700008951F93CF93DF9380912D0790912E079A
:10288000892B09F45BC1CFEFDFEF13E080912D07B7
:1028900090912E07DC01ED91FC910084F185E02DF3
:1028A0001995892B09F44AC180912D0790912E0723
:1028B000DC01ED91FC910284F385E02D1995909156
:1028C0007007911106C0803FA1F581E080937007E9
:1028D000DDCF913031F48A3A11F482E0F7CF80E015
:1028E000F5CF923099F4803F21F08A3A11F0853586
:1028F00029F41092700710927107C8CF8134C8F77D
:1029000081508093710710937007C0CF2091710799
:10291000921778F4E92FF0E0E45DF84F8083803F70
:1029200041F38A3A31F3853521F39F5F9093700725
:10293000ADCF209171079213A9CF8535D1F6E091E3
:102940002F07E158E830A8F6F0E08827E555FB4668
:102950008F4F0C9409C1EA94F9947994C694B39476
:102960000995239528958091300790913107909390
:1029700093078093920781E090913207911101C0F3
:1029800080E08093BC071092BD07B3CF80913207DF
:102990008E3008F0AECF20913007309131072F5F95
:1029A0003F4F90E040913307880F991F41110CC0B1
:1029B000FC01EE58F84F808191812817390709F002
:1029C00098CFD183C08395CF8E58984FFC01318327
:1029D00020838FCF84E1E0E3F7E0AEEBB7E0019036
:1029E0000D928A95E1F71092D20781E08093B907A2
:1029F00080CF8091300780936F078091310790914D
:102A0000320790938F0780938E0781E08093BA07F7
:102A100070CF8091300780936F07209131073091FC
:102A2000320730938F0720938E07993040F08091C2
:102A3000330790913407909391078093900781E03A
:102A40008093BB0756CF809130078093940751CF76
:102A500061E08FE297E00E94838E60939507709308
:102A60009607809397079093980765E08FE297E029
:102A70000E94838E6093990770939A0780939B07B7
:102A800090939C0769E08FE297E00E94838E6093A9
:102A90009D0770939E0780939F079093A0076DE01A
:102AA0008FE297E00E94838E6093A1077093A20744
:102AB0008093A3079093A40761E18FE297E00E94BF
:102AC000838E6093A5077093A6078093A7079093C2
:102AD000A80765E18FE297E00E94838E6093A907C3
:102AE0007093AA078093AB079093AC0769E18FE2DC
:102AF00097E00E94838E6093AD077093AE0780933A
:102B0000AF079093B0076DE18FE297E00E94838E4C
:102B10006093B1077093B2078093B3079093B407A3
:102B200061E28FE297E00E94838E6093B507709315
:102B3000B6078093B7079093B807DBCEDF91CF91AC
:102B40001F910895CF93DF93CDB7DEB764970FB68B
:102B5000F894DEBF0FBECDBF4115510559F40E9458
:102B6000129464960FB6F894DEBF0FBECDBFDF910E
:102B7000CF910895FE01359620E1DF011D922A953F
:102B8000E9F72BE029839B838A838BE18C8381E0A7
:102B90008D836F8388875A874987CE0101960E946B
:102BA0005E92DFCFCF93DF93EC019A01AB01E8890E
:102BB000F98982E08083211581EE380741055105AE
:102BC00081F160E079E08DE390E00E9486C02150C1
:102BD0003109410951095695479537952795EC8557
:102BE000FD851082EE85FF852083188EEC89FD8996
:102BF00086E08083EA89FB89808180618083EA891D
:102C0000FB89808188608083EA89FB898081806874
:102C10008083EA89FB8980818F7D8083DF91CF91DA
:102C20000895E889F989108220E1D9CFFC018081DB
:102C3000811106C08181811103C081E092819111CF
:102C400080E00895982F262F883108F04AC0E82F99
:102C5000F0E08827E15DF9468F4F0C9409C1949606
:102C600071969D969F96979647969A964A964C96F9
:102C70004E9650965296549658965A965C965E96F4
:102C800061966496669668966A966D966F9660E011
:102C90007FEF0CC065E0FCCF6AE0FACF6FE0F8CFC1
:102CA00064E1F6CF60E2F4CF70E86BE2822F089522
:102CB00060E4EECF60E5ECCF60E6EACF7FEF60E660
:102CC000F5CF78E760E7F2CF60E8E2CF61E9E0CFE7
:102CD00060EADECF78EC6AEAE9CF64EBD9CF60EC4A
:102CE000D7CF915064E6953198F6E92FF0E0882728
:102CF000E358F9468F4F0C9409C19296489648962E
:102D0000929648969296489648964896489648963F
:102D100092964896489648969296929648964896E5
:102D20004896929670E0C2CF60E020E0B1CF70E8A4
:102D300064EFBCCF70EC60E0B9CF64E2A9CF64EF80
:102D4000A7CFCF93DF93282F862F90912E0B291793
:102D500028F0642FDF91CF910C9422966E3F79F486
:102D6000E091390BF0913A0B83E0289FE00DF11DC3
:102D70001124608171818281DF91CF910895A5E74F
:102D8000B2E06FEC72E0FD01843618F39081891790
:102D900041F039966E177F07C9F78C918D36F1F4A3
:102DA000FD0131968081918160912F0B7091300BE4
:102DB0000E94E1C0611101C061E08281823009F4AA
:102DC00009C198F4882309F456C0813009F496C0EB
:102DD000642F81E00E942296482F8BC01996EA1733
:102DE000FB07D9F6E6E7F2E0DDCF833009F461C1F5
:102DF000843071F730E0A091330BB091340BA20F07
:102E0000B31F9C9183815481951710F0891708F4A2
:102E10008C93A091310BB091320BA20FB31F5C9138
:102E2000852F0E94C7C0911170C1A091330BB09142
:102E3000340BA20FB31F8C9181508C93A091330B54
:102E4000B091340BA20FB31F9C918481981710F49A
:102E500083818C93E091310BF091320BE20FF31FE1
:102E600081E080838091330B9091340B280F391FC0
:102E7000F90160813DC030E0A091330BB091340B7B
:102E8000A20FB31F9C918381981719F05481951359
:102E90008C93A091310BB091320BA20FB31F5C91B8
:102EA000852F0E94C7C0911126C0A091330BB0910D
:102EB000340BA20FB31F83819C91981301C08481AE
:102EC0008C93A091310BB091320BA20FB31F81E014
:102ED0008C938091330B9091340B280F391FD901BB
:102EE0006C918781882321F08481861301C04695E7
:102EF0007FEF842F41CF5F5F5C93EBCF30E0A091F9
:102F0000350BB091360BA20FB31F8C91811115C0F8
:102F100083818C939481838145E050E0891710F080
:102F20004BEF5FEFA091370BB091380BC901880FC1
:102F3000991FA80FB91F4D935C93A091310BB091CD
:102F4000320BA20FB31F4C91842F0E94C7C0911166
:102F50003EC0C091350BD091360BC20FD31FA0914C
:102F6000370BB091380BC901880F991FA80FB91FF3
:102F700088814D915C911197840F952F911D44810B
:102F800050E04817590734F48BEF9FEF11969C934C
:102F90008E93CA01438150E0841795072CF485E095
:102FA00090E08D939C93CA018883A091310BB091DE
:102FB000320BA20FB31F81E08C9365818091350B9A
:102FC0009091360B280F391FF901408191CF4F5F47
:102FD0004C93F3CF30E0A091330BB091340BA20FA0
:102FE000B31F9C918381981718F05481591770F47E
:102FF0008C93A091370BB091380BC901880F991FA2
:10300000A80FB91F81E090E08D939C93A091310BA4
:10301000B091320BA20FB31F5C91852F0E94C7C0E5
:10302000911144C0A091330BB091340BA20FB31F88
:10303000C901880F991FC091370BD091380BC80F69
:10304000D91F5C916881560F5C93A091330BB091AE
:10305000340BA20FB31F5C9164815617D8F0E09136
:10306000370BF091380BE80FF91F8FEF9FEF91832B
:103070008083E091310BF091320BE20FF31F81E07E
:1030800080838091330B9091340B280F391FD90125
:103090006C912ECF6381651760F3E091370BF0914F
:1030A000380BE80FF91F81E090E0E1CF5F5F5C93A0
:1030B000E8CF30E0A091310BB091320BA20FB31FDB
:1030C0005C91852F0E94C7C091111CC0A091330B49
:1030D000B091340BA20FB31F8C919481890F8C9304
:1030E000A091310BB091320BA20FB31F81E08C93F2
:1030F0008091330B9091340B280F391FD9016C91BB
:103100007681F7CE5F5F5C93F3CF5F5F5C93AACE6F
:103110004F925F926F927F928F929F92AF92BF92E7
:10312000CF92DF92EF92FF920F931F93CF93DF9393
:1031300000D01F921F92CDB7DEB72091E0032D8300
:103140004B015C0104C0B694A794979487942A9588
:10315000D2F74090E4035090E5036090E60370904E
:10316000E7036B017C01C420D520E620F720809185
:10317000E8039091E903A091EA03B091EB038983FE
:103180009A83AB83BC83F0E0E0E029813A814B81F4
:103190005C81282539254A255B2565EB77E782E99F
:1031A0009CE20E94B7C0DC01CB018B5F944BA94A23
:1031B000B3458C019D014CE13695279517950795F0
:1031C0004A95D1F70C5F1F4F9C01AD0104C0569585
:1031D0004795379527950A95D2F7282739274A2703
:1031E0005B2769ED72EF8EE890E10E94B7C08B011A
:1031F0009C0156E136952795179507955A95D1F775
:10320000DC01CB0180279127A227B32784219521B8
:10321000A621B7218C259D25AE25BF2531967501A8
:103220006401E430F10521F50D8004C0880F991F79
:10323000AA1FBB1F0A94D2F7BC01CD0168297929C6
:103240008A299B290F900F900F900F900F90DF917C
:10325000CF911F910F91FF90EF90DF90CF90BF9093
:10326000AF909F908F907F906F905F904F90089558
:103270004C015D018ACF4F925F926F927F928F9245
:103280009F92AF92BF92CF92DF92EF92FF920F93F5
:103290001F93CF93DF9300D01F921F92CDB7DEB75D
:1032A0002091E0032D834B015C0104C0B694A794E8
:1032B000979487942A95D2F74090E4035090E503C1
:1032C0006090E6037090E7036B017C01C420D52079
:1032D000E620F7208091E8039091E903A091EA03AA
:1032E000B091EB0389839A83AB83BC83F0E0E0E089
:1032F00029813A814B815C812C253D254E255F2516
:1033000065EB77E782E99CE20E94B7C0DC01CB0164
:103310008B5F944BA94AB3458C019D014CE13695D6
:103320002795179507954A95D1F70C5F1F4F9C017C
:10333000AD0104C056954795379527950A95D2F764
:10334000282739274A275B2769ED72EF8EE890E13D
:103350000E94B7C08B019C0156E1369527951795C1
:1033600007955A95D1F7DC01CB0180279127A22739
:10337000B32784219521A621B721BC01CD01682561
:1033800079258A259B25319646015701E430F105C0
:1033900011F50D8004C0CC0CDD1CEE1CFF1C0A9442
:1033A000D2F76C297D298E299F290F900F900F90BD
:1033B0000F900F90DF91CF911F910F91FF90EF90A1
:1033C000DF90CF90BF90AF909F908F907F906F9045
:1033D0005F904F9008956B017C018ACFCF93DF936C
:1033E000CDB7DEB764970FB6F894DEBF0FBECDBF82
:1033F000FE01359620E1DF011D922A95E9F728E0CC
:1034000029839B838A8383E08C8384E08D83CE0130
:1034100001960E945E9264960FB6F894DEBF0FBECE
:10342000CDBFDF91CF910895CF92DF92EF92FF92BF
:103430000F931F93CF93DF93CDB7DEB764970FB68B
:10344000F894DEBF0FBECDBF2091DE033091DF03C5
:103450002230310589F5042F14160CF400E00A3BE4
:103460000CF40AEB7B016C01002E000C110BB8016F
:103470000E94EC93B801C7010E94EC9380E1FE0129
:103480003596DF01982F1D929A95E9F78983DB82A3
:10349000CA828AE18C8381E08D838F8388878B87C2
:1034A0008F87FD86EC868E8785E090E0998B888BF0
:1034B000CE0101960E945E9264960FB6F894DEBF2C
:1034C0000FBECDBFDF91CF911F910F91FF90EF9075
:1034D000DF90CF9008950F931F93CF93DF93CDB7D5
:1034E000DEB764970FB6F894DEBF0FBECDBF209154
:1034F000DE033091DF032230310571F52091DC03CA
:103500003091DD032D36310538F116160CF460E0EC
:103510006A3B0CF46AEB8C01062E000C770B86E4F8
:1035200091E00E94EC93FE0135968EE0DF011D9242
:103530008A95E9F78AE0898386E491E09B838A8310
:1035400083E08C8388E08D8381E08A8B1C8B0B8BDE
:10355000CE0101960E945E9264960FB6F894DEBF8B
:103560000FBECDBFDF91CF911F910F910895CF93E3
:10357000DF93CDB7DEB764970FB6F894DEBF0FBE0A
:10358000CDBFFE01339622E1DF011D922A95E9F7B6
:1035900027E029839B838A8385E08D83CE01019672
:1035A0000E945E9264960FB6F894DEBF0FBECDBF48
:1035B000DF91CF910895CF93DF93CDB7DEB76497B6
:1035C0000FB6F894DEBF0FBECDBFFE01319694E179
:1035D000DF011D929A95E9F795E0998381110EC05C
:1035E00085E18D83CF010E945E9264960FB6F894B8
:1035F000DEBF0FBECDBFDF91CF91089584E1F1CF43
:103600008CEE93E00E942E90ECEEF3E0A289B38959
:103610008C918F7E8C93A289B3898C91877F8C93B8
:10362000A289B3898C918F778C93A289B3898C916D
:103630008F7D8C93828D818F0895CF93DF93CDB74B
:10364000DEB764970FB6F894DEBF0FBECDBFCE01D4
:10365000019624E1FC0111922A95E9F725E02983DE
:1036600024E02D830E945E9264960FB6F894DEBF2C
:103670000FBECDBFDF91CF910895EF92FF920F93D0
:103680001F93CF93DF93CDB7DEB761970FB6F89452
:10369000DEBF0FBECDBF8C01CB01F80111821082BD
:1036A00013821282158214824AE09E012F5F3F4FDF
:1036B0007901B9010E94F0BEF70101900020E9F7FD
:1036C0003197AF014E195F09B701C8010E943D92C1
:1036D00061960FB6F894DEBF0FBECDBFDF91CF91DC
:1036E0001F910F91FF90EF900895CF939091DB037E
:1036F000992391F09091DA03992371F0C82F81E01A
:1037000090E00E94CF7C40E0C11142E02FEF62E0E8
:1037100070E0CF910C94357B882339F080910201C1
:10372000806480930201CF910895809102018F7B84
:10373000F8CFCF939091DB03992391F09091D90327
:10374000992371F0C82F81E090E00E94CF7C40E087
:10375000C1114BE02FEF63E070E0CF910C94357B0B
:10376000882319F0119ACF9108951198FCCF87FD05
:103770001AC0E82FE695E695E695F0E0E155F74F9B
:10378000282F277081E090E0A0E0B0E004C0880F0F
:10379000991FAA1FBB1F2A95D2F780959081892374
:1037A000808380E0089581E0089587FD19C0E82FA7
:1037B000E695E695E695F0E0E155F74F282F27705E
:1037C00081E090E0A0E0B0E004C0880F991FAA1F3C
:1037D000BB1F2A95D2F72081822B808380E0089539
:1037E00081E0089587FD13C0E82FE695E695E695FC
:1037F000F0E0E155F74F208130E08770A90102C069
:10380000559547958A95E2F7CA018170089580E041
:10381000089581E08093490B8091410B813011F430
:1038200080934A0B08959091410B923011F48111CD
:1038300015C09091490B992311F081110FC081504F
:10384000873070F4E82FF0E0E359FD4F8081882342
:1038500039F09091460B982381E019F480E00895A7
:1038600081E00895CF93DF93D091440BD81761F096
:10387000C82F0E94139C882321F0D093450BC0933E
:10388000440BDF91CF91089580E0FBCF80914A0BEC
:103890009091490B981791F0811108C081E08093B5
:1038A000410B1092490B10924A0B0895813011F48C
:1038B0000C94099C833091F78093490B08958230D2
:1038C00020F0823049F080E0089581E08093410B40
:1038D0000E94469C81E008958093410B81E0809393
:1038E000420B1092440B9091490B9111F3CF8093AE
:1038F000490B0895FF920F931F93CF93DF931F926D
:10390000CDB7DEB78C01F62EDC018D919C918F3FF7
:10391000910508F46BC08FEF8093F30604EE14E07A
:10392000F80180E091919E3709F05BC08093F30627
:103930006CE672E084EE94E00E94948E4091A80DB3
:103940005091A90D22EE35E080E0D801ED918D0176
:10395000E827E40FF52FF11D80812A173B07A9F70F
:10396000F092E1069091F3069093E2069EEF909319
:10397000E3068093E4061EEF8091FF069091000716
:10398000DC01ED91FC910280F381E02D44E050E0F8
:1039900060EE76E019958091FF0690910007412F27
:1039A00050E0DC01ED91FC910280F381E02D64EEAA
:1039B00074E019958091FF0690910007DC01ED916C
:1039C000FC910280F381E02D42E050E064EE76E06D
:1039D0001995812F0F90DF91CF911F910F91FF903B
:1039E00008958F5F8E3F09F09DCFA2CF982F8FEF64
:1039F0008093F306E4EEF4E080E0891728F4219147
:103A00002E3721F58093F306F80180818983BE016A
:103A10006F5F7F4F84EE94E00E94948ED8012D91C9
:103A20003C914091A80D5091A90DA4EEB4E080E026
:103A30003327BD01645E74406217730748F4ED914B
:103A4000E827E40FF52FF11D8081F3CF8F5FD5CFED
:103A5000F092E1069091F3069093E206F8019081CE
:103A60009093E3068093E406108186CF8091FF0651
:103A700090910007DC01ED91FC910084F185E02D2F
:103A80001995892B61F08091FF0690910007DC0168
:103A9000ED91FC910284F385E02D1995E7CF0E940A
:103AA000EA918091E7068093FE060895CF93DF9315
:103AB000282F30E0F901EE5BF44F8491F901EC54CA
:103AC000F44FD491F901EC5EF34FC491CC23A1F0F3
:103AD00081110E94B58EEC2FF0E0EE0FFF1FE85D24
:103AE000F44FA591B491EC91ED2381E090E009F4BD
:103AF00080E0DF91CF91089580E090E0FACF1F93AE
:103B0000CF93DF93282F30E0F901EE5BF44F8491DF
:103B1000F901EC54F44FD491F901EC5EF34FC491E8
:103B2000CC23A9F0162F81110E94B58EEC2FF0E066
:103B3000EE0FFF1FE650F44FA591B4918FB7F894A4
:103B4000EC91111108C0D095DE23DC938FBFDF917B
:103B5000CF911F910895DE2BF8CF10920E0C81E0CB
:103B600080930D0C1092E80B61E084E10E947F9D30
:103B700061E085E10E947F9DE9EBF0E080818E7F2E
:103B8000808380818D7F808388E48093B80085E482
:103B90008093BC000895CF93DF9391E09093950BB1
:103BA0008823B9F0C091B800D091BA008091BC00D0
:103BB0008A7B8093BC0060E084E10E947F9D60E08E
:103BC00085E10E947F9D0E94AD9DD093BA00C09375
:103BD000B800DF91CF91089585ED8093BC0080916E
:103BE000100C9091110CA091120CB091130C07962F
:103BF000A11DB11D23E0B695A795979587952A95A8
:103C0000D1F72091BC0024FD03C010920E0C089542
:103C10004091100C5091110C6091120C7091130C8A
:103C2000452B462B472B69F30097A105B10541F0C1
:103C30002AE22A95F1F700C00197A109B109E1CF65
:103C400080910F0C0C94CB9DCF93DF9390E0FC01FF
:103C5000EC54F44F24918C5E934FFC0184918823A3
:103C6000C9F090E0880F991FFC01E25FF44FA59125
:103C7000B491FC01E650F44FC591D49161110DC08F
:103C80009FB7F8948C91209582238C938881282368
:103C900028839FBFDF91CF910895623051F49FB781
:103CA000F8943C91822F809583238C93E8812E2B6E
:103CB000EFCF8FB7F894EC912E2B2C938FBFEACFD8
:103CC000CF93DF93FC0180819181C2E0DBE0813002
:103CD000910511F0C8E1DBE020912E0B821748F42A
:103CE00020913B0B30913C0B820F932F911DFC01D7
:103CF00010828E819F8197FD2BC061E00E94249EDF
:103D000060E08E810E947F9D81E089832885222347
:103D100029F12150F9F030E050E040E06FEF7FEF03
:103D200080E090E00E9454C049855A85FA016C8178
:103D30007D81CF01841B950B8617970770F46081F6
:103D4000629FC001639F900D112490833196EFCF45
:103D50001982DCCF30E020E0E7CF18864C815D810E
:103D600070E060E089859A850E948CC6CE01DF9163
:103D7000CF910C9462061F93CF93DF93182FEB0122
:103D800061E00E94249E209739F460E0812FDF914A
:103D9000CF911F910C947F9DCF3FD10511F461E02D
:103DA000F5CFE12FF0E0EE5BF44FE491E150E2312A
:103DB00008F0B3C0F0E08827EF51F1468F4F0C9424
:103DC00009C1F39EFB9E009F0A9F149F8D9F1E9F1B
:103DD000269F2E9F389F429F4C9F5B9F659F8D9F84
:103DE0006F9F799F839F84B5806884BDC7BDDF9135
:103DF000CF911F91089584B5806284BDC8BDF7CF6F
:103E000080918000806880938000D0938900C09367
:103E10008800EDCF80918000806280938000D093F5
:103E20008B00C0938A00E3CF8091800088608093EC
:103E30008000D0938D00C0938C00D9CF8091B000CA
:103E400080688093B000C093B300D1CF8091B00060
:103E500080628093B000C093B400C9CF809190007D
:103E6000806880939000D0939900C0939800BFCF52
:103E700080919000806280939000D0939B00C093CB
:103E80009A00B5CF80919000886080939000D09385
:103E90009D00C0939C00ABCF8091A0008068809370
:103EA000A0008091A0008F7B8093A000D093A900F8
:103EB000C093A8009CCF8091A00080628093A00056
:103EC000D093AB00C093AA0092CF8091A0008860ED
:103ED0008093A000D093AD00C093AC0088CF8091B8
:103EE0002001806880932001D0932901C09328018C
:103EF0007ECF80912001806280932001D0932B019E
:103F0000C0932A0174CF80912001886080932001A2
:103F1000D0932D01C0932C016ACFC038D1050CF08D
:103F20003ECF33CF3FB7F8948091E40B9091E50BEF
:103F3000A091E60BB091E70B26B5A89B05C02F3FDB
:103F400019F00196A11DB11D3FBFBA2FA92F982FBF
:103F50008827BC01CD01620F711D811D911D42E0BA
:103F6000660F771F881F991F4A95D1F708958F9282
:103F70009F92AF92BF92CF92DF92EF92FF920F93F8
:103F80001F93CF93DF93D091370CD13208F0D7C075
:103F9000182FC091360C0E94929F6B017C0180917A
:103FA0000E0C81116BC082E080930E0C10930D0CEF
:103FB0008FEF80930C0C10920B0CD0930A0CA6E19F
:103FC000BCE0EAEEFBE080E0D81391C01092E90B70
:103FD0008091E90BCC0FC82BC093E90B8091E80BC3
:103FE000813009F088C01092E80B0E94929F6B010B
:103FF0007C018091E90B8093BB008091100C909123
:10400000110CA091120CB091130C892B8A2B8B2BC5
:10401000A1F00E94929F0091100C1091110C209120
:10402000120C3091130C6C197D098E099F0906172B
:1040300017072807390708F442C08091BC0083FDA8
:10404000D8CF85EC8093BC000E94929F6B017C01CD
:1040500080910E0C823009F450C080910C0C8F3F7F
:1040600009F46FC080910C0C803209F46CC080910F
:104070000C0C803309F469C084E026C08091100CD8
:104080009091110CA091120CB091130C892B8A2BDA
:104090008B2B09F484CF0E94929F8090100C9090FB
:1040A000110CA090120CB090130C6C197D098E09A4
:1040B0009F0986169706A806B90608F070CF80916A
:1040C0000F0C0E94CB9D85E01092150C1092370CBE
:1040D0001092140CDF91CF911F910F91FF90EF90F0
:1040E000DF90CF90BF90AF909F908F9008959D915B
:1040F00091938F5F69CF85EEA5CF8091100C909141
:10410000110CA091120CB091130C892B8A2B8B2BC4
:1041100009F49ECF0E94929F0091100C1091110CF7
:104120002091120C3091130C6C197D098E099F0996
:10413000061717072807390708F08ACFC0CF81E094
:10414000C3CF80E0C1CF82E0BFCF83E0BDCF0F936C
:104150001F93CF93DF938C018091C50891E09093DA
:10416000140C8093360C1092150C1092370C60E0F2
:104170008AEA9DE00E94F590E801005F1F4F699177
:104180008AEA9DE00E94F5900C171D07C1F781E0B7
:10419000DF91CF911F910F910C94B79FEFEAF8E058
:1041A00080E1DF011D928A95E9F7CF010C94A7A069
:1041B0008FEA98E00C94A7A00E94B79B811102C0DF
:1041C0000C94D8A008950E94D59B811102C00C9434
:1041D000D8A008959091C50821E02093140C9093E5
:1041E000360C1092150C1092370C682F8AEA9DE05D
:1041F0000E94F59081E00C94B79F8F929F92AF92AE
:10420000BF92CF92DF92EF92FF920E94929F4B015A
:104210005C018AE0C82ED12CE12CF12C0E94929FE7
:10422000681979098A099B09683E734081059105DF
:10423000A8F321E0C21AD108E108F10888EE880E3F
:1042400083E0981EA11CB11CC114D104E104F10447
:1042500029F7FF90EF90DF90CF90BF90AF909F90A5
:104260008F9008952FB7F8946091E00B7091E10B57
:104270008091E20B9091E30B2FBF0895CF92DF92D4
:10428000EF92FF926A017B019091CF0A9093D00A3E
:104290008093D10A3093D70A2093D60AC092C50AD8
:1042A000D092C60AE092C70AF092C80A0E9432A1D0
:1042B0006093C90A7093CA0A8093CB0A9093CC0A80
:1042C000CD28CE28CF2821F48091D10A8093CF0A1F
:1042D0001092C10A1092C20A1092C30A1092C40A24
:1042E0001092D90A1092D80A1092D50A1092D40AC4
:1042F0001092D30A8091CF0AFF90EF90DF90CF9079
:104300000895CF93DF93C1ECDAE09E859F87888B79
:104310001E8A1D8A1C821D821E821F820E9432A15B
:10432000688779878A879B8788898E871882198210
:104330001A821B82188E1F8A1C8A1B8A1A8ADF9196
:10434000CF910895CF92DF92EF92FF920F931F9338
:10435000CF93DF93EC017B018091F5069091F606F7
:10436000A091F706B091F806892B8A2B8B2B41F48C
:10437000D7018C9181113EC01092E60681E065C0A4
:104380000E9432A10091F5061091F6062091F706E1
:104390003091F806601B710B820B930B0091F906AC
:1043A0001091FA062091FB063091FC066017710708
:1043B00082079307E8F28091EF06882341F061E0DD
:1043C00073E08091ED069091EE060E94829110922A
:1043D000E6061092E9061092E8068DEF8093E70654
:1043E0001092F5061092F6061092F7061092F80653
:1043F00080E0E6C0E091E806F091E906E730F105DB
:1044000008F020C18827E85FFD458F4F0C9409C153
:104410000FA228A232A238A258A26CA2A0A2888120
:104420008E3781F481E090E09093E9068093E8066E
:104430000E9432A16093F5067093F6068093F7060A
:104440009093F8061092E60683E08093E706D0CFBB
:1044500088818093F20682E090E09093E906809351
:10446000E806F0CF88818093F40683E090E0F5CFF2
:1044700088819FEF980F9E3F38F48093F00610924A
:10448000F10684E090E0E9CF1092E6061092E9068A
:104490001092E8068FEF8093E7068091EF0665E1C2
:1044A00073E0811146C00E94EA918091E60688C0BF
:1044B0008091F1069091F006891720F62881E82F67
:1044C000F0E0EE51FA4F20838F5F8093F10698134E
:1044D000B9CF85E090E0C1CF4091F0066091A80D82
:1044E0007091A90DA2EEB5E030E020E080E050E050
:1044F0002417350748F4ED91E827E60FF72FF11D53
:1045000080812F5F3F4FF4CF9881981303C086E0DE
:1045100090E0A3CF1092E6061092E9061092E8060A
:104520001092E7068091EF066AE273E0882309F4AF
:10453000BACF8091ED069091EE060E948291B3CFA2
:104540001092E9061092E8068881813809F06DC062
:104550008091F4068F3F69F02EE7E82FF0E0EE51EE
:10456000FA4F9081992319F02083890FF6CF8EE7B7
:1045700080838091F0068093E60682E08093E706D0
:104580002091EA063091EB062115310579F08091F2
:10459000F2069091EC068917E0F490E0880F991FDD
:1045A000820F931FDC01ED91FC9119951092F50695
:1045B0001092F6061092F7061092F8068091F00617
:1045C000DF91CF911F910F91FF90EF90DF90CF90EF
:1045D00008958091EF06882349F3E090ED06F0906E
:1045E000EE06C8E8DBE0FE016491662359F0D701CE
:1045F000ED91FC910190F081E02DC7011995219674
:10460000892B89F7C091ED06D091EE064091F20614
:1046100050E070E060E02AE0CE010E9436916EEF3B
:1046200072E0CE010E942791C1CF1092E6068EEF74
:104630008093E7068091EF06882309F434CF6BE37B
:1046400073E077CF8091EF06882389F162E573E00C
:104650008091ED069091EE060E942791C091ED06A3
:10466000D091EE06C090E806D090E9060D2C000C23
:10467000EE08FF082AE0B701A601F7FE10C0E881A6
:10468000F9810190F081E02D6DE2CE01199544276A
:104690005527BA014C195D096E097F092AE0CE0140
:1046A0000E9436916EEF72E0CE010E9427910E9427
:1046B000EA911092E9061092E806C4CE1F920F927A
:1046C0000FB60F9211242F933F938F939F93AF9325
:1046D000BF938091E00B9091E10BA091E20BB09120
:1046E000E30B3091DF0B23E0230F2D3758F50196B4
:1046F000A11DB11D2093DF0B8093E00B9093E10B84
:10470000A093E20BB093E30B8091E40B9091E50B47
:10471000A091E60BB091E70B0196A11DB11D80930E
:10472000E40B9093E50BA093E60BB093E70BBF91DE
:10473000AF919F918F913F912F910F900FBE0F904E
:104740001F90189526E8230F0296A11DB11DD2CF08
:10475000EF92FF920F931F93CF93DF93EC01FB0136
:10476000E080F180E114F10411F10481158101155B
:104770001105A9F08C819D81080F191FB801CE0188
:104780000E941592882399F0288139818C819D811E
:10479000B701820F931F0E9493C61D830C83CE0125
:1047A000DF91CF911F910F91FF90EF900895CE016F
:1047B0000E940392F4CFFC0180819181009711F057
:1047C0000C9419C50895EF92FF920F931F93CF9306
:1047D000DF93EC018B01198218821B821A821D82E1
:1047E0001C82CB010E94E7BE7C01BC01CE010E946D
:1047F0001592811109C0CE01DF91CF911F910F91C8
:10480000FF90EF900C940392FD82EC82B8018881B6
:104810009981DF91CF911F910F91FF90EF900C94B0
:10482000E0BEFB01DC0111961C921E9213961C92B5
:104830001E92129715961C921E9214978617970730
:1048400049F0608171816115710521F044815581C4
:104850000C943D920895CF92DF92EF92FF926B01FC
:104860007C01C114D104E104F10441F00E9488BE2E
:10487000A70196010E9454C06B017C01C701B601DB
:10488000FF90EF90DF90CF900895CF92DF92EF925C
:10489000FF926B017C01C216D306E406F50664F4B0
:1048A000CA01B9016C197D098E099F090E942BA4C8
:1048B000C60ED71EE81EF91EC701B601FF90EF9085
:1048C000DF90CF9008951F920F920FB60F92112490
:1048D0000BB60F922F933F934F935F936F937F93FA
:1048E0008F939F93AF93BF93EF93FF938CEE93E0DF
:1048F0000E94BF8FFF91EF91BF91AF919F918F91D8
:104900007F916F915F914F913F912F910F900BBECF
:104910000F900FBE0F901F9018951F920F920FB619
:104920000F9211240BB60F922F933F934F935F93E7
:104930006F937F938F939F93AF93BF93EF93FF9367
:104940008CEE93E00E944B8FFF91EF91BF91AF915E
:104950009F918F917F916F915F914F913F912F9197
:104960000F900BBE0F900FBE0F901F9018951F92C7
:104970000F920FB60F9211240BB60F922F933F9305
:104980004F935F936F937F938F939F93AF93BF9357
:10499000EF93FF9388E39CE00E94BF8FFF91EF911C
:1049A000BF91AF919F918F917F916F915F914F9147
:1049B0003F912F910F900BBE0F900FBE0F901F9045
:1049C00018951F920F920FB60F9211240BB60F92EB
:1049D0002F933F934F935F936F937F938F939F9307
:1049E000AF93BF93EF93FF9388E39CE00E944B8FBC
:1049F000FF91EF91BF91AF919F918F917F916F91B7
:104A00005F914F913F912F910F900BBE0F900FBE72
:104A10000F901F9018951F920F920FB60F921124AE
:104A20000BB60F922F933F934F935F936F937F93A8
:104A30008F939F93AF93BF93EF93FF9385ED9CE08C
:104A40000E94BF8FFF91EF91BF91AF919F918F9186
:104A50007F916F915F914F913F912F910F900BBE7E
:104A60000F900FBE0F901F9018951F920F920FB6C8
:104A70000F9211240BB60F922F933F934F935F9396
:104A80006F937F938F939F93AF93BF93EF93FF9316
:104A900085ED9CE00E944B8FFF91EF91BF91AF910C
:104AA0009F918F917F916F915F914F913F912F9146
:104AB0000F900BBE0F900FBE0F901F901895CF92C6
:104AC000DF92EF92FF920F931F93CF93DF93FC013E
:104AD00041812281622F822F442309F45EC03081FC
:104AE000832F6BE20E94C7C0182F55ED5103B00110
:104AF0001124630F711D362F330F360F330FC22F62
:104B0000D0E0042F10E0EFEFF0E0BF01601B710B6D
:104B10006C9FD0016D9FB00D7C9FB00D11249B2F19
:104B2000439FA0011124452F550F550BBF01641B56
:104B3000750B6C9FA0016D9F500D7C9F500D112433
:104B4000652F6F01C31AD108C09E7001C19EF00C81
:104B5000D09EF00C1124EF2CFF0CFF08EE19FF097A
:104B6000EC9F8001ED9F100DFC9F100D11248230F1
:104B7000F1F040F4882371F0813071F0622F2B2F17
:104B8000952F0AC08330B1F08430C1F7922F2B2FBC
:104B9000612F02C0622F212F892F722FDF91CF91B9
:104BA0001F910F91FF90EF90DF90CF9008956B2FA2
:104BB000912FF2CF6B2F922F252FEECFFC01633078
:104BC000B9F040F4613069F0623071F06081718158
:104BD00082810895643081F06530C1F7628171810E
:104BE00005C061817081F4CF6181728180810895F7
:104BF000608172818181089562817081FBCF0F9302
:104C00001F93CF93DF93DC01EB014D915D916D918B
:104C10007C911397E881E427EF7084E0E89FF0012E
:104C20001124E253F54F059115912591349184E0BB
:104C300076956795579547958A95D1F740275127DF
:104C4000622773274D935D936D937C931397E8814F
:104C5000E295EF70E427EF7084E0E89FF001112403
:104C6000E253F54F059115912591349194E0769595
:104C70006795579547959A95D1F740275127622711
:104C800073274D935D936D937C931397DF91CF9131
:104C90001F910F9108958F929F92AF92BF92CF92E2
:104CA000DF92EF92FF92CF93DF936B017C01EA01D9
:104CB00020E030E0A9010E941ABF882309F469C1ED
:104CC00020E030E040E85FE3C701B6010E941ABF70
:104CD000882309F45EC1FE013297EE31F10508F038
:104CE00058C18827E958F9458F4F0C9409C195A6FA
:104CF0009AA6B1A6C0A6D2A6E1A6E3A6E8A6F5A606
:104D0000F7A6FCA609A70BA716A72AA741A756A78F
:104D100065A7ADA7D6A7F6A734A86AA897A807A93C
:104D200022A941A993A9A0A914AAA7019601C70184
:104D3000B601A4C0A701960160E070E080E89FE39F
:104D40000E9438C19B01AC010E9480BF9B01AC0155
:104D500060E070E080E89FE30E9438C16B017C0155
:104D600018C142E0C701B601DF91CF91FF90EF90EB
:104D7000DF90CF90BF90AF909F908F900C949691C2
:104D800020E030E040E450E4C701B601DF91CF916C
:104D9000FF90EF90DF90CF90BF90AF909F908F905B
:104DA0000C948FC2A701960160E070E080E89FE359
:104DB0000E9438C120E030E040E450E40E948FC2FD
:104DC000C5CF43E0CFCF20E030E040E850E4DCCF77
:104DD000A701960160E070E080E89FE30E9438C17F
:104DE00020E030E040E850E4E9CF44E0BBCF20E0F1
:104DF00030E040EA50E4C8CFA701960160E070E0DF
:104E000080E89FE30E9438C120E030E040EA50E4AF
:104E1000D5CF45E0A7CF2BED3FE049EC5FE3C701DD
:104E2000B6010E9480BF0E94A5C190CF2BED3FE04C
:104E300049EC5FE3C701B6010E9480BFDF91CF91CB
:104E4000FF90EF90DF90CF90BF90AF909F908F90AA
:104E50000C94DFC22BED3FE049E450E4C701B601FA
:104E60000E9480BF0E94A5C120E030E040E85FE3DF
:104E70000E9438C120E030E040E05FEB0E9480BF3C
:104E80006DCF20E030E040E85FE3C701B6010E944B
:104E900038C120E030E040E251E40E9480BF9B0135
:104EA000AC0160E070E080E090E470CF20E030E0A2
:104EB00040E251ECC701B6010E9480BF9B01AC01EA
:104EC00060E070E080E090E479CFA7019601C7012F
:104ED000B6010E9439C14B015C0120E030E040E89E
:104EE0005FE30E9438C16B017C0120E030E040E8C4
:104EF0005FE3C501B4010E941ABF87FF15C020E01F
:104F000030E040E251E4C701B6010E9480BF9B013E
:104F1000AC0160E070E080E090E40E948FC220E08D
:104F200030E040E05FE3AACF20E030E040E251EC27
:104F3000C701B6010E9480BF9B01AC0160E070E038
:104F400080E090E40E948FC29B01AC0160E070E0C1
:104F500080E090E40E9438C1E2CFA7019601C7012A
:104F6000B6010E9480BF9B01AC0160E070E080E868
:104F70009FE30E9438C10E94EDC220E030E040E88B
:104F80005FE30E9438C16B017C01F7FAF094F7F8F7
:104F9000F094C701B601DF91CF91FF90EF90DF90C1
:104FA000CF90BF90AF909F908F90089520E030E019
:104FB00040E85FE3C701B6010E9438C19B01AC0124
:104FC0000E9480BF9B01AC0160E070E080E89FE33D
:104FD0000E9438C1DF91CF91FF90EF90DF90CF908A
:104FE000BF90AF909F908F900C94EDC2A701960157
:104FF000C701B6010E9439C16B017C0120E030E09D
:1050000040E85FE30E941ABF87FF11C0A701960125
:10501000C701B6010E9480BF9B01AC0160E070E057
:1050200080E89FE30E9438C10E94EDC21DCF20E0BE
:1050300030E040E050E4C701B6010E9438C19B0156
:10504000AC010E9480BF9B01AC0160E070E080E891
:105050009FE30E9438C10E94EDC220E030E040E8AA
:105060005FE30E9439C15BCF20E030E040E85FE3BE
:10507000C701B6010E9438C14B015C0120E030E05D
:1050800040E251E40E9480BF9B01AC0160E070E00F
:1050900080E090E40E948FC26B017C0127E636E637
:1050A00046EE5DE3C501B4010E9438C12BED3FE03F
:1050B00049EC50E40E9480BF27E636E646EE5EE308
:1050C0000E94AAC10E94DFC29B01AC01C701B601C8
:1050D0009058D4CE20E030E040E251ECC701B60158
:1050E0000E9480BF9B01AC0160E070E080E090E432
:1050F0000E948FC24B015C012AE939E949E95DE36D
:10510000C701B6010E9438C12BED3FE049EC50E4E5
:105110000E9480BF2AE939E949E95EE30E94AAC1F9
:105120000E94DFC29B01AC01C501B40167C0A701A9
:105130009601C701B6010E9439C120E030E040E885
:105140005FE30E9438C16B017C0127E636E646EE3C
:105150005DE30E9438C12BED3FE049EC50E40E9432
:1051600080BF27E636E646EE5EE30E94AAC10E94B3
:10517000DFC24B015C0120E030E040E85FE3C701A3
:10518000B6010E9439C120E030E040E85FE30E94B0
:105190001ABF87FF19C020E030E040E251E4C701A8
:1051A000B6010E9480BF9B01AC0160E070E080E02E
:1051B00090E40E948FC220E030E040E05FEB0E946C
:1051C00080BFA50194015ACE20E030E040E251ECCE
:1051D000C701B6010E9480BF9B01AC0160E070E096
:1051E00080E090E40E948FC29B01AC01C501B40134
:1051F0000E9480BF20E030E040E05FE30E9480BF7B
:1052000020E030E040E85FE30E9439C1A7CD20EB09
:1052100036EE4CE250E4C701B6010E9480BF20E6A2
:105220003DEC49ED5FE30E9438C14B015C01A701F1
:105230009601C701B6010E9480BF9B01AC01C50168
:10524000B4011CCE20E030E040E85FE3C701B601C6
:105250000E9438C16B017C0120EB36EE4CE250E439
:105260000E9480BF20E63DEC49ED5FE30E9439C11A
:105270004B015C01A7019601C701B6010E9480BFE6
:1052800051CFA7019601C701B6010E9439C16B0138
:105290007C0120E030E040E85FE30E941ABF87FF16
:1052A0001DC020E030E040E05FE3C701B6010E948E
:1052B00080BFA70196010E9480BF4B015C012FEFC8
:1052C00032E146E650E4C701B6010E9480BF2FEFED
:1052D00032E146E250E40E9438C1AFCF20E030E036
:1052E00040E050E4C701B6010E9438C16B017C0167
:1052F00020E030E040E05FE30E9480BFA70196011C
:105300000E9480BF4B015C012FEF32E146E650E482
:10531000C701B6010E9480BF2FEF32E146E250E4A0
:105320000E9439C1FFCEA701960160E070E080E8DD
:105330009FE30E9438C14EE150E00E944BA606CD8B
:105340002CE83EE24AEB5EE3C701B6010E941ABFB9
:1053500087FF0BC020E030E042EF50E4C701B60108
:105360000E9480BF9B01AC01E2CC2CE83EE24AE304
:105370005FE3C701B6010E941ABF87FF19C029EE7B
:1053800032EA4BE05FE3C701B6010E9438C16B010E
:105390007C0120E030E042EF50E40E9480BFA70192
:1053A00096010E9480BF20E030E040E45FE32CCF14
:1053B0002FE23AEB48E65FE3C701B6010E941ABF4D
:1053C00087FF19C02DE534E741E55FE3C701B6016A
:1053D0000E9438C16B017C0120E030E042EF50E4D4
:1053E0000E9480BFA70196010E9480BF20E030E0AC
:1053F00040E75FE309CF27E13DE544E75FE3C7010D
:10540000B6010E9438C16B017C0120E030E042EF20
:1054100050E40E9480BFA70196010E9480BF20E057
:1054200030E04CE75FE3F0CEA7019601C701B6017B
:105430000E9439C14B015C0120E030E040E05FE3B5
:10544000C701B6010E941ABF87FF07C04DE150E0B7
:10545000C501B4010E944BA662CD20E030E040E8D7
:105460005FE3C501B4010E9438C14EE150E00E94E3
:105470004BA620E030E040E05FE30E9480BF20E0E8
:1054800030E040E05FE3C0CEFC0183A5882329F033
:1054900081E022A595A1291380E00895CF92DF92A3
:1054A000EF92FF920F931F93CF93DF93EC018CA1A8
:1054B0000E94569D21E0892B09F420E02EA30E9432
:1054C00032A168A379A38AA39BA3EEA12FA1E21323
:1054D0002DC191E098A798A59923F1F048A159A171
:1054E0006AA17BA1088919892A893B89DB01CA0144
:1054F000801B910BA20BB30B8C019D01C880D9803E
:10550000EA80FB80C016D106E206F30628F4E9A77C
:10551000488B598B6A8B7B8BEFA31BA629A58AA589
:105520002817C1F088A199A1AAA1BBA14C895D89C6
:105530006E897F89841B950BA60BB70B4C815D810F
:105540006E817F81481759076A077B0718F42AA7DD
:1055500081E08BA71FA6CE010E9444AA8823B9F040
:1055600088A199A1AAA1BBA1488D598D6A8D7B8D77
:10557000841B950BA60BB70B4C855D856E857F85CF
:1055800084179507A607B70708F4D6C018AA88A9F4
:105590001BA5811131C011112DC09AA58DA198179D
:1055A00041F1C88CD98CEA8CFB8C8C8D9D8DAE8D95
:1055B000BF8D8C199D09AE09BF09488559856A853B
:1055C0007B85481759076A077B0708F4B8C048A1CC
:1055D00059A16AA17BA14C195D096E097F0981E07F
:1055E000CC84DD84EE84FF844C155D056E057F055B
:1055F00008F480E08FA788ABCE010E9444AA8823DC
:10560000B9F048A159A16AA17BA1888D998DAA8D75
:10561000BB8D481B590B6A0B7B0B81E0CC84DD846E
:10562000EE84FF844C155D056E057F0508F080E073
:105630008EA71CA6112321F09AA58DA198131DA653
:105640008DA581111FC011111BC09AA58DA19813A2
:1056500078C048A159A16AA17BA1888D998DAA8D96
:10566000BB8D481B590B6A0B7B0B81E0C884D98426
:10567000EA84FB84C416D506E606F70608F080E047
:105680008CA78DA7112391F0C8A0D9A0EAA0FBA0F8
:10569000CC8ADD8AEE8AFF8ACE010E9444AA882342
:1056A00009F451C0C88ED98EEA8EFB8EE9A8FAA8FB
:1056B000E114F10409F44CC0CE010E9444AA8823ED
:1056C00009F446C08BAD9CADF7011995EDA9FEA973
:1056D000309741F08CA5882329F0DE01DF968D916B
:1056E0009C911995EFA9F8AD309749F08EA58823C4
:1056F00031F0DE01AF5BBF4F8D919C911995E9AD03
:10570000FAAD309749F08FA5882331F0DE01AD5B0B
:10571000BF4F8D919C9119958BA5DF91CF911F91D2
:105720000F91FF90EF90DF90CF90089518A6688BAF
:10573000798B8A8B9B8BCFCE81E088AB28CF812F52
:1057400059CF812F9DCFCC8EDD8EEE8EFF8EAECFCA
:10575000EBA9FCA9309709F4B9CF112309F4B6CF0E
:105760009AA58DA1981709F4B1CF8DAD9EADADCF9F
:105770008F929F92AF92BF92CF92DF92EF92FF9261
:105780000F931F93CF93DF93FC012085211110C04D
:1057900060E070E0CB01DF91CF911F910F91FF90FE
:1057A000EF90DF90CF90BF90AF909F908F90089533
:1057B000EC010E9432A129852111EACF8C809D80C5
:1057C000AE80BF80088119812A813B816B017C01F9
:1057D000C818D908EA08FB08C016D106E206F30685
:1057E000B8F6080D191D2A1D3B1D68017901C61A5E
:1057F000D70AE80AF90AC701B601CDCFCF92DF92E6
:10580000EF92FF921F93CF93DF93FC01108511114C
:105810000AC010E0812FDF91CF911F91FF90EF9090
:10582000DF90CF900895EC018185882319F01886C8
:105830001986F0CF0E9432A1CC80DD80EE80FF80FF
:105840006C197D098E099F09C880D980EA80FB8088
:105850006C157D058E059F0550F7DBCFCF93DF9349
:10586000EC01488359836A837B830E9432A16C8355
:105870007D838E839F8381E088871986DF91CF9116
:10588000089540E65AEE60E070E083ED97E00C94F6
:105890002EAC0F931F93CF93DF93EC010E9432A1A4
:1058A0008B019C018C819D81AE81BF814881598192
:1058B0006A817B81081B190B2A0B3B0B0417150708
:1058C0002607370738F4CE01DF91CF911F910F9152
:1058D0000C942EAC840F951FA61FB71F8C839D833D
:1058E000AE83BF8381E088871986DF91CF911F91B6
:1058F0000F9108951F920F920FB60F9211240BB6BD
:105900000F922F933F934F935F936F937F938F9358
:105910009F93AF93BF93EF93FF938091B900887FDC
:10592000803609F44DC008F040C0883209F4A9C09F
:1059300028F5803109F49DC0C8F4882309F4FBC020
:10594000883009F496C0FF91EF91BF91AF919F917C
:105950008F917F916F915F914F913F912F910F9018
:105960000BBE0F900FBE0F901F901895883109F451
:1059700088C0803241F780930C0C14C0803409F445
:105980009DC040F48033B9F38833E9F680930C0C62
:1059900085ECB0C0803509F485C0883509F496C01F
:1059A000883489F60E94EC9DCECF883909F48CC0EA
:1059B00038F5883729F050F4883611F0803719F619
:1059C00083E080930E0C1092D80B57C0883809F4EE
:1059D0007BC0803919F0803809F0B5CF8091D80BA1
:1059E000803208F071C0E091D80B81E08E0F809377
:1059F000D80B8091BB00F0E0E854F44F80833DC0A9
:105A0000803B39F0E0F4803A09F479C0883A09F033
:105A10009ACF84E080930E0C1092B70B1092B60BC5
:105A2000E091D90BF091DA0B19958091B60B8111A9
:105A30000FC081E08093B60B1092960B09C0803C9A
:105A400009F4A6CF883C09F4A3CF883B09F07BCFAB
:105A5000E091B70B81E08E0F8093B70BF0E0EA5630
:105A6000F44F80818093BB009091B70B8091B60B6F
:105A700029C08091E90B8093BB0085EC8093BC002A
:105A800062CF90910B0C80910A0C981758F5E09119
:105A90000B0C81E08E0F80930B0CF0E0E651F44F7D
:105AA0008081E9CFE0910B0C81E08E0F80930B0C8D
:105AB0008091BB00F0E0E651F44F808390910B0C95
:105AC00080910A0C9817C8F285E8D8CFE0910B0CAA
:105AD00081E08E0F80930B0C8091BB00F0E0E651CB
:105AE000F44F808380910D0C81115CCF81E0809315
:105AF000E80B84EA8093BC0010920E0C24CF85EC56
:105B00008093BC0010920E0C8091D80B803230F440
:105B1000E091D80BF0E0E854F44F10826091D80B7C
:105B200070E0E091DB0BF091DC0B88EB9BE01995CA
:105B30001092D80B08CF10920C0C34CF8F929F92FA
:105B4000AF92BF92CF92DF92EF92FF92CF93DF930B
:105B5000FC014A01AA24BB24C32ED42EE52EFF2427
:105B6000DC2DC22F8085982D882391F0C82FD0E09E
:105B7000C89DD001C99DB00DD89DB00D11249B2F9B
:105B80008C9D60011124DD2D829F90011124C32F73
:105B9000A685218532858385A81321C0AB01440FDA
:105BA000551F640F751F620F731FA385A60FB72FB4
:105BB000B11D9C93A485A60FB72FB11DDC938585DD
:105BC000680F711DFB01C083DF91CF91FF90EF90B3
:105BD000DF90CF90BF90AF909F908F900895660F09
:105BE000771F660F771F620F731FA60FB72FB11DA8
:105BF0001C92DBCF81EB94E00E94898A87E297E0D8
:105C00000E94DBA380910B0B90910C0B0E9419C595
:105C10008091080B9091090B97FD03C060E00E94F2
:105C2000249E8091210B9091220B0E9419C5809196
:105C30001E0B90911F0B97FD03C060E00E94249EF5
:105C40008091390B90913A0B009711F00E9419C581
:105C500080913B0B90913C0B009711F00E9419C56D
:105C60008091310B9091320B009711F00E9419C571
:105C70008091330B9091340B009711F00E9419C55D
:105C80008091350B9091360B009711F00E9419C549
:105C90008091370B9091380B009711F00E9419C535
:105CA00080913D0B90913E0B009711F00E9419C519
:105CB00080913F0B9091400B009711F00E9419C505
:105CC00082E08093570BE0914D0BF0914E0B309793
:105CD00059F095A586A510AA17A614A613A616A670
:105CE00015A6E92FF82FF3CF10924E0B10924D0B03
:105CF0001092500B10924F0B1092520B1092510BAE
:105D00001092540B1092530B1092640B1092650B6F
:105D10001092660B1092670B8091AF049091B004C3
:105D20008D549B4021F41092B0041092AF0408955A
:105D3000CF92DF92EF920F931F93CF93DF9368EE92
:105D400073E00E94E1C0EB016B0184EBC80ED11C33
:105D5000CB018D549F4F853B910510F00E944271FD
:105D6000CE018B549F4F813F910510F40E944271E8
:105D7000C6010E944271EE24E39410E000E020E0AE
:105D80004091060760E0C6010E944772B6018AEDA5
:105D900090E0DF91CF911F910F91EF90DF90CF9026
:105DA0000C94CF07833009F444C0B8F4823009F46E
:105DB00053C08091270290912802885E9340803DD5
:105DC00027E0920708F45BC0909328028093270293
:105DD0009093DF088093DE0817C08430B9F08530D7
:105DE00041F780911F0290912002885E9340803D90
:105DF00027E0920708F443C09093200280931F028B
:105E00009093E7088093E6080C9498AE8091210265
:105E100090912202885E9340803D27E0920778F1BE
:105E200090932202809321029093E5088093E408E6
:105E3000EBCF8091230290912402885E9340803DB5
:105E400027E09207E0F0909324028093230290933E
:105E5000E3088093E208D8CF809125029091260232
:105E6000885E9340803D27E0920748F09093260299
:105E7000809325029093E1088093E008C5CF0895B0
:105E8000833009F444C0B8F4823009F453C08091DF
:105E900027029091280288519C4F81362AEE920762
:105EA00008F05BC090932802809327029093DF084C
:105EB0008093DE0817C08430B9F0853041F78091B7
:105EC0001F029091200288519C4F81362AEE920742
:105ED00008F043C09093200280931F029093E7083C
:105EE0008093E6080C9498AE809121029091220252
:105EF00088519C4F81362AEE920778F590932202C2
:105F0000809321029093E5088093E408EBCF809181
:105F100023029091240288519C4F81362AEE9207E9
:105F2000E0F490932402809323029093E3088093FB
:105F3000E208D8CF809125029091260288519C4F8B
:105F400081362AEE920748F4909326028093250228
:105F50009093E1088093E008C5CF08958091CF0326
:105F60009091D00318161906B4F48091DE03909135
:105F7000DF030197039778F48091CE03882359F0CB
:105F800060910507062E000C770B8091D10390914C
:105F9000D2030C94EC9308958093D4032091CF0303
:105FA0003091D003121613063CF4682F8091D10370
:105FB0009091D2030C94C39308958091DE03909145
:105FC000DF0301970397B8F48091CE03882399F0FB
:105FD0008091CF039091D0031816190654F4809144
:105FE000D1039091D203843F21E0920710F00E94E8
:105FF000EE990E9439941092D3031092D50308951C
:106000008091030290910402019741F48091CD03A5
:106010008D7F8C3119F480E00E942065809192037D
:10602000882369F08091CD038D7F8C3141F480917C
:10603000790390917A03019711F40E9453690E94A9
:10604000C8710E949E6C8250823030F49091120A86
:1060500080910D0A981306C080E00E94927180E042
:106060000E94A7740C946365EF920F931F93809125
:106070001C02853010F510921C0280E490E00E9412
:106080004271E12C10E000E020E040E060E080E4BC
:1060900090E00E94477280911C0223E2829FC0011F
:1060A000112464E670E00E94F5C063526093050716
:1060B0001F910F91EF900C94AEAF855080931C020E
:1060C000EACFEF920F931F9380911C02803618F154
:1060D00084E680931C0280E490E00E944271E12CEF
:1060E00010E000E020E040E060E080E490E00E940A
:1060F000477280911C0223E2829FC001112464E652
:1061000070E00E94F5C06352609305071F910F91E4
:10611000EF900C94AEAF8B5F80931C02EACFEF92AE
:106120000F931F930E948F7D8091440B813009F45F
:1061300047C048F0823059F1833009F45CC01F91A8
:106140000F91EF90089585EC90E00E948A0980916C
:106150000602E12C10E000E020E04091060760E03C
:10616000882391F08BE991E00E94477240E050E073
:10617000BA018BE498E00E942EAC4EE551E060E05D
:1061800070E089E198E017C085E791E0EDCF88ECF9
:1061900090E00E948A09E12C10E000E020E04091AC
:1061A000060760E089E591E00E94477240E050E018
:1061B000BA018BE498E01F910F91EF900C942EACF4
:1061C00087EC90E00E948A09E12C10E000E020E0DA
:1061D0004091060760E08AE591E00E94477240E046
:1061E00050E0BA018BE498E00E942EAC4CE251E002
:1061F00060E070E0C6CF86EC90E00E948A09E12C56
:1062000010E000E020E04091060760E08BE591E0BF
:106210000E94477240E050E0BA018BE498E00E948F
:106220002EAC48EC50E060E070E0ABCFEF920F9303
:106230001F938091C9039091CA03039729F4809119
:10624000920381110E94B47D85E090E09093CA038F
:106250008093C9038091CE03882361F140ED57E01C
:1062600060E070E081EF98E00E942EAC83E591E061
:106270000E94427183E991E00E94427188E591E0B9
:106280000E944271EE24E39410E000E020E040918F
:10629000060760E087E591E00E9447728091440B19
:1062A000823041F420E04091060760E083E591E010
:1062B0000E9447728CE190E01F910F91EF900C9437
:1062C0008A09FC01108614821582168217821186B3
:1062D00010821182128213820895009711F481E0D6
:1062E00090E00C947DC48F929F92AF92BF92CF9218
:1062F000DF92EF92FF920F931F93CF93DF9300D023
:1063000000D000D01F92CDB7DEB71092EF031092ED
:10631000EE0348EE53E060E070E04093F0035093EA
:10632000F1036093F2037093F30386ED92E0909390
:10633000ED038093EC0325E331E03093F9032093E0
:10634000F80324E331E03093FB032093FA0320E3C6
:1063500031E03093FD032093FC0321E331E03093DF
:10636000FF032093FE0322E331E0309301042093E6
:10637000000426E331E030930304209302041092DA
:10638000050410920604109207041092080410925B
:106390003B0C10923A0C40933C0C50933D0C609394
:1063A0003E0C70933F0C9093390C8093380C2DEC7D
:1063B00030E03093450C2093440C2CEC30E03093CB
:1063C000470C2093460C28EC30E03093490C209386
:1063D000480C29EC30E030934B0C20934A0C2AEC0B
:1063E00030E030934D0C20934C0C2EEC30E0309389
:1063F0004F0C20934E0C1092510C1092520C109294
:10640000530C1092540C1092D80C1092D70C40934D
:10641000D90C5093DA0C6093DB0C7093DC0C9093E6
:10642000D60C8093D50C85EC90E09093E20C809391
:10643000E10C84EC90E09093E40C8093E30C80EC0E
:1064400090E09093E60C8093E50C81EC90E09093C3
:10645000E80C8093E70C82EC90E09093EA0C809338
:10646000E90C86EC90E09093EC0C8093EB0C10928E
:10647000EE0C1092EF0C1092F00C1092F10C91E0D7
:1064800090938A0D90938B0D34E030938C0D309364
:106490008D0D22E320938E0D8EE180938F0D4CE0C5
:1064A0004093900D82E08093910D8093920D209304
:1064B000930D1092940D9093950D2093960D40930B
:1064C000970D8093980D8093990D20939A0D1092BB
:1064D0009B0D10929C0D4DE040939D0D80939E0D61
:1064E00080939F0D2093A00D43E040939E048093E2
:1064F0009F048093A0041092A1041092A204109211
:10650000A3043093A4049093A5049093A6049093BD
:10651000A7042093A8044CE14093A9049093AA04F3
:106520009093AB048093920480939304809394049B
:1065300080939504809396048093970480939804A5
:106540008093990480939A0480939B049093890488
:1065500030938A0410928B0410928C0485E080930F
:106560008D0410928E0420938F04109290049093C7
:10657000720D3093730D1092740D1092750D8093FF
:10658000760D9093770D1092780D1092790D2093DF
:106590007A0D20937B0D20937C0D10927E0D10922E
:1065A0007D0D1092800D10927F0D1092820D109231
:1065B000810D1092840D1092830D1092860D109211
:1065C000850D8BE98093A40D88E08093A70D80E072
:1065D00091E09093A60D8093A50D0E946DB19093CC
:1065E000A90D8093A80D30E020E08091A50D909139
:1065F000A60D28173907E0F4C9016091A40D70E0D9
:1066000048E050E0FC01E078FF27880F991FEF2B4E
:1066100011F08627972741505109A1F7E091A80D65
:10662000F091A90DE20FF31F80832F5F3F4FDDCF65
:106630001092AD0D1092AC0D88EE93E0A0E0B0E0AA
:106640008093AE0D9093AF0DA093B00DB093B10DAC
:1066500088EE92E09093AB0D8093AA0D02E0009338
:10666000570B1092560B10924E0B10924D0B10922E
:10667000500B10924F0B1092520B1092510B109224
:10668000540B1092530B1092550B1092580B109202
:10669000590B10925A0B10925B0B10925C0B1092DC
:1066A0005D0B10925E0B10925F0B1092600B1092BC
:1066B000610B1092620B1092630B1092640B10929C
:1066C000650B1092660B1092670B11E01093680B2C
:1066D0000E94138BB0E0A0E08093690B90936A0B4B
:1066E000A0936B0BB0936C0B10926D0B10926E0B12
:1066F00010926F0B1092700B1092710B1092720B24
:106700001092730B1092740B1092570B8DE49BE058
:106710009093B0048093AF0485E394E69093B70D13
:106720008093B60D1093410B1093420B84E080933D
:10673000430B1092440B1092450B8FE78093460B4E
:1067400085E08093470B8093480B1092490B109281
:106750004A0B10924B0B83E080934C0B00932E0B53
:1067600086E090E09093300B80932F0B0E946DB1E8
:1067700090933A0B8093390B80912E0B90E00E94FE
:106780006DB190933C0B80933B0B80912E0B90E06E
:106790000E946DB19093320B8093310B80912E0B40
:1067A00090E00E946DB19093340B8093330B8091F5
:1067B0002E0B90E00E946DB19093360B8093350BB9
:1067C00080912E0B90E0880F991F0E946DB19093DD
:1067D000380B8093370B80912E0B90E0880F991F18
:1067E0000E946DB190933E0B80933D0B80912E0BD8
:1067F00090E00E946DB19093400B80933F0B20E09E
:1068000033E06FEF7FEF80912E0B281708F046C022
:10681000822F90E0E091390BF0913A0B239FE00D2D
:10682000F11D1124108211821282E0913B0BF09134
:106830003C0BE80FF91F1082E091310BF091320B05
:10684000E80FF91F1082E091330BF091340BE80F41
:10685000F91F1082E091350BF091360BE80FF91F0C
:106860001082AC01440F551FA091370BB091380B2B
:10687000A40FB51F6D937C93E0913D0BF0913E0BFF
:10688000E40FF51F1182108240913F0B5091400B95
:10689000840F951FFC0110822F5FB5CF4AE050E0B6
:1068A00062E370E088E19BE00E946DB74CE050E04D
:1068B00064E070E082E09BE00E946DB788EF9AE0B0
:1068C0000E9461B18EEE9AE00E9461B184EE9AE07E
:1068D0000E9461B18AED9AE00E9461B11092D00AE3
:1068E0001092D10A1092CF0A1092D70A1092D60AAB
:1068F0000E9432A16093C90A7093CA0A8093CB0A9E
:106900009093CC0A1092C50A1092C60A1092C70A38
:106910001092C80A1092C10A1092C20A1092C30AB9
:106920001092C40A8AE090E09093CE0A8093CD0A38
:106930001092D50A1092D40A1092D90A1092D80A4D
:106940001092D30A11E01093D20A87EB9AE00E94CA
:1069500061B162E082E79AE00E94CAB763E08DE22B
:106960009AE00E94CAB764E088EE99E00E94CAB734
:1069700066E383EA99E00E94CAB76CE38EE599E08A
:106980000E94CAB76DE389E199E00E94CAB78FE01F
:1069900099E00E9461B185E099E00E9461B18BEFBE
:1069A00098E00E9461B181EF98E00E9461B180910E
:1069B000F0088093EB088091EA088093EC088091BE
:1069C000E9088093ED088091E8088093EE088091B3
:1069D00029028093EF0880912702909128029093DA
:1069E000DF088093DE088091250290912602909323
:1069F000E1088093E0088091230290912402909313
:106A0000E3088093E2088091210290912202909302
:106A1000E5088093E40880911F02909120029093F2
:106A2000E7088093E60884ED98E00E9461B18AEC63
:106A300098E00E9461B185EA98E00E9461B18BE91B
:106A400098E00E9461B181E998E00E9461B187E815
:106A500098E00E9461B18DE798E00E9461B183E700
:106A600098E00E9461B189E698E00E9461B18FE5EB
:106A700098E00E9461B185E598E00E9461B18BE4E5
:106A800098E00E9461B181E498E00E9461B187E3DF
:106A900098E00E9461B18DE298E00E9461B183E2CA
:106AA00098E00E9461B189E198E00E9461B18FE0B5
:106AB00098E00E9461B185E098E00E9461B18BEF9F
:106AC00097E00E9461B181EF97E00E9461B187EE8B
:106AD00097E00E9461B18DED97E00E9461B183ED76
:106AE00097E00E9461B110926F07109270071092A8
:106AF000710710928F0710928E07109291071092D3
:106B00009007109294071092950710929607109292
:106B10009707109298078FEF9FEFDC0180939907FA
:106B200090939A07A0939B07B0939C0710929D07A0
:106B300010929E0710929F071092A0071092A10733
:106B40001092A2071092A3071092A4071092A50713
:106B50001092A6071092A7071092A8071092A907F3
:106B60001092AA071092AB071092AC071092AD07D3
:106B70001092AE071092AF071092B0071092B107B3
:106B80001092B2071092B3071092B4071092B50793
:106B90001092B6071092B7071092B8071092280704
:106BA0001092270710922A071092290710922C079B
:106BB00010922B0750E040E060E073E087E297E03E
:106BC0000E943D928DE197E00E9461B183E197E0E0
:106BD0000E9461B189E097E00E9461B180911E023C
:106BE000809308078093070780911D0243E2849FEA
:106BF000C001112424E630E0B9010E94F5C06352BF
:106C00006093060780911C02849FC0011124B90182
:106C10000E94F5C06352609305078EE78093E006FB
:106C20001092E1061092E2061092E3061092E4063A
:106C300081E88093E5061092E6061092E70610922E
:106C4000E9061092E8061092EB061092EA061092FE
:106C5000EC061092EF061092F0061092F1061092D8
:106C6000F2061092F3061092F4061092F5061092B6
:106C7000F6061092F7061092F8061092FD06109292
:106C8000FE061A86198686E0898387E08A838AE170
:106C90008B8381E18C838CE08D8389E08E8388E116
:106CA0008F8318878987FE0131969E01255F3F4FAC
:106CB000C12CD12C76018191460157018826BA2C2E
:106CC000A92C982C8824AA24BB24B501A401440F24
:106CD000551F661F771F482559256A257B25DB012F
:106CE000CA0112E0880F991FAA1FBB1F1A95D1F77E
:106CF00084279527A627B727AC01BD0104E0440FE0
:106D0000551F661F771F0A95D1F784279527A62759
:106D1000B727AC01BD014427507866277727D501F6
:106D2000C401B695A79597958795842B952BA62B8F
:106D3000B72BCD2CDE2CEF2CFF24C826D926EA2633
:106D4000FB26AC01BD011FE07695679557954795E9
:106D50001A95D1F7C426D526E626F726B695A79527
:106D600097958795C826D926EA26FB262E173F0732
:106D700009F0A1CFD092E304C092E2048AEF92E03E
:106D80009093B2048093B1048091B3048E7F80937A
:106D9000B3048091B3048D7F8093B3048091B304D6
:106DA0008B7F8093B3041092BC041092BD041092A8
:106DB000BE041092BF041092B4041092B504109255
:106DC000B6041092B7041092B8041092B90410924D
:106DD000BA041092BB041092DD041092DC041092ED
:106DE000DF041092DE041092E1041092E00410928D
:106DF000D2041092D3041092D4041092D5041092AD
:106E0000C1041092C0041092C2041092C3041092E4
:106E1000C4041092C5041092C6041092C7041092C4
:106E2000C8041092C90484E397E09093D704809338
:106E3000D6041092D9041092D8041092DB04109258
:106E4000DA0486E090E0A0E0B0E08093B404909390
:106E5000B504A093B604B093B7048091B4049091A4
:106E6000B504A091B604B091B7048093B804909390
:106E7000B904A093BA04B093BB040E9432A16093FA
:106E8000BC047093BD048093BE049093BF048FEF45
:106E90009FEFDC018093CE049093CF04A093D004A5
:106EA000B093D1048093CA049093CB04A093CC04F4
:106EB000B093CD042A960FB6F894DEBF0FBECDBFB7
:106EC000DF91CF911F910F91FF90EF90DF90CF90C6
:106ED000BF90AF909F908F900895CF92DF92EF92E6
:106EE000FF920F931F93CF93DF93EC016B01F42E6E
:106EF000E52E198218861F86188A198A1A8A81E057
:106F00008E878B871C8692E09D8788838B01000F7C
:106F1000111F060F171F1D830C83C8010E947DC41B
:106F20009A878987009789F1A80170E060E00E9444
:106F30008CC6DB82CA82FE82EF828981882341F07F
:106F400061E08F2D0E94249E60E08F2D0E947F9D26
:106F50008F2D9E2DFC01EC5EF34FE491F0E0EE0FDF
:106F6000FF1FE650F44F259134913C8B2B8BFC0195
:106F7000EC54F44FE491ED8BDF91CF911F910F9181
:106F8000FF90EF90DF90CF9008951D821C821B82AE
:106F90001A82D1CFCF93DF93EC01862F4AE050E0E5
:106FA00060E070E0488359836A837B8342E350E06A
:106FB00060E070E04C835D836E837F834CE251E040
:106FC00060E070E0488759876A877B874AEF50E026
:106FD00060E070E04C875D876E877F878CA31DA281
:106FE0001AAA19AA1CAA1BAA1EAA1DAA18AE1FAA71
:106FF0001AAE19AE1CAE1BAE1EAE1DAEFE01FF9644
:107000001182108232961182108232961182108281
:1070100062E00E94249E0E9432A16C8B7D8B8E8B3D
:107020009F8B8CA10E94569D21E0892B09F420E0C2
:107030002AA781E088ABCE01DF91CF910C944EAAB4
:10704000CF93DF93CDB7DEB7A0970FB6F894DEBF2E
:107050000FBECDBF789484B5826084BD84B5816055
:1070600084BD85B5826085BD85B5816085BD809113
:107070006E00816080936E0010928100809181008B
:107080008260809381008091810081608093810083
:10709000809180008160809380008091B100846045
:1070A0008093B1008091B00081608093B0008091A6
:1070B0009100826080939100809191008160809323
:1070C0009100809190008160809390008091A10058
:1070D00082608093A1008091A10081608093A100D3
:1070E0008091A00081608093A00080912101826046
:1070F0008093210180912101816080932101809101
:10710000200181608093200180917A0084608093C7
:107110007A0080917A00826080937A0080917A0070
:10712000816080937A0080917A00806880937A00F1
:107130001092C10090E080E00E94CF7C0E94609E8F
:1071400081E090E00E94CF7C0E94609E40E855E282
:1071500060E070E085ED9CE00E94D29540E855E249
:1071600060E070E088E39CE00E94D29588E39CE0B8
:10717000909300078093FF0682E390E0A0E0B0E0E8
:107180008093010790930207A0930307B09304072D
:1071900025ED3CE03093EE062093ED061092EF06CD
:1071A0008093F9069093FA06A093FB06B093FC0631
:1071B0000E94A08C80918100887F846080938100F0
:1071C00061E08BE00E94249E81E08093410B10924D
:1071D000490B10924A0B8091460B87788093460B9F
:1071E0008091CE03882309F475C283E080934C0B11
:1071F0008FE294E690931A0A8093190A1092240A57
:107200001092230A89E294E69093D5098093D409D9
:107210001092DF091092DE0980910101877F80932F
:107220000101809102018860809302018091010137
:107230008F7E809301018091020180618093020121
:107240001092DE0B1092DD0B0E94AD9D3CE1E32E0F
:107250003FE8F32EF092DA0BE092D90B0DE11FE834
:107260001093DC0B0093DB0B8CE08093B80081E083
:107270008093140C40E7D42ED092360C1092150C4B
:107280001092370C0E94B79F811126C28CE1809327
:10729000CD03D092C5081092DE0B1092DD0B109238
:1072A000150C1092370C0E94AD9DF092DA0BE09213
:1072B000D90B1093DC0B0093DB0B81E20E94EAA058
:1072C00081E80E94EAA080EA0E94EAA08FEE0E9474
:1072D000EAA00E94CEA0809101018062809301010A
:1072E00080910101806480930101089A099A0A9AA9
:1072F00061E08DE00E94249E61E08CE00E94249E6B
:10730000579A5F981092CC031092CB031092CA0345
:107310001092C90340E050E0BA0187E898E00E946B
:107320002EAC8091490B811105C08091460B87607E
:107330008093460B67E070E080E090E00E942BA411
:107340006093C8030E941B8781E00E94B37A0E9469
:10735000717D40E050E0BA0181EF97E00E942EACD1
:107360008091490B8D7F813039F081E08093410B12
:107370001092490B10924A0B0E943A7A0E94BF4D1C
:1073800044EF51E060E070E088EF9AE00E942EAC9C
:1073900040E050E0BA018FE098E00E942EAC80916E
:1073A000CE03882309F4A1C183E090E09093D80331
:1073B0008093D70381E08093C7031092170810923F
:1073C000180840ED57E060E070E08DE197E00E9422
:1073D0002EAC01EB14E01092C1041092C00422E024
:1073E000F22EF092570B1092560B10924E0B1092F9
:1073F0004D0B1092500B10924F0B1092520B10929B
:10740000510B1092540B1092530B1092550B10927B
:10741000580B1092590B10925A0B10925B0B109252
:107420005C0B10925D0B10925E0B10925F0B109232
:10743000600B1092610B1092620B1092630B109212
:10744000640B1092650B1092660B1092670B81E033
:107450008093680B0E94138BB0E0A0E08093690BCF
:1074600090936A0BA0936B0BB0936C0B10926D0B07
:1074700010926E0B10926F0B1092700B1092710B9A
:107480001092720B1092730B1092740B1092570B98
:107490008091E0049091E104892BC1F52091570B74
:1074A000F092570B8DE49BE09093E1048093E0040D
:1074B00080914D0B90914E0B892B09F01BC11093BD
:1074C0004E0B00934D0B1092DD041092DC041092D1
:1074D000DF041092DE0481EB94E09093500B8093D4
:1074E0004F0B8091640B9091650BA091660BB0914E
:1074F000670B0196A11DB11D8093640B9093650BE2
:10750000A093660BB093670B2093570BA091E004F8
:10751000B091E104109709F461C01092D204109266
:10752000D3041092D4041092D5048091B3048B7FBD
:107530008093B304E091D804F091D904309709F412
:10754000E4C08091B30481FDE0C014960D911C91BC
:10755000159781EB94E015969C938E9314978091E8
:10756000B30482608093B30419959091B30480FBB7
:1075700090F99093B3048091B3048D7F8093B3040A
:10758000E091E004F091E104158304838091B40458
:107590009091B504A091B604B091B7048093B8045B
:1075A0009093B904A093BA04B093BB040E9432A193
:1075B0000091B8041091B9042091BA043091BB0431
:1075C000601B710B820B930B6093BC047093BD0422
:1075D0008093BE049093BF048091B3048E010D5F2D
:1075E0001F4F1E8B0D8B8091D7039091D803823053
:1075F000910509F4CAC008F48EC0039709F4EBC0E2
:1076000080914D0B90914E0B9093520B8093510BA8
:107610001092580B1092590B10925A0B10925B0B50
:1076200010925C0B10925D0B10925E0B10925F0B30
:107630001092600B1092610B1092620B1092630B10
:107640008091560B811176C12090570B81E0809379
:10765000570B0E94138B988F8F8B33243394809118
:10766000550B811160C18091510B9091520B892B68
:1076700009F459C180915C0B90915D0BA0915E0B58
:10768000B0915F0B0196A11DB11D80935C0B90938F
:107690005D0BA0935E0BB0935F0B0E94138B2C01CC
:1076A000712C612C498E5A8E6B8E7C8EE091510B21
:1076B000F091520B85A596A59093540B8093530B94
:1076C000828180FD3AC1812C912C5401C12CD12C96
:1076D0007601F6C182E08ACD85E08093CD03819A60
:1076E000829A839A849A859AF6CD1092D803109242
:1076F000D7036FCEE0914F0BF091500BF093DD0468
:10770000E093DC0416A705A7E2CE8091B304816064
:107710008093B3043BCF8FE098E00E94FEAB8823B8
:1077200069F16091E2047091E30482E090E00E94CC
:10773000CF074EEE52E060E070E08FE098E00E94EC
:107740002EAC81E090E00E94CF7C61E070E00E946E
:10775000997B69837A838B83CE0101960E9416966A
:1077600081110FC00E94674C4F990DC05F9A8091A4
:10777000D6038A3018F48F5F8093D6030E945B3261
:107780003FCF81E0EFCF5F98F2CF85E098E00E9495
:10779000FEAB8823A1F06091E2047091E30481E0E4
:1077A00090E00E94CF074091050850910608609133
:1077B00007087091080885E098E00E942EAC0E94AE
:1077C000986D0E945B3280911B02882309F418CFC8
:1077D0000E94181215CF0E94986D8DE197E00E94CB
:1077E000FEAB882309F45DC080911B07811159C04D
:1077F0008091DE039091DF030197039708F051C059
:1078000040ED57E060E070E08DE197E00E942EAC23
:107810008091D1039091D203AD89BE89E2E11D929E
:10782000EA95E9F7F7E0F9839B838A8390E1492E93
:107830004D82CE0101960E945E928091D5038823ED
:1078400081F18091D40381112CC08091D3038111E7
:1078500028C089E097E00E94FEAB882311F1809157
:10786000DE039091DF030197039788F52091D10300
:107870003091D2038091920790919307281739078E
:1078800021F48091BC07811104C08091BD07882339
:10789000F1F040E45FE160E070E089E097E00E9491
:1078A0002EAC83E197E00E94FEAB882309F490CFD1
:1078B00010921B0710921C0740ED57E060E070E04B
:1078C0008DE197E00E942EAC0E94D27081CF109281
:1078D00025071092260710921107109212070E9496
:1078E000DDAF8091D1039091D20301962091CF0317
:1078F0003091D0032D503E4F2817390778F484EF8C
:10790000682E772473947092D2036092D10344EF6F
:1079100051E060E070E083E197E0C1CF9093D20343
:107920008093D103F4CF0E94138B8C01311063C17B
:107930002092570B0E944E9056CE8091580B9091FA
:10794000590BA0915A0BB0915B0B0196A11DB11D73
:107950008093580B9093590BA0935A0BB0935B0BE9
:10796000818D928DA38DB48D892B8A2B8B2B39F42D
:10797000BE016F5F7F4FCF010E940E8AA4CE0E948E
:1079800032A14B015C010091510B1091520BD801B7
:107990001396CD90DD90ED90FC9016971B964D912F
:1079A0005D916D917C911E9717968D919D910D9093
:1079B000BC91A02D24013501441A550A660A770AA4
:1079C000B301A201481759076A077B0708F47BCE69
:1079D000F801818D928DA38DB48D181619061A06A3
:1079E0001B065CF4818D928DA38DB48D0197A10946
:1079F000B109818F928FA38FB48FF80181A192A1D9
:107A0000A3A1B4A10196A11DB11D81A392A3A3A31B
:107A1000B4A3878590898130910509F480C00297CD
:107A200009F0D8C083869486A586B686D8011B96B1
:107A30004D915D916D917C911E97D701C601840F88
:107A4000951FA61FB71F88199909AA09BB09F80134
:107A5000818B928BA38BB48B841A950AA60AB70AE2
:107A6000858A968AA78AB08EC782D086E186F286FA
:107A70000E94138B6C01F12CE12CE091510BF091E1
:107A8000520B05A0F6A1E02D3097A9F01995809131
:107A9000600B9091610BA091620BB091630B01960A
:107AA000A11DB11D8093600B9093610BA093620B9D
:107AB000B093630B312C0E94138B4C01B12CA12C81
:107AC0008091530B9091540B9093520B8093510BD8
:107AD0000E94138B40916D0B50916E0B60916F0B58
:107AE0007091700B498C5A8C6B8C7C8C44195509A5
:107AF00066097709C40ED51EE61EF71EC80ED91EEC
:107B0000E11CF11CC818D908EA08FB08C0926D0BEB
:107B1000D0926E0BE0926F0BF092700BA0CD83852C
:107B20009485A585B6854781508561857285840FCA
:107B3000951FA61FB71F83879487A587B687838560
:107B40009485A585B6858C0D9D1DAE1DBF1D88191C
:107B50009909AA09BB09B7FF69CF26013701C114EA
:107B6000D104E104F10429F444244394512C612C00
:107B7000712CD8011B962D913D914D915C911E97D2
:107B80002D8F3E8F4F8F58A31B968D919D910D90F9
:107B9000BC91A02DA5019401281B390B4A0B5B0B4E
:107BA000CA01B9019201A3010E9486C0B201C301BA
:107BB0000E94B7C04D8C5E8C6F8C78A0640D751DD3
:107BC000861D971DD8011B966D937D938D939C9375
:107BD0001E972CCF83859485A585B68547815085D2
:107BE00061857285840F951FA61FB71F83879487B1
:107BF000A587B6871BCF8091680B882309F498CEA0
:107C00008091AF049091B0048D549B4009F090CEC8
:107C10008091B60D9091B70D892B09F489CE0E9401
:107C2000138B7C0130E020E0C901B8014F88588CEB
:107C30006419750981099109E091B60DF091B70DAC
:107C400019950E94138B4091710B5091720B6091AA
:107C5000730B7091740B480F591F611D711D4E19E4
:107C60005F09610971094093710B5093720B609326
:107C7000730B7093740B5CCE8F929F92AF92BF92F6
:107C8000CF92DF92EF92FF92CF93DF93EC01688166
:107C900079818A819B81611571058105910521F4A6
:107CA00064E279ED8BE597E02DE133EF41E050E0C0
:107CB0000E9454C049015A019B01AC01A7EAB1E4FA
:107CC0000E9473C06B017C01ACEEB4EFA50194017E
:107CD0000E9481C0C60ED71EE81EF91EF7FE06C020
:107CE00081E0C81AD108E10880E8F80AC882D98280
:107CF000EA82FB82C701B6019F77DF91CF91FF90A7
:107D0000EF90DF90CF90BF90AF909F908F900895AD
:107D10008F929F92AF92BF92CF92DF92EF92FF929B
:107D200060912A0270912B0280912C0290912D0279
:107D3000611571058105910521F464E279ED8BE50A
:107D400097E02DE133EF41E050E00E9454C049013B
:107D50005A019B01AC01A7EAB1E40E9473C06B0118
:107D60007C01ACEEB4EFA50194010E9481C0C60E67
:107D7000D71EE81EF91EF7FE06C081E0C81AD1081A
:107D8000E10880E8F80AC0922A02D0922B02E09221
:107D90002C02F0922D02C701B6019F77FF90EF9061
:107DA000DF90CF90BF90AF909F908F900895609399
:107DB0002A0270932B0280932C0290932D02089537
:107DC000FB01DC0105900D920020E1F70895FC0114
:107DD00005900020E9F7809590958E0F9F1F0895DC
:107DE000BB27FB015527AA27880F991FAA1FA41795
:107DF00010F0A41B83955051B9F7A05DAA3308F089
:107E0000A95DA193009779F7B111B1931192CB01BC
:107E10000C940ABFDC01FC01672F71917723E1F715
:107E2000329704C07C916D9370836291AE17BF0747
:107E3000C8F308950E945CBF08F481E00895E894B7
:107E400009C097FB3EF490958095709561957F4FA2
:107E50008F4F9F4F9923A9F0F92F96E9BB27939550
:107E6000F695879577956795B795F111F8CFFAF460
:107E7000BB0F11F460FF1BC06F5F7F4F8F4F9F4F91
:107E800016C0882311F096E911C0772321F09EE8EF
:107E9000872F762F05C0662371F096E8862F70E055
:107EA00060E02AF09A95660F771F881FDAF7880F2F
:107EB0009695879597F90895990F0008550FAA0B85
:107EC000E0E8FEEF16161706E807F907C0F01216ED
:107ED0001306E407F50798F0621B730B840B950BF0
:107EE00039F40A2661F0232B242B252B21F4089545
:107EF0000A2609F4A140A6958FEF811D811D0895E2
:107F00000E9493BF0C9404C00E94F6BF38F00E94F8
:107F1000FDBF20F0952311F00C94EDBF0C94F3BF3E
:107F200011240C9438C00E9415C070F3959FC1F3C2
:107F3000950F50E0551F629FF001729FBB27F00D17
:107F4000B11D639FAA27F00DB11DAA1F649F66276C
:107F5000B00DA11D661F829F2227B00DA11D621FBB
:107F6000739FB00DA11D621F839FA00D611D221F75
:107F7000749F3327A00D611D231F849F600D211D59
:107F8000822F762F6A2F11249F5750409AF0F1F0DC
:107F900088234AF0EE0FFF1FBB1F661F771F881F45
:107FA00091505040A9F79E3F510580F00C94EDBFD1
:107FB0000C9438C05F3FE4F3983ED4F386957795F0
:107FC0006795B795F795E7959F5FC1F7FE2B880FEB
:107FD000911D9695879597F9089597F99F6780E881
:107FE00070E060E008959FEF80EC089500240A940B
:107FF0001616170618060906089500240A94121684
:108000001306140605060895092E0394000C11F4B6
:10801000882352F0BB0F40F4BF2B11F460FF04C063
:108020006F5F7F4F8F4F9F4F089557FD9058440FBC
:10803000551F59F05F3F71F04795880F97FB991FC7
:1080400061F09F3F79F08795089512161306140684
:10805000551FF2CF4695F1DF08C016161706180611
:10806000991FF1CF86957105610508940895E894EC
:10807000BB2766277727CB0197F90895F999FECF9B
:1080800092BD81BDF89A992780B50895262FF99958
:10809000FECF1FBA92BD81BD20BD0FB6F894FA9AEB
:1080A000F99A0FBE01960895052E97FB1EF40094D1
:1080B0000E946BC057FD07D00E9486C007FC03D00A
:1080C0004EF40C946BC050954095309521953F4FE0
:1080D0004F4F5F4F089590958095709561957F4FB4
:1080E0008F4F9F4F08950E94A8C0A59F900DB49FE9
:1080F000900DA49F800D911D11240895B7FF0C943D
:1081000073C00E9473C0821B930B0895A1E21A2EC4
:10811000AA1BBB1BFD010DC0AA1FBB1FEE1FFF1F2B
:10812000A217B307E407F50720F0A21BB30BE40B7B
:10813000F50B661F771F881F991F1A9469F76095C2
:108140007095809590959B01AC01BD01CF0108957C
:10815000A29FB001B39FC001A39F700D811D112488
:10816000911DB29F700D811D1124911D0895DB0199
:108170008F939F930E9473C0BF91AF91A29F800D78
:10818000911DA39F900DB29F900D11240895991BEE
:1081900079E004C0991F961708F0961B881F7A95FE
:1081A000C9F78095089587FB082E062687FD8195DF
:1081B00067FD61950E94C7C00EF4919507FC8195FB
:1081C0000895AA1BBB1B51E107C0AA1FBB1FA6171E
:1081D000B70710F0A61BB70B881F991F5A95A9F770
:1081E00080959095BC01CD01089597FB072E16F45C
:1081F000009407D077FD09D00E94E1C007FC05D0AC
:108200003EF4909581959F4F0895709561957F4FAD
:108210000895EE0FFF1F881F8BBF0790F691E02D8A
:1082200019942A0D3B1D4C1D5D1D6E1D7F1D801F69
:10823000911F08952A193B094C095D096E097F09B0
:10824000800B910B08952A153B054C055D056E05C5
:108250007F058007910708950024A7FD00942A1741
:1082600030054005500560057005800590050895AE
:108270005058BB27AA270E9450C10C9404C00E94EA
:10828000F6BF38F00E94FDBF20F039F49F3F19F48B
:1082900026F40C94F3BF0EF4E095E7FB0C94EDBFCD
:1082A000E92F0E9415C058F3BA17620773078407B5
:1082B000950720F079F4A6F50C9437C00EF4E095FC
:1082C0000B2EBA2FA02D0B01B90190010C01CA0190
:1082D000A0011124FF27591B99F0593F50F4503E3B
:1082E00068F11A16F040A22F232F342F4427585F2D
:1082F000F3CF469537952795A795F0405395C9F745
:108300007EF41F16BA0B620B730B840BBAF09150FC
:10831000A1F0FF0FBB1F661F771F881FC2F70EC09B
:10832000BA0F621F731F841F48F48795779567956E
:10833000B795F7959E3F08F0B0CF9395880F08F05A
:108340009927EE0F9795879508950E944DC2E39562
:108350000C9476C20E94BEC10C9404C00E94FDBF62
:1083600058F00E94F6BF40F029F45F3F29F00C94CA
:10837000EDBF51110C9438C00C94F3BF0E9415C08E
:1083800068F39923B1F3552391F3951B550BBB2744
:10839000AA2762177307840738F09F5F5F4F220F89
:1083A000331F441FAA1FA9F335D00E2E3AF0E0E880
:1083B00032D091505040E695001CCAF72BD0FE2FCA
:1083C00029D0660F771F881FBB1F2617370748075E
:1083D000AB07B0E809F0BB0B802DBF01FF27935816
:1083E0005F4F3AF09E3F510578F00C94EDBF0C942E
:1083F00038C05F3FE4F3983ED4F386957795679550
:10840000B795F7959F5FC9F7880F911D969587954A
:1084100097F90895E1E0660F771F881FBB1F621769
:1084200073078407BA0720F0621B730B840BBA0B27
:10843000EE1F88F7E09508950E941DC088F09F57B1
:1084400098F0B92F9927B751B0F0E1F0660F771F78
:10845000881F991F1AF0BA95C9F714C0B13091F06E
:108460000E9437C0B1E008950C9437C0672F782F71
:108470008827B85F39F0B93FCCF386957795679533
:10848000B395D9F73EF490958095709561957F4F9F
:108490008F4F9F4F08950C94F3BF0E941DC0D8F3D7
:1084A000E894E0E0BB279F57F0F02AED3FE049EC6D
:1084B00006C0EE0FBB0F661F771F881F28F0B23A69
:1084C00062077307840728F0B25A620B730B840BA0
:1084D000E3959A9572F7803830F49A95BB0F661F32
:1084E000771F881FD2F790480C9469C3EF93E0FF81
:1084F00007C0A2EA2AED3FE049EC5FEB0E9450C1C1
:108500000E9404C00F90039401FC9058E4EEF0E048
:108510000C94A3C30E945CBF08F48FEF0895FA0186
:10852000EE0FFF1F309621053105A1F16115710590
:1085300061F48038BFE39B0749F168949038810566
:1085400061F08038BFEF9B0741F099234AF5FF3F68
:10855000E1053105210519F1E8940894E795D90161
:10856000AA2329F4AB2FBE2FF85FD0F310C0FF5F12
:1085700070F4A695E0F7F73950F019F0FF3A38F4A7
:108580009F779F930DD00F9007FC9058089546F069
:108590000C94F3BF60E070E080E89FE308954FE73C
:1085A0009F775F934F933F932F930E9401C42F9126
:1085B0003F914F915F910E9480BF0C9435C39F9370
:1085C0000E944DC20F9007FCEE5F0C9476C219F426
:1085D00016F40C94F3BF0C9467C30E941DC0B8F34B
:1085E0009923C9F3B6F39F57550B87FF0E9475C3B4
:1085F0000024A0E640EA900180585695979528F40B
:10860000805C660F771F881F20F026173707480702
:1086100030F4621B730B840B202931294A2BA69559
:1086200017940794202531254A2758F7660F771F9E
:10863000881F20F026173707480730F4620B730BAA
:10864000840B200D311D411DA09581F7B901842FA8
:108650009158880F96958795089529F416F00C94F3
:10866000EDBF0C9437C00C94F3BF0E941DC0A8F35B
:108670009638A0F707F80F92E8942BE33AEA48EB14
:108680005FE70E9496BF0F920F920F924DB75EB7B1
:108690000F920E9449C4E2E0F1E00E947CC34F9136
:1086A0005F91EF91FF91E595EE1FFF1F49F0FE5797
:1086B000E0684427EE0F441FFA95E1F74195550B0A
:1086C0000E94C3C30F9007FE0C94B7C308959F3F49
:1086D00031F0915020F4879577956795B795880F7D
:1086E000911D9695879597F9089591505040660F82
:1086F000771F881FD2F70895DF93CF931F930F93AF
:10870000FF92EF92DF927B018C01689406C0DA2E13
:10871000EF010E9493BFFE01E894A5912591359148
:1087200045915591A6F3EF010E9450C1FE019701BA
:10873000A801DA9469F7DF90EF90FF900F911F91F5
:10874000CF91DF9108959F938F937F936F93FF93C2
:10875000EF939B01AC010E9480BFEF91FF910E94BB
:108760007CC32F913F914F915F910C9480BF9B01EF
:10877000AC0160E070E080E89FE30C94AAC10C9427
:10878000EDBF0C9467C30E941DC0D8F39923C9F3B1
:10879000940F511DA3F39150504094F059F0882349
:1087A00032F0660F771F881F91505040C1F79E3FEF
:1087B00051052CF7880F911D9695879597F9089587
:1087C0005F3FACF0983E9CF0BB2786957795679508
:1087D000B79508F4B1609395C1F7BB0F58F711F442
:1087E00060FFE8CF6F5F7F4F8F4F9F4FE3CF0C94B9
:1087F00038C016F00C9467C30C94F3BF68940C94C3
:10880000EDBF0E941DC0A8F39923C1F3AEF3DF931F
:10881000CF931F930F93FF92C92FDD2788232AF050
:108820002197660F771F881FDAF720E030E040E8D5
:108830005FEB9FE3883920F0803E38F021968F77F8
:108840000E9439C1EAE2F1E004C00E9439C1E7E5C3
:10885000F1E00E947CC38B01BE01EC01FB2E6F573F
:1088600071097595771F880B990B0E9421BF28E12C
:1088700032E741E35FE30E9493BFAF2D9801AE0161
:10888000FF900F911F91CF91DF910E9450C10C94E6
:1088900004C0FA01DC01AA0FBB1F9B01AC01BF574A
:1088A00028F4222733274427507820C0B75190F46A
:1088B000AB2F0024469537952795011CA395D2F33D
:1088C000002071F0220F331F441FB395DAF30ED04E
:1088D0000C9438C161307105A0E88A07B94630F4BC
:1088E0009B01AC016627772788279078309621F086
:1088F000208331834283538308950F931F93CF9333
:10890000DF938230910510F482E090E0E091BA0D9F
:10891000F091BB0D30E020E0B0E0A0E0309799F49A
:108920002115310509F44AC0281B390B24303105C3
:10893000D8F58A819B816115710589F1FB019383CB
:108940008283FE0111C04081518102811381481749
:108950005907E0F04817590799F4109761F01296FB
:108960000C93129713961C933296CF01DF91CF91FF
:108970001F910F9108950093BA0D1093BB0DF4CF82
:108980002115310551F04217530738F0A901DB01D9
:108990009A01BD01DF01F801C1CFEF01F9CF90933A
:1089A000BB0D8093BA0DCDCFFE01E20FF31F819373
:1089B00091932250310939832883D7CF2091B80D64
:1089C0003091B90D232B41F42091300230913102C6
:1089D0003093B90D2093B80D20912E0230912F02C3
:1089E0002115310541F42DB73EB740913202509127
:1089F0003302241B350BE091B80DF091B90DE2174D
:108A0000F307A0F42E1B3F0B2817390778F0AC01B1
:108A10004E5F5F4F2417350748F04E0F5F1F50938E
:108A2000B90D4093B80D819391939FCFF0E0E0E0B2
:108A30009CCFCF93DF930097E9F0FC01329713822C
:108A40001282A091BA0DB091BB0DED0130E020E093
:108A50001097A1F420813181820F931F2091B80DCE
:108A60003091B90D2817390709F061C0F093B90D9D
:108A7000E093B80DDF91CF910895EA01CE17DF079B
:108A8000E8F54A815B819E0141155105B1F7E90185
:108A9000FB83EA8349915991C40FD51FEC17FD0759
:108AA00061F4808191810296840F951FE901998379
:108AB0008883828193819B838A83F0E0E0E0129631
:108AC0008D919C9113970097B9F52D913C91119739
:108AD000CD010296820F931F2091B80D3091B90DF0
:108AE0002817390739F6309751F51092BB0D1092BF
:108AF000BA0DB093B90DA093B80DBCCFD383C28388
:108B000040815181840F951FC817D90761F44E5FCA
:108B10005F4F88819981480F591F518340838A8113
:108B20009B81938382832115310509F0B0CFF093A7
:108B3000BB0DE093BA0D9ECFFD01DC01C0CF1382C7
:108B40001282D7CF4F925F926F927F928F929F92B5
:108B5000AF92BF92CF92DF92EF92FF920F931F934B
:108B6000CF93DF938C01009799F4CB01DF91CF91E4
:108B70001F910F91FF90EF90DF90CF90BF90AF903B
:108B80009F908F907F906F905F904F900C947DC4DA
:108B9000FC01E60FF71F9C0122503109E217F30791
:108BA00008F4AEC0D901CD91DC911197C617D70753
:108BB00020F1C530D10578F0CE01049786179707CC
:108BC00050F0C61BD70B2297C193D1936D937C9322
:108BD000CF010E9419C5C801DF91CF911F910F915C
:108BE000FF90EF90DF90CF90BF90AF909F908F90CD
:108BF0007F906F905F904F9008955B01AC1ABD0A13
:108C00004C018C0E9D1EA091BA0DB091BB0D512C44
:108C1000412CF12CE12C109731F58091B80D9091F9
:108C2000B90D8815990509F05CC04616570608F07D
:108C300058C080912E0290912F02009741F48DB779
:108C40009EB74091320250913302841B950BE81776
:108C5000F90708F055C0F093B90DE093B80DF9018C
:108C600071836083B8CF8D919C91119712966C900F
:108C7000129713967C901397A815B90559F56C01B6
:108C800042E0C40ED11CCA14DB0420F1AC014A1925
:108C90005B09DA011296159780F062827382518324
:108CA0004083D9016D937C93E114F10471F0D701F5
:108CB0001396FC93EE9312978ECF22968C0F9D1FE6
:108CC000F90191838083F301EFCFF093BB0DE09323
:108CD000BA0D81CF4816590608F42C017D01D30145
:108CE0009ACFCB010E947DC47C01009749F0AE0170
:108CF000B8010E9483C6C8010E9419C587016BCFC5
:108D000010E000E068CFFB01DC0102C001900D9291
:108D100041505040D8F70895DC0101C06D93415097
:108D20005040E0F70895FB01DC0101900D92002016
:108D3000E1F7089516E0CEE2D6E000E006C0802F0D
:108D4000FE010E9409C12196011DCF32D10780E0AA
:088D50000807A9F7F894FFCF12
:108D5800920001010001010101040101011C03301D
:108D68000164FEC805641000001001016464BA3093
:108D780075B888409C50C360EA01010000000000FB
:108D8800BC0D800039014D017701B301F401710276
:108D98009A02038099B2CC00010100010000010190
:108DA8000000010001010000050A0C040C24240045
:108DB800070605040301020302030405FE01020479
:108DC800081020400064F00000006000FF0165F01A
:108DD80000000FD200FF0066F00000916000FF0065
:108DE80067F0000000D200FF006830000218200081
:108DF800FF0069060004A09200FF006A30000132FB
:108E0800FF1CFF006B30000132FF00FF006C3000D8
:108E18000300050080006D300003000500FF00001E
:108E2800000000000000E18F1E8F648F2E90958F48
:108E3800738F878F00000000F590C89024919E9052
:108E4800C190AE909F9000000000898A098B0D0A9E
:108E5800004552524F523A205354414C45205041FC
:108E6800434B4554004552524F523A205041594CB9
:108E78004F41445F4552524F52004552524F523A69
:108E8800204352435F4552524F52004552524F526F
:108E98003A2053544F505F425954455F4552524F00
:108EA80052004552524F523A20556E646566696EBB
:0A8EB8006564207374617465200086
:00000001FF
